














630102200108257687
630102200410231920
630102200403226429
630102200409156580
630102200011300407
630102199907287836
630102200009257809
630102200601226884
630102200112136140
630102199911151149
630102200509017799
630102200603089262
63010220020920113X
630102200203060882
630102199804293360
630102200101110148
630102200402124412
630102200701125108
630102200703189535
630102200511301430
630102200510077473
630102199807213039
630102200612235073
630102200303284517
630102200102082011
630102200209220496
63010220050508322X
630102200511225167
630102200307157929
63010220060606989X
630102200307207228
630102200703256064
630102200502157190
630102200110116285
630102200111237118
630102200707218049
630102200506040555
630102200006268916
63010219990327494X
630102199803054018
630102200704074879
630102200508018909
630102200501042324
630102199912083547
630102200412177964
630102200510262572
630102200501073200
630102200408232158
630102200608202439
630102199908219667
630102200411034937
630102199810195425
630102200007077564
630102200505091836
630102200505255298
630102200101266185
630102200006284369
630102200404201004
630102200502262791
630102199810104300
630102200401219591
630102199908029804
630102200003035260
630102199911160168
630102200204226530
630102200306168351
630102200407273521
630102200312212849
630102200207145138
630102200703101556
630102200401253378
630102200110125587
630102200311117241
630102199902049783
630102200403312212
630102200604173167
630102200311095265
630102200702011372
63010219991111898X
630102200007102184
630102200210094992
630102200702097524
630102199808112790
630102199807076513
630102200205216000
630102199909196540
630102199909021839
630102200612151961
630102200209126977
630102200109110636
63010220030510361X
630102200112190585
630102200103014176
630102200607155298
630102200510175540
630102200006244658
630102200701191578
630102200001142839
630102200401313916
630102200212032111
630102200707168598
630102200603210093
630102200703013265
630102200111301124
630102200005122886
630102200401080067
63010220070706377X
630102199810159918
630102200302091326
630102199803130017
630102200206230058
630102200610090085
630102199908311842
630102200608219011
630102199810025055
630102200307313610
630102200211260964
630102199909133996
630102200110034896
63010220070927882X
630102200309056398
630102200504019891
630102200209265707
63010220041222322X
630102200704243580
63010220050518029X
630102199809291866
630102200608163775
630102200511170047
630102200606129979
630102200101184307
630102199903201302
630102200103175236
630102200411192708
630102200202161470
63010219990815703X
630102199805106838
630102199908291431
630102200404088355
630102200708060327
630102199901306485
630102200703211712
630102200407115937
630102200410146101
630102200105146973
630102199908093611
630102200411082728
630102200303039597
630102199811186555
630102200305211725
630102200407115398
630102199904049787
630102200203199577
630102200010074057
630102200707210143
630102199812125199
630102199904293835
630102200212127591
630102200701085679
630102199809094678
630102200610206252
63010220051105939X
63010219980429702X
630102200502250600
630102200001218004
630102200708157970
630102200203197555
630102200302189577
630102200603037091
630102200202113524
630102200705041083
630102200001075568
630102200011013061
630102200108122598
630102200212157889
630102200610292437
630102200404202859
63010219981106198X
630102199811197529
630102200309149631
630102200707052253
630102200103235841
630102200412014890
630102199712175324
63010219990401877X
630102199905245173
630102200701132738
630102200612224745
630102200612144307
630102199905141251
630102200511170223
630102200508258574
630102200004245139
630102200308091722
630102199808235395
630102200701180799
63010219990527410X
630102200011113353
630102200404122648
630102200512211787
630102200511085045
630102200211225907
63010220030306539X
63010220051007300X
630102200410119680
630102200106017524
630102200311262684
630102200209035127
630102199712269873
630102199906222563
630102200206221266
630102200303105451
630102200106157391
630102200102160542
630102200704189991
630102200510026422
630102200610230869
630102200407113608
630102200401240104
630102200702014100
630102200006285791
63010220060326258X
630102200206303894
630102200309171249
630102199903095220
630102199908097815
630102199912282853
630102199711047021
630102199805311145
630102200407261782
630102199809197642
630102200410279617
630102200402232149
630102200511023194
630102199710067741
630102200307235480
630102200007085150
630102200311157235
630102200203190839
630102200110125691
630102200707261426
630102200307314533
63010220040210960X
630102200204024269
630102200708254754
630102200207015798
630102200505261970
630102200505312301
630102200204129124
630102200703202971
630102200410205490
630102200307281495
630102200210038229
630102200401129879
630102199809052347
63010220030918367X
630102200212235402
630102200305024604
630102200608153155
630102199901313650
630102200608303213
630102200206067596
63010220060901136X
630102200704211546
630102199804103088
63010220030907377X
630102199909070489
630102200006216104
630102199902112789
63010220020212029X
630102200707297306
630102199907104374
630102200401259120
630102200006057166
630102199806047606
630102200206135077
630102199806186198
630102200703070649
630102200205311059
630102200702266594
630102200106234764
630102199904244136
630102200208039097
63010220031106133X
63010220070831477X
630102200305295201
630102200610218982
630102199805254793
630102200408211912
630102199808087345
630102200410014264
630102200308245920
63010220011121045X
630102199712016657
630102200101307215
630102200102233449
630102200610182748
630102199911168450
630102199806097048
630102200604026765
630102200004176284
630102200305057916
630102200211169933
630102200407190654
630102200608014040
630102200002284783
630102200612308420
63010220030804845X
630102200503028323
630102200701227884
630102199906082302
630102200402111865
630102200608177229
630102200404157568
630102200106268788
630102199804255444
630102199806156124
630102199809035774
63010219991003643X
630102200111175682
630102200601071755
630102199810173349
630102200405264955
630102199806191034
630102200210260495
630102200003245284
630102200612015476
630102200007015873
630102199902021326
630102200705091021
630102200504116720
630102200606124078
630102200407289080
630102199809218554
630102200112101650
630102200108290348
630102200301152692
630102200102167728
630102200709029014
630102200404035755
630102199909194326
630102200103123719
630102200512231614
630102200208249756
630102200209192720
630102200512109395
630102200004289078
63010220000102084X
630102200208159590
630102200701248618
630102200503102618
630102200601038752
630102200202194483
630102200412274668
630102200404308813
630102199903092054
630102200111216288
630102200410278649
630102199809106747
630102200205059439
630102200209295260
630102200603179620
630102200603080823
630102200207282458
630102199808262959
630102200006292887
630102200002212122
630102199907267798
630102200608208582
630102199710167910
630102199910038195
630102199806150611
630102199808091643
630102200202061648
630102200411221927
630102200110067444
63010220010225686X
63010220000824415X
63010220040422779X
630102200103278219
630102199811285297
630102200303017195
630102200512022804
630102200702119949
630102200311226122
630102200512037723
630102200609235830
630102200010148124
630102199910284011
630102200507087427
630102200601126699
630102199710253317
630102199907223832
630102199712251163
630102200204207938
630102199807232803
630102199809289440
630102199802170527
630102200609223418
630102200112196004
630102200012238430
630102200505016107
630102200105211667
630102200610043326
630102199905033023
630102199908307923
630102200205206179
630102200705168658
630102199911216125
630102200701285187
63010220010301933X
63010220020628016X
630102200408205985
630102200409151480
630102200406094791
630102200705038458
630102200306289348
630102200709038017
63010220020611724X
630102199908163587
630102200202169122
630102200007032307
630102200609245705
630102199803173500
630102200308175600
630102200103183965
630102200610199806
63010220051004011X
630102200501219433
630102200206216993
63010220040201677X
630102200011068986
630102200105301603
630102200306117685
630102200112072773
630102200401224358
630102199901148747
630102200504023479
630102199909071529
630102200011269163
630102200402224392
630102200604305123
630102200012147045
630102200309188470
630102200103095076
630102200105068514
630102200205197604
630102200109168248
630102200606033811
630102200108034811
630102200209078151
630102200309137630
630102200210103908
630102200411134364
630102200511037254
630102200209066302
630102200503108972
63010220040414779X
630102200706169783
630102200005065068
630102199902084634
630102199806135630
630102199811061090
630102199906172113
630102200703067909
630102199911299637
630102199805136789
630102200612292043
630102199909082850
630102199811150165
630102200310100739
630102200704200409
630102200404274035
630102200005276498
630102200503203216
630102199903049873
630102200203243582
630102200503211574
630102200703040255
630102200002068773
630102200705103619
630102200402014459
630102200203161253
630102200004041849
630102200308036045
63010220010808865X
630102200309277326
630102199802188890
630102200109061168
63010219991115987X
630102200003243406
630102200011290640
630102200509024868
63010219980725640X
630102200003099213
630102200408044851
630102200707185953
630102199901252798
630102200308164901
630102200412240089
630102200406019863
630102200203022114
630102200511177521
630102200305277724
630102200510159081
630102200307067675
63010220070408759X
630102199804279526
630102200311125444
630102200702242007
630102200104302508
630102200201057081
630102200408241804
630102200511074514
630102199811268745
630102200104219771
630102200607081807
630102199801164475
630102200210304590
630102200112018347
63010219990223505X
630102199802206649
630102200005118609
630102200111284053
630102199806170962
630102200408012411
630102200207070973
630102200607033856
630102199804135012
630102200109035875
630102200105277332
630102200303134295
630102200702036801
63010219980417832X
630102200110152702
630102200502140655
630102200610132062
630102200506073437
630102200206233726
630102200211038757
630102200105118243
630102200504249662
630102200412187783
630102200405260225
630102200206211738
630102200504240457
630102199909039908
630102200610066376
630102200502106043
630102200411211235
630102200508152243
630102200509231779
630102200202072988
63010220000312241X
630102200006193846
630102200410015494
630102200003169509
63010220010421193X
63010220010314806X
630102200610075408
630102200208167400
630102200610053743
630102200305023302
630102200508028875
630102200410140287
630102200412217516
63010220041101360X
63010220020615530X
630102199909034533
630102200504033458
630102200308046067
630102200203106844
630102199807016000
63010220011022055X
630102199805240359
630102200307297139
630102200708279193
630102200403283693
630102200408106434
630102200411175254
630102200509119031
630102199810119692
630102200010162671
630102200104167553
630102200012067598
63010219971119892X
630102200107071717
630102200103086540
63010220010804979X
630102200307276151
63010220030608318X
630102200110146134
630102200211093510
630102200302083895
630102200702011049
630102200005294207
630102199801209725
630102200008138971
630102200510034588
630102200701236799
630102200008152845
630102200211195015
630102199801251464
630102200307284952
63010220030113083X
63010220060805275X
630102200605290816
630102200009152003
63010220000114341X
630102200207291071
630102200607017637
630102200509173994
630102200603242597
630102200303074683
630102199805035603
630102200112146103
630102200502031336
630102200007303402
630102199910113714
630102200309013320
630102200511299545
630102200205071657
630102200005184059
630102199801221791
630102200511162493
630102200110155612
630102200708144029
630102200008013319
630102200501289722
630102199810176187
630102199804172286
630102200110260965
630102199904225664
630102200704174490
630102199804248738
630102200411205388
630102200303257076
63010220030314299X
630102199710274660
630102200303084494
630102200001284511
630102200604277740
630102200012150906
630102200301062224
630102200301099027
630102200204280473
630102200106078773
630102200504154399
630102200610254713
630102199904196082
630102200505092951
630102200608229981
630102200308075087
630102200608012192
63010219980417859X
630102200102255306
630102200105015084
630102200611034982
630102200403063105
630102200104162357
630102200105206913
630102200407288256
630102200203214239
630102200408314305
63010219990304647X
630102200212194225
63010220001207371X
630102199902169646
630102200403176011
630102200702275562
630102200210159530
63010220051214203X
630102199808060142
630102200001175737
630102200002080166
630102199802058498
630102200008195837
630102200506241170
630102199902011144
630102200202106121
630102199901155402
63010220070501400X
630102200202152056
630102199803218895
630102199811077965
630102200108183382
630102200706265222
63010220040513494X
630102200005013866
630102200112021124
630102200112171552
630102200008057602
630102200607220758
630102200312206772
63010219980318914X
630102200409286799
630102200504276214
630102200312285140
630102200003307879
630102200409264493
63010220040816321X
630102200409169437
630102199712248386
63010220051126246X
630102200412295362
630102200009076565
630102200407146143
630102200610161920
630102200707251578
630102200608194424
630102200503240148
630102200203286590
630102200108283578
630102200705300508
630102200306010095
630102200401034044
630102200211149916
630102200201255176
630102200608182239
630102199802083714
630102200603076322
630102199806295124
630102200403185305
630102200310081144
630102200408247886
630102200310040713
630102200708097146
630102199904064514
630102200602173518
630102200612104487
630102200202143969
630102200411044318
630102200011103884
630102200706267519
630102200012307416
630102199711126950
630102200605226961
630102200708174164
630102200306105617
630102200303157411
630102199712125693
630102200305250572
630102200510286400
630102200208307266
630102200301311278
63010220000708027X
630102200211166716
630102199805058645
630102200704097309
630102200609067275
630102199712223103
630102200104303295
630102200008098797
630102199809293757
630102200210030913
630102200512047040
630102200101195831
630102199712123225
630102200408250903
630102200709192452
630102200502205287
630102200704230173
630102200706269119
630102200706015653
630102200409150517
630102200612076084
630102200303045794
630102200105291468
630102200401176181
630102199812203206
630102200007071461
630102200701112075
630102199801232642
630102200208193385
630102199801127551
630102200110087576
630102200601126680
630102199902220413
630102200206037944
630102200612148703
630102200412052053
630102200209039830
630102200111140893
630102200006048972
630102199912171811
630102200308201995
630102200308192347
630102200209105519
630102200401216040
630102200211309510
630102200305017762
630102199803039926
630102200307030012
630102200508108736
630102199905142211
630102200608273966
630102200608307089
630102199904204070
630102200508069060
630102199711179585
630102200409066825
630102200102228121
630102200209078282
630102200301216932
630102200303094190
630102200312013014
630102200606086390
630102200501057796
630102200406073878
630102199801258332
630102200701029802
630102200404057268
630102200604252375
630102200612180869
63010219991105682X
630102200602033515
630102200005058634
630102200209284721
630102200205104332
630102200611030041
630102199905307485
630102199712247041
630102200604235815
630102200303248233
630102200512044106
630102200401191349
630102200506024301
630102200209249934
63010220010602699X
63010220030828257X
630102200212118513
630102200602201806
630102200104193858
630102199905300988
630102199806104535
630102199906262493
630102200206180230
63010220070429277X
630102200404043843
630102200311292285
630102200001082100
630102200706013797
63010220070828112X
630102200409171377
630102200309121559
630102200001063532
630102200408224537
630102200106054480
630102200706207305
630102199808079142
630102200207078959
630102199903299098
630102200111098648
630102200409288970
630102200507099778
630102199805185361
630102199805108075
63010220020326931X
630102200708144619
630102200703127641
630102199909235474
630102200203063872
630102199809265836
630102200001283295
630102200610095361
630102200404254472
630102199804272842
630102200709183089
63010220020324020X
630102200112209688
630102200401103804
630102200307089065
630102200602033187
630102199811246247
630102200504032287
630102200709142447
630102200303303378
630102200507302078
630102200212069125
630102200011120369
630102199808218878
630102200208209703
630102200606156395
630102200503160930
630102200304302043
630102200107092614
630102200110081414
630102200109097400
630102200001188386
630102200403085291
630102200009138295
630102199802094077
63010220060608730X
630102200210031203
630102199912190342
630102200708112481
630102200205303294
630102200610053073
630102200304021452
630102200609129560
630102200604234337
630102199806113044
630102200409205071
630102200612175189
630102200401284297
63010220000527963X
63010220031208295X
630102200409038509
63010219981110592X
630102200402217336
630102200510232760
630102200312308664
630102200304078184
630102200607304521
630102200312030340
630102200602138333
630102199909028627
630102199909179193
630102200002242073
630102200412125574
630102200204281265
630102200108017915
630102200008103621
630102200408174728
63010220040111014X
630102200101197642
630102200409198721
630102200103067809
630102199902183173
630102200101098775
630102200011079052
630102200704190933
63010220000506556X
63010220070928228X
630102200601308521
630102200301065353
630102200103065424
630102200609292974
630102200210092161
630102200309110358
630102200410188440
630102200610295080
630102200110163604
630102199807103366
630102200401013489
630102200707103807
630102200410216667
630102200208280358
630102200004283194
630102200001157504
630102200701307227
630102200407313183
630102200506115692
630102200412047051
630102200609154344
630102200010300632
630102199710062975
630102199812154459
630102200512271413
630102200702207471
630102200208197378
630102200307274340
630102200605306996
630102200212206919
630102200312201971
630102200411285760
630102200011017927
630102199808044775
630102200104227464
630102199801299126
630102200307019243
630102199807094690
630102200202259865
630102200007276942
630102200108289662
63010220040620599X
630102200610302172
63010220010520802X
630102199801107374
630102199902083893
630102200611066837
630102200309258520
630102200603110324
630102200508316754
630102200112108078
630102200603019205
630102199805071161
630102200311095185
630102200401207451
630102200709223087
630102200402044201
630102199712131954
630102200403293349
630102200110217721
630102200109169662
63010220010920566X
630102200705266485
630102200011013467
630102200602222359
630102200312027045
630102200510217990
630102199809124216
630102200610121961
630102200610255425
630102200010171236
630102200611154933
630102199912191003
63010220050730046X
630102200511267623
63010220010816603X
630102199802015770
630102200508207769
630102200612012080
630102200003197681
630102200206242841
630102200304149691
630102199811130092
630102200205069442
630102200109051525
63010220070619310X
630102199905091186
630102200406271858
630102200203316286
630102200101282134
630102200501134747
630102199803151037
630102199907202687
63010219990108793X
63010220020920551X
630102199907244473
630102199902144174
630102200206178720
630102199904297297
630102200402240210
630102200501125939
630102200206222541
630102200704124282
630102199912239994
630102200708259416
630102199901103506
630102199711280800
630102200209138011
630102200207315934
630102200505044730
630102199806180706
630102200609237254
63010220050609262X
630102200601180417
630102199907102061
630102200307194826
630102200211086062
630102200608027300
630102200210140784
630102199804138926
630102199809194003
630102199906059030
630102200004036572
63010220000414184X
630102199808059686
630102199910091201
630102200111104403
630102200310135691
630102200701268985
630102200709044169
630102199910256299
630102200601255167
630102200001207479
630102200002228351
630102200705313296
630102200202021400
630102199803319071
630102200507279920
630102200211084307
630102200511079876
630102199810104271
63010220070314891X
630102200107153130
630102200308277404
630102199808012191
630102200607191053
630102200702177380
630102200410037298
630102200004213372
630102200606170269
630102200012111755
630102200004042876
630102200304069288
630102200003013934
630102200406143688
63010219980722108X
630102199903156230
630102200401094792
630102200609169677
630102200601256055
630102199912055159
630102200603108443
630102200003125792
630102200007078778
630102200604060066
630102200007223728
630102200104104093
63010220030903886X
630102200507112194
630102200105281091
630102200708101950
630102200207117022
630102200304277810
630102199808195856
630102200312181309
630102200703163810
630102200208158723
630102200212137271
630102200107091355
630102200201263360
630102200101055951
630102200004252638
630102200606145127
630102200312044144
630102200210204039
630102200201199004
630102200004191863
630102200709224047
630102200504276601
630102200105313364
63010220020225858X
630102200704056494
630102200704207483
63010220030104208X
630102200103271842
630102200605115524
630102199903292275
630102200112072028
630102199907103208
630102199711263138
630102200201128310
630102200701069812
630102200406274936
630102200008240810
63010220070801112X
630102200012221225
630102200007179827
630102200510242301
630102200001029705
630102200601023841
630102200409177429
63010220000524105X
630102200708265541
630102200206028925
630102200408163535
630102200101221614
630102200205290200
630102200708218526
630102200210116311
630102200310287855
630102199908318251
630102199906128817
630102200502268421
630102200311194677
630102200701242494
630102200001179439
630102200602288278
630102199808098220
630102200508143566
630102199902100374
630102200209158477
630102200305065836
630102200112024157
630102200201125419
630102200305081086
63010220050701536X
630102200509299511
630102200012220249
630102199906277126
630102200311185383
630102200109017212
630102200610249359
63010220000214238X
630102200504272619
630102200105183969
630102200403090031
63010220001104890X
63010220070918169X
630102200512051891
630102200709169180
630102200607089155
630102200505127229
630102200107165270
630102200009111754
63010220021118317X
63010220020701121X
630102200502144218
630102200010239480
630102200305171663
630102200410146881
630102200508187921
630102199711190020
630102200011010952
630102200706159147
630102199911121265
630102199801168492
630102199906254397
630102199804260163
630102200608203132
630102199808167855
630102199902208027
630102200709137074
630102200512011814
630102200212279405
630102200611265860
630102200309294871
63010220010126688X
630102200507303302
630102200207040088
63010220020810969X
630102199811077922
630102200602025822
630102200405148794
630102199901061254
630102199810166587
630102200009146957
630102200408113423
63010219990708668X
630102200002273267
630102200208210624
630102199801281508
630102200503204139
630102200709138413
63010220000702450X
630102200404196401
63010219980828324X
630102200408246015
630102199710191291
63010220050907999X
630102200504283633
630102200610186159
630102200106155409
630102199908080378
630102200403188362
630102199911022048
630102200704014155
630102200709165446
630102199807132423
630102199810187476
630102199908274973
630102200610293368
63010220051129324X
630102200611245878
630102200306278104
630102200605016585
630102200112258375
630102199910141168
630102200007051399
630102200310189817
63010220040411842X
63010220021006032X
630102200505168442
630102200010251033
630102200105219490
630102200305156412
630102200612036023
630102200102202028
630102199811045154
630102200609211871
630102200412124651
630102200002110046
630102200210150034
630102200305136278
630102200601152731
630102200007223146
630102200705220321
63010220070504222X
630102199909264902
630102200307198915
630102200104163931
630102200212266647
630102200110039785
630102200302076118
630102200301012497
63010219981027078X
630102200601185664
630102199912025718
630102200411012404
630102200504292011
63010219990923966X
630102200406176797
630102200611107897
630102199710222748
630102199806066073
630102200703083626
630102200404226156
630102199912280196
630102200306155032
630102200604294575
630102200508156607
630102199811287612
630102199908272716
630102200206273381
63010220070208466X
630102200006170353
630102199911032940
63010219971204069X
630102200011181356
630102200407063110
630102200012286870
63010219980322622X
630102200007079738
630102199907174946
63010220050715583X
630102200601266165
63010220010201617X
630102200407098954
630102200007142389
63010220070615838X
630102200705218600
630102200407170020
630102199905016784
630102200606044086
630102200112189971
630102200303250851
630102200610251395
630102200009291986
630102199905012978
630102200510129691
630102200312173042
630102200612172762
630102200702105344
630102200001127516
630102200509140148
630102200407113333
630102200211046781
630102200508231582
630102199903277331
630102200308037275
63010220070614894X
630102199810275855
630102200001144885
630102200105081612
630102200104191297
630102200002159894
630102200112110012
630102200606296486
630102200304122755
630102199912100474
630102200705309641
630102200402245871
630102200310069436
630102200409068572
630102199912298126
630102200204061561
630102200609050545
630102200507108195
630102200412300352
630102200512272272
63010220040418964X
630102199812168607
630102200008117847
630102200705243363
63010220000513078X
630102199810082017
630102200105059554
630102200508192683
630102200311114323
630102200703126219
630102200404271176
630102200607101329
630102200602184794
630102200105107667
630102200405012125
630102200207082114
630102200003083684
630102200307275853
630102200406073827
630102200411230954
63010220010510882X
630102199809213817
630102200704304910
630102200703164792
630102200706024605
630102200108082274
630102199912281535
63010220060812870X
630102200703200714
630102200011229962
630102200010183165
630102200509287457
630102200705076016
630102200102118061
630102200004065314
630102200402093134
630102199804149326
630102200403178877
630102199810297376
630102199712104040
63010220020603791X
630102200204070505
630102200507054270
630102200002279319
630102199711094696
630102200002041044
630102200009206091
630102200009113055
630102200703135326
630102200511227293
63010220041003541X
630102200009265788
630102200707010993
63010220070801390X
630102200003130831
630102200505099790
630102199909034357
630102200406032750
630102200210173922
630102199711266996
630102200612023898
630102200106263610
630102199812083056
630102199809162300
630102200012216872
630102200408037109
630102200303168524
63010220060218206X
630102199808145429
630102199711069271
630102200005290775
630102200106168840
630102200206195731
63010219991103855X
630102199901067584
630102200402228676
630102199710268367
630102200411250373
630102200310291109
630102200405031211
630102200105215318
630102200107031360
630102200603197757
630102200610257228
630102200201160361
630102200305271015
630102200506161066
630102200404295792
630102200704281632
630102200106251943
630102200408041597
630102199802277180
630102200011246906
630102200703263985
630102200401093044
63010220010206442X
630102200601144141
630102200506182625
630102200211124102
630102199911270746
630102200608237092
630102199910216051
630102200102282013
630102200509034994
630102200004076451
63010220041121513X
630102200201215123
630102199902220739
63010220050102736X
630102200611220064
630102200706165758
630102199903091676
630102200612124584
630102200007070928
630102200401035549
630102199910311956
630102200107254572
630102199808196795
630102200309233518
630102199907124957
630102200011175669
630102200604214221
630102200607053523
630102199808051318
630102200305315794
630102200504138882
63010220020718329X
630102200503317619
630102200709048186
630102200009274668
630102200002060405
630102200611200207
630102200503032437
630102200407205983
63010220061229505X
630102200112313960
630102200510284827
630102200510054634
630102200103148115
630102200410141458
630102200609232445
630102200011295871
630102200010012809
630102199910271595
630102200306186218
630102199711216788
630102200405019175
630102200210056830
630102199809163805
630102200009129233
630102199807216635
630102199905141227
630102200409077946
630102199909299400
630102200004020554
630102200708197286
630102200605037132
630102200611288288
630102200109030951
630102199801309953
630102200402103953
630102200503167593
630102199906045501
630102199812029324
63010220041005088X
630102199808283960
630102200211015766
630102200211153456
630102200607306244
630102200004030744
630102200006159568
630102199903085663
630102200011117717
630102200409120000
630102200305151777
630102199805113173
630102200107013218
630102199906113404
630102200203158556
630102200012162376
630102199910111794
630102200106292278
630102200511208332
630102200705093051
630102200202171951
630102200103293574
630102200009204424
630102200109018725
630102200008238665
630102199805155568
630102200103270700
630102199909284401
630102199904301399
630102199807268590
630102200507239523
630102200111269937
630102200604282419
630102200001194399
630102199908288603
630102200108052032
630102200310227780
630102200601126023
630102200702200931
630102200510145472
630102200409195862
63010220041124458X
63010219990909742X
630102200704042383
630102199811088883
630102199805059189
630102200602082245
630102199907173476
630102200107274020
630102200407285442
630102200103187501
630102200311147723
630102200211018086
630102199908075085
630102200102118678
630102200209078696
630102200411261953
630102200404097809
630102200409041687
630102200307235878
630102200210237367
630102200708161240
630102200108184246
630102199805071073
630102200204197637
630102200003047229
630102200612143216
630102200606050048
630102200002209695
630102200406028911
630102200601303683
630102199907283720
63010219971111823X
63010220020509172X
630102199804203417
630102200601310787
630102199807136782
630102199809292252
630102200603123782
630102200708126437
630102200607182034
630102200202068284
630102200108128543
630102200010136334
630102199912088786
630102200004179688
630102200610079070
630102200608021048
630102200005183988
630102200111182559
630102200404288832
630102200709113144
630102199904082878
630102200308074957
630102200511187287
630102200404251271
63010220020920260X
630102200207282036
630102200502224410
630102200110243743
630102200409057232
630102200610051529
630102200402067454
630102200511112592
630102200208148007
630102200510249167
630102200505153216
630102200609305587
630102200701192757
630102199805082629
630102200110047590
63010220011207025X
63010220040229338X
630102200206218024
630102200503137511
630102200108174857
63010219991214053X
63010219980408143X
630102199902096782
630102200110162513
630102199809135337
630102200201175352
630102200207129250
630102200109141192
630102199901093918
630102200412013820
630102200604177870
630102200105266502
630102199910133424
630102200604284924
630102200008180643
63010219990304348X
630102199911114700
630102200101105939
630102199909103367
630102200512207163
630102200706201560
630102199711076615
630102200704035503
630102200003182885
630102200605202281
630102200009106584
630102200212096457
630102200205319691
63010220000222502X
630102200308097518
630102200112026291
630102200404191424
630102200011230744
63010220020815663X
630102200706253133
630102200510284317
630102200409032879
630102200211182353
630102199901307218
630102200311038439
630102200210077295
630102200003115885
630102200301279757
630102200611109411
630102200306187843
630102200308133021
630102199811060848
630102200012243133
630102200311255468
63010219971019445X
630102200204282102
630102200607132096
630102200104194746
630102200010286869
630102199908228811
630102200402246268
630102200006102772
630102200210056785
630102200705178063
630102200702246905
630102199807075991
630102199710235194
630102200705101066
630102199907276395
630102200611225703
630102200006044541
63010220040428038X
630102199803163644
63010220031122475X
630102200110178275
630102199910256125
630102200405014411
630102199712104024
630102200704293238
630102199912106382
630102200409145179
630102200402023515
630102200704030155
630102200404277228
630102200301067949
630102200708172396
63010220010416634X
630102200506035908
63010220020701690X
63010220021125496X
630102200601194878
630102200002249574
630102200304213649
630102200506153752
630102200512204077
630102200708295919
630102200610167978
63010220040212990X
630102200212083664
630102200012144266
630102200607148477
630102199911225857
630102200301199511
630102200004198512
630102200507271355
630102199904139416
630102199809146394
630102200108110853
630102200012117356
630102199803290942
630102199905284148
630102200606281540
630102200603048700
630102199807031649
63010219990531217X
630102199901100129
630102200603095240
630102200006189900
630102200112292522
630102200610147192
630102199912312178
630102200512258163
630102200009301902
630102199907152915
630102200110041068
630102200705118204
63010220060508764X
630102200204058522
630102200206263060
630102200310141514
630102200511032840
630102200202113460
630102200005096913
630102199801263609
630102200205011371
630102200405265894
630102199810315239
63010219990114966X
630102200103083999
630102200007300850
630102200402288732
630102200608267021
630102199804192439
630102199905101938
630102199803019925
630102200509265725
630102199711022916
630102200402272183
630102199901029588
630102200201061056
630102200611065367
630102200602221241
630102200202175987
630102200412242826
630102200109175851
630102200401246848
630102200605302477
630102200011231093
630102200703081401
630102200004090640
630102199901105456
63010220000502301X
630102200107122158
63010219990415232X
630102200111126178
630102200203072322
630102199902216043
630102200012176831
630102199808119765
630102200310191319
630102200412031885
630102199801290041
63010220050708092X
630102200311114200
630102200108019515
630102200612034319
630102200411114996
630102200706208965
630102200601313021
630102200104230620
630102200405233008
630102200206309399
630102200505202292
630102200003309313
630102199906300971
630102200408155228
630102200106291996
630102199909129073
630102199910309338
630102199812123863
630102200212226610
630102199910312086
630102200012084427
63010219971128713X
630102200009028037
630102200401308578
630102200311217170
630102200312290935
630102200007074451
630102200512118240
630102200207036812
630102200609042457
630102200411028182
630102200208297061
630102199803286097
630102199803303336
630102200109077389
630102200607118868
63010220001009615X
63010219971028624X
630102199908268071
630102200706215006
630102200005271339
63010220040108712X
630102199902212181
630102200511110925
630102200006039136
630102200705185503
630102200404257374
630102200608135168
630102200003099408
630102200505187096
63010219980630190X
630102200408111479
630102200601187731
630102200101234810
630102200202071256
630102200207126308
630102200303236451
630102200206227908
630102199812286259
630102199902215171
630102200512186032
630102200404093154
630102199910237645
63010220060906391X
630102200302056934
630102199801223439
630102200707278180
630102199909297560
630102200605073053
630102200303028863
630102199801294667
630102199802046331
630102200008112472
630102200012156398
630102200009093787
630102199801054284
630102200008119287
630102199809091629
630102200502050940
63010220000703939X
630102200403085021
630102199801202179
630102200601230584
63010220010419093X
630102200601228820
630102200105218682
630102200503051873
630102200311088508
630102200310244791
630102199907157644
63010220070528590X
630102200103127971
630102200102161764
630102200203195832
630102200209224198
630102200312290476
630102200408170970
630102200009033303
630102199711216999
630102200303063378
630102200303079118
630102200311048573
630102200001021308
630102199804089095
630102199711226791
630102199803049446
630102200301010184
630102200607251423
63010220010517507X
630102200408046822
630102199912222340
630102199810306770
630102199909086384
630102200109191616
630102200406244905
630102200106292243
630102199712160253
630102199907280626
630102199806202346
63010219990331880X
630102200605083796
63010220030914753X
630102200511069467
630102200705030069
63010220070913819X
630102200203132532
630102200007071373
630102200705262732
630102200501314721
63010220031117836X
630102199905104872
630102199907164449
63010220031224439X
630102200104144837
630102199710053390
630102200306107970
630102200009107229
630102200509291034
630102200606200261
63010220000325501X
630102200604224243
630102200310129478
630102200509060041
630102199809143492
630102200701072755
630102200204020874
630102199810045136
630102199805248158
630102199909219925
630102200511235357
630102200101196164
630102199811147433
630102200009027288
630102200709173665
630102200205040463
630102199903210049
630102200604250652
630102200107186303
630102200503070919
630102200502110894
63010220061016534X
630102200205220376
630102200604308121
630102199903183079
630102200704066799
630102200606114777
630102200205196433
630102200510063936
630102200604148738
630102200407272289
630102200603048639
630102200509140762
63010220060112866X
630102199808228347
630102200709213831
630102199912049226
630102200301078840
630102199906239162
630102200410084174
63010220020822089X
630102200011294414
630102200101294565
630102200106093877
630102200105047713
630102200409018479
630102200109248395
63010219990716844X
630102200509159244
630102200609307160
630102199809258206
630102200304089422
630102199808173809
630102200308065858
630102199912065365
630102200004137322
630102200211192615
630102200205263448
630102199710103829
630102200306285785
630102200202201698
630102200709088700
630102199903218091
630102200709067504
630102200211081800
63010220020903452X
630102199905057770
630102200210023457
630102199810057444
630102200508130757
630102200406092040
630102200307175027
630102199711189070
630102199805294998
630102200109240342
630102199711209465
630102199805255462
630102200502225499
630102200702257540
630102199901273599
630102200606070698
630102200702274770
630102199912195565
630102200306242419
630102200005192016
630102200503084165
630102200708020464
63010220060709507X
630102200604272763
630102199802024802
630102200307253179
630102200706125289
630102199912110082
630102200702172301
63010220030419795X
630102200208096120
630102200009140061
63010220040304035X
630102200509107399
630102199804186944
630102200411300713
630102200008148678
630102200010313716
630102200302144029
630102200307109281
63010220030603883X
630102200007292467
630102200406167399
630102200107232445
630102200102047160
63010220041031606X
630102200406066061
630102200007066128
63010220040308693X
630102200103178453
630102200210178192
630102200011135923
630102200009247029
630102200410108973
630102200005038131
630102200210230640
630102199907119891
630102200709175564
630102200311110250
630102200005144030
630102200108028809
630102200405080777
630102200511275869
630102200703011825
630102200404213021
630102200406079372
630102200210121030
630102199909018322
630102199906119734
630102200504158146
630102199806306292
630102200208143820
630102200306184167
630102200008289323
630102200010048529
630102200703027034
630102199906109018
630102200512194761
630102200110241377
630102200606122777
630102200009171984
630102200708179619
630102200508287017
630102200101267129
630102199907224931
630102200005075995
630102200010206304
630102200312062262
630102200512033466
630102200408055534
630102199802091837
630102200511200955
630102200709129445
630102200311183126
630102199710219901
630102200512233986
630102200006142651
63010219971203808X
630102200706111282
63010220040611086X
630102200402206485
630102200503317731
630102200109231446
630102200608104310
630102199906193168
630102200301258673
630102200612266443
630102199911298271
630102200103033713
630102200306270364
63010220050202956X
630102200707221918
630102200301091914
630102200608319768
63010220020602051X
630102200107026553
630102200611014703
630102200607236063
630102200112236950
630102200507253886
630102199902131402
630102199801011559
630102200410024374
630102199810298766
630102200203263487
630102200108137386
630102200605173441
630102200201112829
630102200308116803
630102199809029796
630102200208241041
630102200705218555
630102200409208280
630102200101201402
630102200008113803
630102200310163166
630102200112154234
630102200507194142
630102200003285921
630102200405058692
630102200305120380
630102200107250889
630102200407095999
630102200511262910
630102200011274173
630102199908045839
630102200002055964
630102200105311043
630102200402287043
63010220040612513X
630102200509115751
63010220060919643X
630102200508150686
630102199912272612
630102200105121119
630102200709254107
630102200004208370
630102200212093088
630102200012274896
630102199905058351
630102200108083592
630102199901287245
630102200212173301
630102200707107621
630102199810159360
630102200703316792
630102199710230932
630102200102240286
630102200103052295
630102200704065390
630102200104247115
630102199910316642
630102200011070074
630102200408067551
630102200703312089
630102200608147249
630102200707029328
630102199710263486
630102199902212421
630102200105020262
630102200401142272
630102200003071325
630102199806115269
630102200610197683
630102200306088503
630102199806110572
630102200208139215
63010220040601515X
630102199901242434
630102200603315776
630102200012260961
630102200103259763
630102200010046857
630102200303301620
630102200306081045
630102200609163152
630102200405291478
630102200203077115
630102200111076801
630102200708307449
630102199802122568
630102200611034106
630102199807164783
630102200411079801
630102200709117145
630102200201124694
630102200612216825
630102199903301215
630102200210144574
630102200303313955
630102200611115563
630102199911162155
630102200112031744
630102200105270608
630102200301157506
630102200606134452
630102200011155588
630102200605054215
630102199808240119
630102200101159187
630102200304239734
630102199903136184
630102200103084318
630102200605096482
630102200702199627
630102200404226850
630102200704138262
630102199907115217
630102199903160854
630102200211179066
630102200401152198
630102200301065273
630102200511228341
630102200105246966
630102200201274078
630102200709068443
630102200507093085
630102199812287470
630102199809308680
630102200609059902
630102199805108243
630102200506067387
630102200204268917
63010220070704291X
630102200707256395
630102200611040733
630102200404289528
630102200411306576
630102200407275770
630102200611195743
630102200611183945
630102200502194311
63010220010413054X
630102200006199471
630102199912246297
630102200603098599
630102200007302274
630102200402223074
630102200108190128
630102200211200275
630102200501281720
630102200203138651
630102199809096235
630102200504265347
630102200001269370
630102200209286356
630102200010233345
630102200011171975
630102200709265519
630102199808224506
630102200503188968
630102200608097640
630102200602228101
630102200108244712
630102199711027784
630102200012207490
630102200010300413
630102200512230961
630102200606217776
630102200103073977
630102200708273285
630102200702217338
630102200007195747
630102200210030761
630102199808151423
63010219981026673X
63010220000623779X
630102200603237771
630102200612268983
630102200106021320
630102199909293463
63010220031210598X
630102200409036781
630102200009098019
630102199909143596
630102200506218667
630102199806148239
630102199806202290
630102200403183377
630102200610054324
630102200407172640
630102200602084451
630102200610037276
630102199903194501
630102200611045876
630102199712097741
630102200211146993
630102200702232052
630102200510179277
630102200208177780
630102200411171958
630102199805171576
630102199905058300
630102200603190651
630102200708019463
63010220060705434X
630102200211198777
630102199711051063
630102199804224613
630102200403118356
630102200504102150
630102200211061332
630102199712221562
630102200210056961
630102200309142384
63010219980124941X
630102200407097329
630102200310299039
630102199904197173
63010220061030184X
630102200708188064
630102200709224821
630102200209132998
630102200406206271
630102200309020387
630102200307024501
630102200101187727
630102199804070263
630102199808093585
630102200309216435
630102200409236150
630102200002102716
630102200603141729
630102200403288566
630102200411290383
630102199806026637
63010220040105781X
630102199908207420
630102200009176355
630102199812034916
630102200506120109
630102200603253878
630102200504033589
630102200211225253
630102200508010114
630102200404039879
630102200205289613
630102200308046059
630102200109181442
630102200103038995
630102200207119722
630102200009105354
630102200701084043
630102200610063095
630102199801295213
630102200402286307
630102199710214596
63010220011102231X
630102200704219919
630102200407047487
630102200605180780
63010220000813230X
630102200403248855
630102200311259274
630102200207173745
630102199912079214
630102200305102158
630102200407147752
630102200012192030
63010220070817456X
630102200403226883
630102199711132963
63010219980103753X
630102199904018198
630102200107061893
630102200501193894
630102199905227645
630102199810187820
630102200411126647
630102200402231007
630102200612162150
630102199802019878
630102200601273373
630102199908172360
630102199908206065
630102200504127569
63010220010801102X
630102199910284310
630102200004241373
630102200704123191
630102199812051484
630102200612184392
630102199912035035
630102199903222111
630102200411107809
630102200101261018
630102200012064768
630102199911010290
630102200003087079
63010219981030365X
630102199902277962
630102200309114682
630102200107040873
630102200704014681
630102199804088623
630102200109291385
63010220050525501X
630102200306291181
630102200009046729
630102200601237217
630102200301012286
630102200708257955
630102199909153591
630102200004291733
63010220030706225X
630102199711062379
630102200611177959
630102200702254112
630102199912129445
630102199912062025
630102200108062564
630102200312181608
630102200002056502
630102200312154773
630102200411031293
630102200212024795
63010219991010181X
630102199904063685
630102200310062058
630102200109163463
630102199808074886
630102200104130398
630102199711084025
630102200407269725
630102199812151290
630102200504286287
630102200211138766
630102200209029472
630102200001071372
630102200211181772
630102200511284298
630102200308103068
630102200003291221
630102200101256876
630102199804217157
630102200111090435
63010219991114079X
630102200204060745
630102199812046247
63010220070122566X
630102199906049115
630102200311303554
630102200011228302
630102199911023884
630102199810245568
630102200301318058
630102200207071327
630102200206215413
630102199904270692
630102200008194885
630102199812262943
630102200606128554
630102200109058903
630102200211051185
630102199712248335
630102200501182597
630102200206274245
630102200204238443
630102200412033821
630102200211113665
630102200107025796
630102200011202030
63010220060527578X
630102200612031185
63010220040327253X
630102200602049461
630102200102185301
630102200103102918
630102200505171756
630102199907291851
630102200511198584
630102200109168010
630102200010277698
630102199905119871
63010220040127294X
630102200004124804
630102200606304423
630102200504113474
630102199810173306
630102200310107332
630102200106225809
630102199802198503
630102200603217682
630102200407169302
630102200506291952
630102200305270039
630102199801173320
630102200603173886
630102200705100039
630102200303314851
630102200505034903
63010220020509922X
630102200005035803
630102200702243413
630102199906181140
630102199712179085
630102200006217203
630102200001097441
630102200008236934
630102200303257279
630102200001145431
63010220070802625X
630102200112246649
630102200606019315
630102200109272299
630102200702210216
630102200310074665
630102200410089629
630102200506107764
630102200103151859
630102200211185503
630102200508027127
630102200404079766
630102200009172290
630102200605157935
630102200409262623
630102199712039357
630102200409039149
630102200009291919
630102199904191601
630102200005196615
630102200312222772
63010220030522063X
630102199809210595
630102200612060998
630102200012057525
630102200109273435
630102200301246656
630102199710131301
63010219971106215X
630102199903129881
630102200510133498
630102200405080734
630102200002010168
630102200407301633
63010220020114461X
630102200301069506
630102199711078442
630102200104211091
630102200207263740
630102200208053892
630102199910150574
630102200707225492
630102200008277234
630102199906075196
63010220030303637X
630102200410124631
630102200508300736
63010220060408501X
630102200308070382
630102200103166700
630102200001100604
630102200312014754
630102200608015625
630102200108095366
630102199910301897
630102200105248769
630102200608293879
630102200210055707
630102199805280609
630102200611187858
630102200007163366
63010220021024927X
630102199905262918
630102199810199813
630102200005069288
630102199907162689
630102200202214587
630102199905061884
630102200003043551
630102200210178002
630102200002038574
630102200505144694
630102199802103404
630102200709103042
630102200709041777
630102200509044746
630102200309012491
630102200209273168
630102200508316121
630102200506251627
630102199812233843
630102200408256248
63010220060107370X
630102199905102359
630102200410065133
630102199807133530
630102200703314076
630102200111256570
630102199907156334
630102200005283065
630102199803195013
630102200008049768
630102200304084429
630102200112195095
630102200005228883
630102200701140180
63010219980622668X
630102200205246488
630102200311094203
630102200301080465
630102199807123500
630102200602029938
630102199911093567
630102200511128623
630102200511068050
63010220020303756X
630102200012156988
630102200105095053
630102200410199406
630102199710084816
630102200301319704
63010220021124581X
630102200012160151
630102199909022129
630102200101254598
630102200208223927
630102200408052798
630102199711017607
630102200610030357
630102200112233776
630102200410086663
630102199712185119
630102200312222748
630102200304060304
630102200502041614
630102199908165996
630102200608096277
630102200706225140
630102200210158087
630102199905280905
630102200503160041
630102200008173988
630102200308071801
630102200212111653
630102200512044907
630102199810181672
630102199809213358
63010220061124367X
630102200502014405
630102200201049591
630102200608100133
630102200709109460
630102199710244170
630102200312283655
630102200208096198
630102199908237144
630102200108223866
630102199710125841
630102200110014019
630102200210142720
630102200306193880
630102199805226071
630102200010039710
630102200011268494
630102200105281630
630102200112213783
630102200106020029
630102200411092352
630102200307074808
630102200609289433
63010220051210392X
630102199807226200
630102199912259063
63010220021010365X
630102200105197113
630102200604192202
630102200412230550
630102200109095800
630102200708309911
630102200005023925
630102199904012984
630102200502197280
630102200407013762
630102200201149242
630102199805041958
63010220051220638X
63010220050927658X
630102200212091509
630102200506278862
630102200704288121
630102200502281204
630102200607074789
63010220020806142X
630102200407069942
630102199806085311
630102200011255247
630102200207134914
630102199910179617
630102200202259953
63010220020701455X
630102199711053501
630102200012201750
630102200401319525
630102200004304127
630102200507026667
630102200308257913
630102200003145232
630102200701171761
630102200410028308
630102200602286096
630102200707248766
63010220050817571X
630102200502200582
630102200404094456
63010220000115782X
630102200108023231
630102200110091372
630102200010117133
630102199710068824
630102200606256601
630102200603070094
630102200108089353
630102200210011675
630102200312053227
630102200405307126
630102199810191096
630102200110301528
630102199907204965
630102200007037247
630102200212049132
630102200511071604
630102200606065194
630102199903236556
63010219971017378X
630102200504282526
630102200606226349
630102200110207275
630102200407016576
630102200006308551
630102200408028405
630102200507262993
630102200105091036
630102200603128428
630102199903165380
630102200111272693
630102200509181097
630102200709081517
630102200112169153
630102200707194200
630102199805213457
630102200501218940
630102200301159544
630102199907090283
630102200207271214
630102200611063679
630102200203116102
630102200509061335
630102200406130123
630102200307191430
63010220060801055X
630102199901111098
630102200206202778
630102200707164079
630102200108187113
630102200304120821
630102199811021355
630102200706225159
630102199901048113
630102200201129508
630102200101226968
630102200105295872
630102200207221778
630102200411071797
630102200410139091
630102199908107315
630102200607230366
630102200003152897
63010220020127107X
630102200104152423
630102200011054349
63010220051102076X
630102199810090949
630102200507246432
630102200509033748
63010220031110175X
630102200606194260
630102199711184341
630102200010169427
630102199910192803
630102200211301244
63010220000708932X
630102200606014450
630102200111139577
63010220031210635X
630102200402211030
630102200506113857
630102200011257293
630102200701120550
630102200504126769
630102200504163244
630102200505284005
630102200604102094
630102200609263436
630102199806243420
630102200206300247
630102200304151791
630102200404157699
630102200408078226
630102200210086714
63010220060306126X
630102200301113650
630102200705209261
630102200607113637
630102200208035475
630102200007180078
630102200501069463
630102199903102902
630102200211080680
630102200702057741
630102199901123128
630102200109139682
630102199909038278
630102200102191656
630102200701223445
630102200609068630
630102200207147790
630102199804044997
630102200309059118
630102200104240909
63010220011129944X
630102200001190072
630102199908081178
630102200610254596
63010220050613587X
630102200211251283
630102200101134916
630102199909095627
630102200112306920
630102199810089147
630102200404067773
630102200511297339
630102200306178429
630102200207123705
630102200001125297
630102200507312209
630102200209059655
630102200402050636
630102200409114241
630102200610253446
630102200301277022
630102200309201583
630102200403114945
630102200302122022
630102199912193471
630102200611226052
630102200604263971
630102200701156473
630102200606291052
630102199808190289
630102199903099862
630102200409147414
630102200607241495
630102200610145779
630102200601155916
630102200009198247
630102200506052011
630102200610255142
63010220051218984X
63010220031111645X
630102200305272480
630102200005298339
630102200705163961
630102200211207012
630102199902206291
630102200601284208
630102199904281340
630102200110146724
630102200103275077
630102199911228118
630102200106025612
630102200002235746
630102200512055219
630102200109028982
630102200206183677
630102200601273672
630102200106017479
630102200111061378
630102200404206374
630102199909043245
630102200106026439
630102200204186567
630102199904165200
630102200004028724
630102199904247193
630102199804071688
630102200706236843
63010220050326502X
630102200508215689
630102199808077622
630102199810114998
630102199911169074
630102199908241485
630102200007150936
63010220061017932X
630102200704016580
630102199904189384
63010220020421242X
630102200612096667
630102200211236323
630102200607301320
630102200509299634
630102200304173659
630102200107259250
630102200301032041
630102200111278446
630102200202044565
630102199809062035
630102200010175253
630102200011027703
630102200207107254
630102200102029368
630102200705272017
630102200601182383
630102200706244560
630102200511225060
630102199902218444
630102199803158204
63010219990709433X
630102200206305160
630102200108096297
630102199809282628
630102199811041102
630102200603259954
630102200207143052
63010220070510702X
630102200211086556
630102199812080883
630102199805123451
630102200007010052
630102199807253778
630102200205162751
630102200102284246
630102200705121593
630102200708018719
630102200103175228
630102200510305122
630102199812150511
630102200305265723
630102200503084368
630102199906150918
630102200204045852
630102199812306555
630102199906127662
630102200008299855
630102200202141584
630102199906249619
630102200309164372
630102199907139104
63010220040513304X
630102200410072210
630102200008263940
630102200709255388
630102199801074058
630102200706241175
630102200603063425
630102199910161230
630102200405218780
630102200402032841
630102200612222942
630102200505238463
630102200209284051
630102200503303145
630102200707153329
630102199911182367
63010220000324648X
630102199903100659
630102200208099874
630102200005296149
630102200404060125
630102200703035851
630102199801280409
630102199910052181
630102199905028830
630102200608271143
630102200102180244
630102200007259309
630102200307162226
630102200611285706
630102200205049847
630102200601132255
630102200306127656
630102200501145921
630102200603244277
630102200411183019
630102200411274922
63010219990915595X
63010219990612375X
63010220050526862X
630102200205043197
630102200409117493
630102199901011601
630102200607065161
630102200405183928
630102200003069233
630102200703047457
63010220011104018X
630102199811259195
63010220060706787X
630102199804090811
63010220030506936X
630102200310087052
630102200307149056
63010220040321230X
630102200412010363
630102200304034990
630102200709109823
630102200303194183
630102200201227271
630102200407274153
630102200505185226
630102200102148893
630102200202255709
630102200702180598
630102200408117619
630102200512066911
630102199911067377
630102200708217670
630102199902133264
63010220060905321X
630102199912235731
63010220020419644X
630102200212261213
630102199808195813
630102200509098656
630102200009281403
630102200403135105
630102200002261856
630102200312177967
630102200104166569
630102200512151753
630102200212072041
630102200110287455
630102200604211653
630102200511136455
630102200704202076
630102200208172824
630102200404055246
630102199806206654
630102199903016051
630102200709281762
630102199908108596
630102200004203545
630102199909099169
630102200012199742
63010220020731056X
630102200005097799
630102200306264052
630102200408115904
630102199908149128
630102200612291358
630102200605300666
630102200410145387
630102200306046100
630102200509125191
630102200004080434
630102199806062363
630102200701293291
630102200610157702
630102200006161879
630102199902288258
630102200511230249
630102200511025659
630102199712040139
63010220000102500X
630102200602230682
630102199806227113
630102199902155455
630102199902089785
63010219981020706X
630102200706246283
630102200201269279
630102200704249755
63010220060704909X
630102200410078903
630102200612193491
630102200112183617
630102200701106169
630102200209100689
63010220040903556X
630102199904064522
630102199901170805
630102200608120660
630102200607015770
630102200402141052
630102200607252514
630102200510133105
630102199808094561
630102199908230858
630102200706244245
630102200101144962
630102199812035820
630102200203036874
630102199808027174
630102200303117620
630102200406072955
630102199801262577
630102200007219518
630102199902165151
630102200302110072
630102200112116596
630102200604137422
630102199712089207
630102200103104999
630102199911088274
630102200701169303
630102200408123090
630102199711214029
63010220050919009X
630102200105267572
630102200011133442
630102200602024942
630102200704032935
630102199912055335
63010220050109188X
630102200606245726
630102200703234340
630102199809284797
630102200306066355
630102200509160827
630102200310014793
630102200508219823
630102199908313063
630102200611131272
63010220060403479X
630102200601047771
630102200012062535
630102200205287773
630102200408066700
630102200209051135
630102200207117145
630102199806206427
630102200504066874
630102200610041101
630102200009188313
630102199711229511
630102200607078042
630102200108044657
63010219991214707X
630102199906135347
630102199901205385
630102199906137334
630102200401085204
630102200603104821
630102200504132974
630102200705302693
630102200505218497
630102200404277121
630102200303246238
630102199908301636
63010219990212654X
630102199905303652
630102200307121029
630102200606172627
630102200702029847
630102200110085044
630102200105310606
630102200102167955
630102200503100073
630102199712020082
630102200605233221
630102200112067499
630102200109217580
63010220050320741X
63010220020821457X
630102200609172104
630102200101238360
630102200203287825
63010220010606147X
630102199903180484
630102200507063193
630102200511094814
630102199905286004
630102199807195686
630102199803318597
630102200410028981
63010219980124183X
630102199902175878
630102200408146823
630102200706154557
630102200106048240
630102200008219544
63010220070805551X
630102200401255613
630102199901085109
630102199905109067
63010220050302965X
630102200205184512
630102200404061988
63010219971124245X
630102200212055057
63010220020512857X
630102200107227398
630102200206188355
630102199901223006
630102199801167772
630102200608078925
630102199910273750
63010220020604372X
630102200605187122
630102199909100916
630102200509229628
63010220001116269X
63010220040717884X
630102200001215073
630102200204010406
630102200001115451
630102199904279224
630102200311193025
63010220041105388X
630102199805300198
630102200508084092
630102200407185206
630102199907015806
630102199906250425
630102200108288766
630102200612105738
630102199809200514
630102200407274946
630102199911057515
630102199811214712
630102200112204916
63010220020124715X
630102200706187308
630102200412019368
630102200005256876
630102200501316356
630102200411161194
63010220010306953X
630102200604182557
630102199801292776
630102199802239774
630102200709052601
630102200111274939
63010220050130083X
630102200210179179
630102200511012962
63010219990127812X
630102200403083771
630102200512110900
630102200202086669
630102200506289836
630102200004274925
630102199906298226
630102200112300203
630102200501293991
630102200602132169
630102199906230301
63010220000412170X
630102199907314427
630102200010048350
63010220041119528X
630102200706164536
630102200201088953
630102200507080081
630102200004058747
63010220001029229X
63010220020417577X
630102200008285584
630102200709243125
630102200701082259
630102200303263409
630102200407205270
630102200508023011
630102200011221426
630102200702118938
630102200605190751
630102200602228670
630102200407281839
630102200706189215
630102199803245658
630102199902071796
630102200011142592
630102200707135905
630102200408160860
630102200311101979
630102200511153108
63010219980209558X
630102200404111260
630102200007285494
630102200608108709
630102200703242025
630102200511309598
630102200608120935
630102200002058655
630102200512252298
630102199804182564
630102200003162710
630102200204296344
630102200602073058
630102200211197993
630102199904309980
630102200601234008
630102199803319231
630102200305066767
630102199912156240
630102200304271531
630102200309061445
630102199801215105
630102200110227444
630102199712239607
630102200412073612
630102199901137722
630102200709233082
630102200310299899
630102199711195497
630102200102278823
630102200509275851
630102200512270031
63010220010722033X
630102200208308250
630102200408202477
630102200303283741
630102200405109269
630102199804155646
630102200001079833
630102200001116171
630102200011181735
630102200504134902
630102200312208727
630102200304015693
630102200105252039
630102200701318735
630102200010264280
630102199907233096
630102199905261632
630102200610312805
630102199806061467
630102200508212621
630102200012319513
630102200103080667
630102200208081287
630102200111113748
630102200610293165
630102200310193189
630102200403260707
630102200504257152
630102200308308880
630102200201299996
630102199905127484
630102200606176281
630102200209065561
630102200203295630
630102199812176797
630102200004037356
63010220050416452X
630102200612301851
630102200605298164
630102200310135608
630102200307077611
630102199911124749
630102200612276262
63010220020812083X
630102200001117246
63010220060502151X
630102200106127117
630102200503263956
630102199712186349
63010220030612990X
63010220001203629X
63010220061030651X
630102200010156140
630102200708158930
630102200110049078
630102200110087998
630102200709072274
630102199912086078
630102200612035629
630102199710078627
630102200609287446
630102200303145728
630102199711030262
630102200607135799
630102200310012093
630102200608188948
630102200309148460
630102200205209599
630102200001143567
630102200610253358
630102200612053552
630102200312052216
630102199805180843
630102199908251122
630102200605146371
630102200601016633
630102200603111634
630102200009037195
630102200108059656
630102199809037796
630102200007302231
630102200509167674
630102200308171773
63010220020626969X
630102200105167651
630102200407059664
630102200701107743
63010219990520681X
630102200508152489
630102200012186917
630102199909223414
630102200611068920
630102200210307716
630102200202239610
630102200106280605
630102200603078897
630102200304108304
630102200411216650
630102200206135691
630102200011204319
630102200104111533
630102199902025407
630102200504244650
63010220020415117X
630102200104238155
630102200310262893
630102200011180601
630102199909105442
630102200401303208
630102200305021606
630102199909057399
630102200504278922
630102200411029476
630102200702125839
63010220030520260X
630102200604309001
630102200211064365
630102200607281307
630102200109093012
630102199809225113
630102199810289536
630102200309299023
630102200308095256
630102200109032869
630102200312097967
630102200608245068
630102199812194821
630102200401143507
630102199911197032
63010220041118779X
630102200512041749
630102200512190197
630102199809039927
630102200503304332
630102200311082616
630102200702245195
630102199808020642
630102200502285870
630102200703253357
630102200407139605
630102200010209900
630102199808089156
630102199902178972
63010220030729857X
630102200004090253
63010220061208560X
630102199906215814
630102200708021272
630102200705262118
630102200209188035
630102200302107244
630102199811112062
63010220060901056X
630102199907105414
630102200612259016
630102200607264494
630102200309155839
630102200302045418
630102199805017624
63010220030329239X
630102200505311560
630102200404275994
630102200107180593
630102200407142812
630102199804166441
630102199712222506
630102200707013414
630102200705185132
630102200306196336
630102200008197066
630102200102046774
630102200303171715
630102200212260085
630102200211178506
630102200402195595
630102200706170274
630102200512312131
630102200507146036
630102200009145778
630102200404089171
630102199906072761
630102200204020495
630102200012080928
630102199809050392
630102200411305071
630102200506203887
630102200103055939
630102200701227577
630102200103150573
630102200508305369
630102200305270338
630102200708242817
630102200503024752
630102199912251926
630102200211305296
630102200404279397
630102200011244847
630102200303192348
630102200403214022
630102200312171717
630102199805259631
630102200508287850
630102199710096171
630102199905135898
630102200209078784
630102199805275404
630102200412113135
630102200412041645
630102200507058861
630102200402116180
630102200203254054
630102200112047009
630102200608081788
630102200509091008
630102200401140576
630102200610192524
63010220070131120X
630102200405209788
63010220050212142X
630102200304129498
63010220050211385X
63010219971122223X
630102200007259149
630102200207045890
630102200705255102
630102200303236523
630102200006042247
630102200409180572
630102199912258554
630102200409149794
630102200307194922
630102200708110718
630102199903172898
630102200112037003
630102200601067414
630102200010168838
630102199805125254
630102200512266462
630102200010119665
630102199912066878
630102200602197595
630102199907036156
630102199803309834
630102200704178301
630102199806298202
630102200504245872
63010220050307918X
630102200307119279
630102200705134730
63010219990224508X
630102200502273482
630102199711037843
630102200404123640
630102200306168917
630102200502283269
630102200606095334
630102199802144265
630102200511206388
630102200002082030
630102200604274881
630102200410140500
630102199911286609
630102200311129816
630102200010262998
630102200006027848
630102199802030305
630102199911214322
63010220030112689X
630102200001086064
630102199812283218
630102199901040576
630102200112090015
630102200301209636
630102199807212976
630102200204055153
630102200701091913
630102200311111675
630102200006036787
630102199904085585
630102200202123052
630102200608054640
630102200609017868
630102200204288942
630102200009063043
630102200010063008
630102200606305645
630102200407075699
630102200304262299
63010220000804342X
630102199904066341
630102200310248506
630102200308278941
630102199911129179
630102199902143462
630102200011198692
630102200407281230
630102199902085055
630102200504263675
630102200201254173
630102200702244248
630102199908037994
630102200205092888
630102199805012153
630102200105081276
63010219980312344X
630102200406264586
630102199811296850
630102199909299814
630102199710298478
630102200610146480
630102200111116674
630102200610120192
630102200404170877
630102199905143062
630102199812303602
630102200311301989
630102200608299170
630102200401148623
630102199903233283
630102200704227978
630102200608060733
630102199911297439
630102200309172006
630102200104043040
630102200403017803
630102200202214851
630102200003257971
630102200609077457
630102199907101333
630102200106012336
63010219990904941X
630102200610034497
630102199812217288
630102200110290734
630102200708138366
63010220061127410X
630102200107303530
630102200307053281
630102200706081909
630102200010277137
63010220051106683X
630102200407119276
630102200409220749
630102200602073496
630102200411173750
630102200409080061
630102200703160871
630102200610223431
630102199903035359
630102199903218833
630102200311265287
630102200404227634
630102200607138308
630102200701195261
630102199910289090
630102199902227789
630102200306063891
630102199710271902
630102199812015088
630102200607273139
630102200405275363
630102200403182753
630102200210315273
630102199806193355
630102200010303104
630102200606214751
630102200405151766
630102200306212009
630102199906248376
630102200704075652
630102199802222657
630102200311279400
630102199806275676
630102200006011088
630102200302166375
630102200108184131
630102200212184246
630102200609044890
630102200305239410
630102199907234769
630102200404106058
630102199909194385
630102200708015075
630102199912112301
630102199903021416
630102200208023837
630102199804011087
630102200305264835
630102200011095415
630102200604013892
630102200106164292
630102200706081490
630102200211174425
630102199812078345
630102200604041631
630102199808273009
630102200708218702
630102200706014271
630102200103218072
630102200304272171
630102200312167291
630102200302201767
630102200701176984
630102199907208499
630102199802203069
630102200708304985
630102200303289342
630102200402023881
630102199905115942
630102200612181247
63010220000817872X
63010219990101786X
630102200407120234
630102200103311912
630102200401269898
630102200106011026
630102200106297116
630102200401133288
630102200505223683
630102200504090567
630102199810303828
630102200408215024
630102200202118202
630102200007070039
630102200004101442
630102200701039218
630102200305014705
630102199909081671
630102200509181361
630102200503157045
630102199807069225
630102200006200057
63010220001127320X
630102199812178311
630102200701202142
630102200309139820
630102200105178975
630102200005308664
630102200005050421
630102200705311928
630102200504130119
630102200501058318
630102199711244092
630102200401172594
630102200207026235
630102200006263429
630102200211039557
630102200505218438
630102200210259195
630102200510210166
630102199912245657
630102200510312947
630102200408071809
630102200705216904
630102200412165955
630102200010140528
63010220051002470X
630102200501011480
630102200610282810
630102200207070113
630102200011094156
630102200008036959
63010220011211630X
630102199804048023
630102200204257214
630102200112055965
630102200212113560
630102200511214556
630102199803047264
630102200304244138
630102199909267599
630102199803069009
630102199806153783
630102199901105026
630102200406304314
630102200608086781
630102200603068277
630102200011278203
630102200002100227
630102200303188306
630102200205308028
630102200705252171
63010220050930574X
630102200012048071
630102200607225735
630102199809021778
630102199801103568
630102200205055024
630102200606212377
630102200605047138
630102200207175142
630102200009061400
630102200608188454
630102200502023205
63010220070522973X
630102200111024788
630102200210023270
630102199907104390
630102200309292876
630102200305272894
630102200312162124
63010219991212920X
63010220031221027X
630102200007272917
630102200611033912
630102200607284495
630102200611135978
630102200006290929
630102200302286721
630102199812282418
630102200603228584
630102200201117208
630102200006134686
63010219991210925X
630102199912254166
630102200310236812
630102199912086991
630102200509018476
630102200105082500
630102199806256707
630102200309082692
630102199804151637
630102200601104238
630102200006286276
630102200412208601
630102199909145487
630102199907065600
630102199911051500
63010219991115530X
630102199911118605
630102200604017893
630102200206235369
630102200508031660
630102200607244055
63010220030119549X
630102199803051335
630102200007076713
630102200704178088
630102200305253618
630102200501021179
630102200212141190
630102200103074187
630102199807165698
630102199711231224
630102200405233980
630102199804226811
630102200108073490
630102200205101828
630102199711216972
630102199911245516
630102200207171328
630102199910224895
630102200611128508
630102200709107502
630102200212270275
630102200512026397
630102200312184585
630102200212241810
630102200211150853
630102200010170137
630102200404102364
630102200107186370
63010220061119322X
630102200209194558
630102200112294405
630102200504241783
630102200705019070
630102200107078054
63010220020113776X
630102199907149097
630102200610254510
630102200003277809
630102200209248763
630102200505069911
630102200507311716
630102200012212062
630102199909151991
630102200111144181
630102200011305208
630102199905263726
630102200202154422
630102200003067916
630102200506087425
63010220040205176X
630102200109249224
630102200106048670
630102200005105824
630102200407212921
630102200602172566
630102200412137030
630102200611012142
630102200011010266
630102199901177863
630102200705314264
630102200503178604
630102199805308122
630102200709076902
630102200106083185
630102199710100185
630102200610188445
63010220070204529X
630102200605196117
630102200607160804
630102200003081849
630102200310295900
630102200402237062
630102200305264165
630102200308215158
630102200501266686
630102200604264202
630102200407209503
630102200210181957
630102200301287167
630102200304082271
630102200003085532
630102200003021715
630102200010099916
63010220040723344X
630102200005157456
630102200306093134
630102200111075243
630102200509123954
630102200310291379
630102200003049267
630102200201173381
630102200104256505
630102200311078123
630102199907224616
630102200708046365
630102200212013674
63010219980818951X
630102200103243438
630102200304084437
630102200510071194
63010220040523959X
630102200202111692
630102200307249858
630102200111215971
630102200504201503
630102199908062049
630102200305239461
63010220070306736X
630102200511159286
630102200409302998
630102200110145940
630102200006029886
630102200411239975
630102199812282784
630102200112115016
630102199808099418
630102200104281532
630102199908048036
630102199809028152
630102200303083678
630102200308055510
630102199906197986
630102200408021254
630102199903025505
630102200009247440
630102200604270338
630102200303157403
630102200506302105
630102200411212377
630102200102270135
630102200401044533
630102200708143405
63010219980112393X
630102200308279514
63010220030611277X
630102200211285838
630102200002287984
630102199902219017
630102199805075197
63010220000402167X
63010219991201885X
630102199802125232
630102200012097391
630102200005109892
630102200402295078
630102199901258313
630102200406245676
630102200611238408
630102199905216698
630102199911273680
630102200407182515
630102200112145450
630102200202015000
630102200103117386
630102200010081919
630102200504157477
630102200009270552
630102200402273979
630102200508135443
630102199909075298
630102200201161153
630102199901315445
630102199909094747
630102200012220361
630102199804013701
630102200308089075
630102200402044420
630102200309165594
630102200008234103
630102200406086169
630102199805120613
630102200603255224
630102200702285963
630102200011053119
63010220050415994X
630102200607138519
630102200508059030
630102200103268088
630102200311179303
630102200607135932
630102200302130911
630102200103040032
630102200011032422
630102199902138399
630102200301238381
63010219990623154X
630102200311090368
630102200707130303
630102200606013263
630102200402077919
630102200310261698
630102200509279393
630102200610283952
630102200101097211
630102199810109179
63010220031118070X
630102199808020909
630102199710015466
630102200505114727
630102200604034351
630102199807310525
630102200405068022
630102200005211862
630102200705178178
630102200509258381
630102199904194079
630102200204067111
630102200105267337
630102200202089800
630102200404012561
630102200402018919
630102199901207364
630102200604148025
63010220021109816X
630102200203243320
630102200006041252
630102199810199215
630102200506073154
630102200302063114
630102200211289513
630102199711098128
630102200702173435
630102200606177962
630102200603018157
630102199907073125
630102200111302143
630102200101177115
63010220001221878X
630102200410178533
630102200602040221
630102200009305014
630102200601126277
630102199911109581
630102199901020399
630102200208236576
63010220070808269X
630102200504256037
630102199911095802
630102200003107017
630102200208129316
630102200606127818
63010219980611483X
63010219990301390X
630102199803207571
630102199801234429
630102200207205508
630102200412061742
630102200309194213
630102200212268108
630102200403294835
630102200207162034
630102200702157101
630102200612098291
630102200502255065
630102200109160000
630102200011075721
630102200706175614
630102200006075049
630102200001237344
630102200007130599
630102200704122359
630102200509226136
630102200312168809
63010220001025164X
63010219980528380X
630102200506306755
630102199912152354
630102200603226677
630102199903256135
630102200503190558
630102199805275842
630102200107228980
630102200307233434
630102200002011523
630102200610030648
630102199803166976
630102200206054744
630102200201166923
630102199902244079
630102200407058215
630102200401198209
630102200606208845
630102200011265242
630102199802080863
630102200002196222
630102200204249409
63010220020519848X
630102200405067521
630102199905206860
630102200601066278
630102200305178953
630102200610159345
630102199903052036
630102200403116609
63010220060827589X
630102199711266910
63010220030225093X
630102200211240234
63010220021211116X
630102200608022630
630102200104195722
630102200302040481
630102200208192577
630102199710114288
630102199811074924
630102199710141489
630102200508080868
630102200705264973
630102200409237583
630102200002194235
630102200411101693
630102199807016625
630102200601086658
630102200510017913
630102200001210096
630102200611083506
630102200102205376
630102200512227826
630102200610170392
630102199906156594
630102200211049640
630102200410297321
630102199907252182
630102200505251625
630102200207249383
63010220010612053X
630102200705143258
630102200106013216
630102200011158308
630102200510066344
630102200012235336
630102200310233873
630102200109210530
630102200504236829
630102200011271933
630102200205190584
630102199709303065
630102199805167796
63010220061010220X
630102200507071636
630102200409012114
630102200706228499
630102199802144310
630102200508286698
630102199812316606
630102200101152161
630102200110189652
630102200303110007
630102200108316093
630102199711087728
630102200001058661
630102200405099830
630102200309256322
630102200210306991
630102199907159391
630102200510292480
630102200002029942
630102200511121237
630102200601049742
630102200404307140
63010220030412219X
630102200011287871
630102200603306490
630102200707238189
63010220040303550X
630102199902055454
630102199905307434
630102200009294570
630102200203258944
630102200301312123
630102199802206219
630102199805094427
63010219990317069X
630102200207107246
630102200101184067
630102199906011926
63010220060411073X
630102200312197095
630102199906184341
63010219980520020X
630102200110029472
630102200003208504
630102200603065666
630102200005043651
630102200302131965
630102199910171615
630102200111170355
630102200305187868
630102200610010110
630102200610200256
630102200602276357
630102200607157373
630102200204224113
630102200003299338
630102200005261560
630102200308226615
630102199905034448
630102200507103167
630102199901147277
630102199809153164
630102200312215927
630102200105160599
630102199909136812
630102200611158731
630102200609226547
630102199904195012
630102200204042010
630102200709283872
630102200502259111
630102200201212088
630102200511299158
63010220050331627X
630102199810298694
630102199804150343
630102200104117740
630102200303312004
630102199804093182
630102200511249388
630102200501198046
630102200110263525
630102200001286357
630102200306255981
630102199812071231
630102199907023937
630102199904255206
630102200204274591
630102200212315955
630102200106102825
630102200107040195
630102200401127427
63010220060120452X
63010220070926230X
630102200108122133
630102200607086405
630102200703066076
630102200709210294
630102200410158559
630102200411147560
630102200207133751
630102200410048392
630102199803279807
630102199905280673
630102200412016925
630102199912317286
630102200305105463
630102200609254847
630102200610295531
630102200009108918
630102199811242553
630102200305073799
630102200110072796
63010220000120960X
630102200610291354
630102200510156972
630102200102014588
63010220010414225X
630102200009054024
630102200501051765
630102200303294133
630102200408285700
630102200409240934
630102200011065371
630102200203296262
630102200303054607
630102200604091719
630102199811081905
630102200504128238
630102200212217693
630102200412133945
630102200708266763
630102200707254402
630102200503056260
630102200512264803
63010220000930293X
630102200103195026
630102200105072871
63010220061104702X
630102200009102946
630102200106132143
630102200408167085
630102200104017459
630102199803291355
630102199901176457
63010220000612914X
630102200312061868
630102200509072173
630102200303315352
63010220021102403X
630102200312223679
63010220010514795X
630102200406271890
630102199911037338
630102199812314619
630102199907191770
630102200207037268
630102200112164598
630102200108271462
630102200403267554
630102200107223127
63010220000514302X
630102200003299661
630102199802046737
630102200204161845
630102200703245517
630102200506047597
630102200010160182
630102200504142291
63010220030115062X
630102200411082285
630102199906216761
63010220020930231X
630102200003246594
630102200708210786
630102200505202655
630102200705182345
630102199811090262
630102200010231366
630102199904192065
630102200705289441
630102199902015823
630102200709075723
630102199805211099
63010220030118984X
630102200312146079
630102199906079883
630102200603050093
630102200605315032
630102200008176222
630102200312120258
630102200703082615
630102200107226934
630102200211058811
63010220050322405X
630102200204239884
630102200112190403
630102200305182610
630102200012298310
630102199802149816
630102200410064544
630102199902142072
630102200706047620
630102200312294573
630102200601017417
63010220070331632X
630102200706061465
630102199808132185
630102200409034778
630102200301185275
630102199901214820
630102200508114597
63010220020311406X
630102200007205829
630102200309137913
630102200401029878
630102200305318282
630102200704086036
630102199901244755
630102199712318161
630102200611229130
63010220020621703X
63010220060915677X
630102199710095830
630102200011026794
630102200510017833
630102200508130407
630102200605225416
630102200408048537
630102200404302438
630102200204030802
630102200504277639
630102200602277851
630102200010055059
630102200201259580
630102200002134494
630102200405296578
630102199912077876
630102200105262640
630102199902097005
630102200507223417
63010220010510815X
630102200005130296
630102200109082073
63010219990122560X
630102200405027386
630102199710148461
630102200704195523
630102200109262189
630102199903038875
63010219980111657X
630102200106022753
630102200702026160
63010220010120489X
630102200002212704
630102200205310822
630102199911043447
630102200003277673
630102200504038873
630102200002284505
630102199808123190
630102200103191148
63010220020118294X
630102200410060906
630102200511300841
630102200612083137
630102200407125799
630102200612024356
63010220020817650X
630102200612046133
630102200210312523
63010220020301371X
630102200406063979
630102200206122882
630102199901155680
630102199905266839
630102199908307878
630102200107214212
630102199805192414
630102200401022879
630102200412187775
63010220030504383X
630102200304091899
630102200705036524
630102200310232256
630102200010163826
630102200410042548
630102199907206071
63010220070208482X
630102199810011796
630102200005190731
630102200207193279
630102200508251743
630102200002282542
630102200202070034
630102200401124605
63010219990422854X
630102200608279380
630102200201118796
630102200401074871
630102199806272459
630102200205056211
630102200203076315
630102200211072357
63010219980730917X
630102200406111694
630102200605227251
630102200607023965
630102200203238871
630102199901132059
630102199804233683
630102199809191056
630102200008108000
630102200108117641
630102200007046258
630102199804218555
630102200401021091
630102200007291181
630102200210199284
630102200403153282
63010219971108691X
63010220070504804X
630102200708083449
630102200401274830
630102200411040851
630102200212121560
630102200103307403
630102200307227720
630102200103179616
63010220011121483X
630102200412133777
630102199910013166
630102200112074509
630102200211147670
630102200303251483
630102200509067841
630102199909272152
630102199802050568
630102200010094007
630102200007255789
63010220020406835X
630102200508169387
630102199805175833
630102200603215986
630102200011270084
630102200407248422
630102200611259591
630102200410194509
630102200101066597
630102200009123237
630102200508301886
630102199901067736
630102200102027418
630102199805284589
630102200608199866
63010219990928767X
630102199908209274
630102200601305224
630102200606240714
630102200503192510
630102199711199666
630102200409054840
630102200509145176
630102200310156900
630102200410273493
630102200105317736
630102200311129074
63010220070216802X
630102200403110338
630102199805184051
630102200502214191
630102199806111751
630102200607272494
630102199809025971
630102200105124045
63010220020708307X
630102199904106526
630102200204113464
630102200206027682
630102200605044893
630102199810315685
630102200403160968
630102200001209204
630102200601048440
630102199807085970
630102200302033505
630102200103049942
630102199910194091
630102200709245630
63010220021021208X
630102199810024853
630102200109199378
630102200405305120
630102200605046020
630102200010062435
63010220030622953X
630102200306110109
630102199801122806
630102200103122177
630102200601299194
630102200412215115
630102200101262555
630102200402018353
630102200403200835
630102200709060134
630102200406092374
630102199806080916
630102200308045611
630102199712143584
630102200405291486
630102200603269853
630102200306091091
630102200302233400
630102199803179072
630102200505155975
630102200302012296
630102200409252740
630102200703312265
630102200102171663
630102200201109857
630102200312214190
630102200004258028
630102200009095184
630102200704196737
630102200507299067
630102200705269934
630102200402248204
630102199909282414
630102200103201799
630102200403082082
630102200202169480
630102200201075108
630102200112125898
630102200503191390
630102200309290125
630102200111254989
630102200702077136
63010220040617162X
630102200211212276
630102199904249551
630102199806142574
630102200611023933
630102200101162423
630102199910229434
630102199905188527
630102200401277759
630102200311020319
630102200101124443
630102200411222049
630102200708194667
630102200303146878
630102200601286625
630102199811085818
630102200108269549
630102200008271959
630102200502017518
630102200504202880
630102200103173740
630102200203078089
630102200006108373
630102200306117853
630102200610240522
630102200504048692
630102200706126601
630102200605132324
630102200003115295
630102200602097607
630102200602051377
630102200110262362
630102200106290985
630102200305107477
630102200612029210
630102200502025411
630102200503235867
630102200112046364
630102200610319732
630102199712277232
630102199812241552
630102200309055416
630102200705198777
630102200208055273
630102200108184051
63010220040525081X
630102200303192030
630102200109174218
63010220050530191X
630102200012180101
630102200501242705
630102200212050993
630102200101165851
630102200612127144
630102200411098834
630102200211116102
630102200502202086
630102200409203965
630102200011064600
63010220050525368X
630102200504191640
630102200012294344
630102200610276031
630102200104231076
630102199806163017
630102200512113634
630102200701317177
630102200702046639
630102200607133339
630102200207016328
630102200510023141
630102199901243680
630102200105145428
630102199911194456
630102199901209132
630102199712253775
63010219980616698X
630102199905117390
630102200702274367
630102200612032030
630102199804211644
630102200604134934
630102199712175156
630102200104217987
630102200104192150
630102200603157616
630102200504141416
630102200209279551
630102200608184648
630102200407013893
630102199912058245
630102200208114907
630102199902019381
630102200409212984
630102199811113559
630102199901225415
630102200311077630
630102200304108443
630102200210055598
630102200610018139
630102199807123375
630102200412061881
630102200709187338
630102200610289721
63010220020131480X
630102200407027961
630102199712179704
630102200704029891
630102199903215755
630102200308319336
630102200601101694
63010220040404677X
630102200610237470
630102199907249346
630102200704047440
630102199901216308
630102200512054072
630102199802173859
630102200405260479
630102199710051555
630102199812311311
630102200112300748
630102199906304382
630102200111179739
630102200605190030
630102200003100771
630102199911261516
630102200105075343
630102200306203364
63010220060103134X
63010220040415376X
630102200305159816
630102200003158770
630102200505254746
630102200411032085
630102200501174626
630102199901122010
630102200608040767
630102200211086636
630102199909240695
630102200605028295
630102200208018923
630102200408206267
63010220050530159X
630102200505186739
630102200301037010
630102199905095996
630102200205266083
630102199909128986
630102200408209409
630102200707048377
630102200709264954
630102200011280143
630102200408210012
630102200407193185
630102200506301129
63010220020707806X
630102200009288138
630102200212196212
630102199910313185
630102200409272055
630102200105268751
630102200612111943
630102200309037939
63010220040831097X
630102200402012242
630102200509219788
630102200501196761
630102200305283913
630102200302018073
630102200611234829
630102200509033166
630102200511188386
63010220041016668X
630102199811266942
630102199901192035
630102199802201063
630102200008237574
630102200610039714
630102200409305363
630102200010070689
630102200502167743
630102199902279191
630102200105148012
630102200504294033
630102200312137973
630102200106167039
630102200007094399
630102200211261094
630102200505165460
630102199901078013
630102200011171334
630102200210024652
630102200301300843
630102200206183554
630102199905138132
630102200007132949
630102200004240880
630102199910089099
630102200602222113
630102200503045510
630102200105098633
630102199904112846
630102200302107535
630102200208279146
630102199803091222
630102199905156373
630102199907247922
630102200111288783
630102200007058486
630102199802177884
630102200503319446
630102199911299311
630102200505266747
630102200708288153
63010219990201656X
630102199912180152
630102200403184337
630102200509111187
630102200512051306
630102199710043838
630102200308211245
630102200011161267
630102199911253540
630102199801294552
630102200607158229
630102200504016463
630102200305248640
630102199812184535
630102200203180470
630102200502017702
63010220010301212X
630102199710195145
630102199908313645
630102200102195876
630102200602029145
630102200706170063
630102200609249116
630102199801175158
630102199911238877
630102200302199820
630102200004303212
630102200101045649
630102200008273049
630102200311200168
630102200610144848
63010220040623984X
630102200511301596
63010220030210764X
630102200203310677
630102199710318731
630102200105181816
630102200708135712
630102200705122377
630102199902262760
630102200701099456
630102199710067848
630102200612287367
630102200509157900
630102200607314906
630102200402208157
630102200505312862
630102200507115619
630102200506110234
63010220010909076X
630102200310099256
630102200704229092
63010220061218881X
630102200212055911
630102200309189967
630102200705188528
630102199911092361
630102200106269502
630102200206084855
630102200402183877
630102200507311054
630102200108150599
630102200407016795
630102200008054583
63010220060109616X
630102200403205775
630102200303206463
630102200210188809
630102200009122808
630102200102124891
630102200106292833
630102199903068388
630102200303123617
630102200008053097
630102200504012147
630102200607060547
630102199807212810
63010220041227940X
630102200207214201
630102200706096334
630102200211228155
630102200606046591
630102200307061660
630102199912225680
630102200408317362
630102199805142011
630102200511214214
630102200201186000
630102200706092886
630102200501014112
630102199808120002
630102199911098712
630102200512221838
630102200108251656
630102200704098213
630102200301252757
630102200512270330
630102200012262588
630102200002038937
63010220010610285X
630102200110064040
630102200605026046
630102200703120677
630102200310088864
630102199806079835
630102200210196796
630102200005315258
630102200009289771
630102200608071387
630102199906229239
630102200210201903
630102200211272340
630102200111041895
630102200410213028
630102199908232343
630102200010184256
63010220070106742X
630102200212304017
630102200606122099
630102199802199813
630102199907125423
63010219990419102X
630102200508205229
630102199809048452
630102200303188701
630102200410257952
630102199905266708
630102200207231888
630102200507287023
630102200309263215
630102199711270848
630102199806263528
630102199902088408
630102200411097874
63010220030624799X
630102199811196112
630102200309096090
630102200612100769
630102200308056732
630102200610135714
630102200309072582
630102200107027281
630102200003317858
630102200101023159
630102200405130690
630102200507258847
630102200108269039
630102200604189521
630102200108270507
630102200105029398
630102199804130799
630102200507233885
630102200307112907
630102200012194685
630102200203141543
630102200009124731
630102200504285559
630102200203144154
630102199711094434
630102200212223217
63010220031227509X
630102199811030569
630102200611176921
630102200002240123
630102200012103376
630102200704096015
630102200508186283
630102200207149307
630102200101253851
630102200203025227
630102200709028572
630102200209256798
630102200205268791
630102200002270955
63010219980326711X
630102200210041508
630102199812096359
630102200601170809
630102200304220339
630102200503094961
630102199906156770
630102200403299177
630102200107263452
630102200006026298
63010220010512650X
630102200404287047
630102199910121861
63010219980909079X
630102200705054087
63010220020626432X
630102200105203501
63010220000112469X
630102199801305290
630102200403163309
630102200012196250
630102200209263285
630102200410056181
630102200104113029
630102200509225360
630102200001215321
630102199912220994
630102200201129129
630102200106204485
630102200404023148
630102200606042697
630102200005066490
630102200103206071
630102200703052520
630102200010037117
630102200409279636
630102200607199303
630102199804022368
630102200012294272
630102200609295745
630102200008244432
630102199805070353
630102200203202924
630102199808238887
630102199901161693
63010219980127421X
63010220060304104X
630102200506189632
630102200506106593
63010219991009500X
63010219981225744X
630102200602066405
630102200406079153
630102200410289057
630102200009228266
630102200211298065
630102200607135529
630102200503068990
630102199712260190
630102200104104149
630102200305209756
630102200508111222
630102200706093926
630102200508299982
630102200108181600
630102199801040114
630102200305180658
630102200110290566
630102200707312086
630102200112130494
630102199905289387
630102200007240093
630102200706166777
630102200604055750
630102200508233836
630102200012303917
630102199911100595
630102199805272385
630102200104154437
630102200503228173
630102200508131813
630102199911177912
630102200312107571
630102199809135310
630102200306120446
630102200003160205
630102200311012642
630102200112228352
630102200312057498
630102200205049185
630102200307041109
630102200006152446
630102200705114828
630102200502261086
630102200202237826
630102200307169743
630102200201048038
63010219990110148X
630102199712266357
630102200511084077
630102200302192530
630102200309120011
630102200602245673
630102199809204144
630102199805290655
630102200009184232
630102200207181139
630102199812267293
630102200511298366
630102200502198849
630102199804206378
630102200202167899
630102200306216720
630102200001092018
630102200212236480
630102199901076544
630102200007183340
630102200407197506
630102199803159549
630102199907271017
630102200303068523
630102200607123907
630102200512180781
630102200207289625
630102200503109238
630102200106175549
630102199809262432
630102200507074335
630102200005093237
630102200203012688
630102200501157156
630102200704076997
630102200703192590
630102200706292407
630102200202045357
630102199801140836
630102200210031537
630102200410013042
630102200307044203
630102199812268253
630102200609195920
630102199805048690
630102200103031013
630102200703255555
630102200408139682
630102199802225081
630102200604270899
630102199805234266
630102200509043794
630102200206096610
630102200510094396
630102199805188052
630102200202063635
630102200703186406
630102199907239981
630102200101081412
63010220051130181X
630102200507066108
630102199906291817
630102199901014327
630102200006194670
630102200308241612
630102200208131467
630102200002129185
63010220001215275X
630102200302250761
630102199912032096
630102199804111707
630102200402124703
630102199906229669
630102200401103257
630102200205260503
630102200411309443
630102200304301737
630102200106134034
630102199907049977
630102200405263434
630102200205204050
630102200010048828
630102200101142211
630102200201189498
630102200303101901
630102200005175275
630102200109054902
630102200605099480
630102200312274417
630102199807245575
630102200506173729
630102200505169509
630102200304010016
630102200505111219
630102200001036681
630102200701193127
630102200109203533
630102200402146224
630102200008090947
630102200406209747
630102200601198123
630102200506224098
630102200510280666
630102200211065077
630102199904258749
630102200605270436
630102199902189225
630102200505206971
630102200407265062
630102200004124863
630102200708181807
630102199905190766
630102200505225865
630102200306132076
630102200401267614
630102199710282812
630102200510151936
630102200611040792
630102199812081835
630102200604042677
630102200601103235
630102199807258616
630102200607276321
630102199910201116
630102199910177072
630102199907141917
630102199909024546
630102200012280575
630102200005063660
630102200008270665
630102200009141208
630102199806010539
63010220070729421X
630102200106158060
630102200309092399
630102200702124692
630102200208201154
630102199809220953
630102199809073711
63010219990326037X
630102200606192724
630102200004243475
630102200311083715
630102200002283836
630102200003150365
630102199810027499
630102200201167547
630102200310123332
630102200311041179
630102200604266128
630102200112099765
630102200309094845
63010220001229458X
630102199811213074
630102200206234286
630102200702195028
630102200309273800
630102200012191505
630102199906125923
630102200412165058
630102200109215913
630102200204156691
63010220001124445X
63010220010605216X
630102200003193509
63010220010616978X
630102200005023992
630102200211149596
630102200610121371
630102200003101336
630102199805187535
630102200009171319
630102200206287791
630102200707267924
630102200703164098
630102200208222270
630102199802038294
630102200604053421
630102200311228240
630102199809150916
630102200005182301
630102200509162339
630102199905234458
630102200001295691
630102200412173226
630102200603221964
630102200302014910
630102200605060340
630102199811075118
630102200403306891
630102200406176340
63010219980114284X
63010219991022705X
630102200203085473
63010220070228942X
630102200709128872
630102200709136258
630102200106045648
630102200301185654
630102200605301896
630102200311010575
630102200605161264
630102200503085782
630102200611190483
630102200707206398
630102200508302635
630102200706145490
630102200702038057
630102200604302977
630102200210188892
630102200603305316
630102200603241375
630102199911175247
630102199809286514
63010220050911429X
630102200306218267
630102200011283440
630102200005120039
630102200506164072
630102199808242608
630102200112203657
630102200708283176
630102200612124373
630102199811133453
630102200604085941
630102200306131655
630102200304283866
630102200501191506
630102200006264229
630102199808062594
630102200305096050
630102199903187408
63010219990805652X
630102200303085219
630102200503037377
630102200508125501
630102199811287751
630102200103246663
630102200204122416
630102200106115589
630102200504152684
630102200612151996
630102200708299610
63010220060728388X
630102200603192518
630102200101278434
630102200305289848
630102200003112983
630102200410014870
630102200704030008
630102199906226230
630102200602120547
630102200012077710
630102200512030230
630102199905098230
630102200310238180
630102200111046282
630102199809071337
630102200104231113
630102200106271792
630102200204215997
630102199904023747
630102200709084259
630102200206110208
630102200302159466
630102200208014295
630102200005067717
630102200105259791
630102200402076035
630102199904295080
630102200001215938
630102200101318256
630102200210161673
630102200609244710
630102199809257908
630102200109157645
63010220010607027X
630102200010255608
630102200612153721
630102200210244460
630102200609177431
630102200105140133
630102200505174076
630102200112200990
630102200505074550
630102200002076036
630102200101165384
630102199710147581
630102199901244624
63010220030410803X
630102200705052022
630102200206223755
630102200101076752
63010220010908524X
630102200007301220
630102200308096291
630102199712210492
63010220051212996X
630102200601080862
63010220040613516X
630102200101290564
630102200507174336
630102200402031929
630102200312283137
630102199904220556
630102200201040669
630102199806264627
630102200005015597
630102200202151037
630102199906070934
630102200404196209
630102200302065101
630102200304138976
630102200102230328
630102199903276558
630102200201196612
630102199711218476
630102200509177469
630102200008239190
630102200210173711
630102200303165796
630102200111282533
630102200305139604
630102200109309776
630102200406112216
630102200011118349
63010220001205034X
630102200608048515
630102199911265971
630102200103152958
630102199807310015
630102200608106455
630102200308276073
630102200305028576
630102199711081510
630102200507064030
63010220000607680X
630102200212165475
630102200007137790
630102200205056633
63010220020122955X
630102199811221971
630102200310086260
630102200705186450
630102200001213502
630102200402237177
630102199910074145
630102200103151031
630102200605028543
630102200007025246
630102200506026905
63010220020815890X
630102200206139692
630102200704172831
630102200506034809
63010220041218390X
630102200011030857
630102200104218314
630102200208113066
630102200606190390
630102199903031067
630102200507101903
630102200408312588
630102200004241293
630102200604173925
630102199807099758
630102200207041275
630102199906172746
630102200501229180
630102200706195148
630102200205132843
630102200602139117
630102200101253835
630102200708225769
630102199908286413
630102200503211240
630102200002101828
630102200004152629
630102199905169449
630102200503146565
630102200410220199
630102199810038673
630102200104110493
630102200203178282
63010220000625598X
63010220000703074X
630102200207318115
630102200409056301
630102200212020479
630102200302234307
630102199712289858
630102200412205283
630102199801250728
630102200412028205
630102200004176890
630102199911275774
630102200701297380
63010220050627428X
630102200506084830
630102199908311543
630102200402207605
630102200411081741
63010220010930318X
630102200304013137
630102200209142512
630102200102119662
630102200011106663
63010220060111505X
630102200309186600
630102200012125786
630102200408117467
630102200609289054
630102200512023583
630102200101296835
630102199810160388
630102200503172528
630102199909186537
630102200510300604
63010220040125504X
630102200512027023
630102200107106959
630102200012317913
630102200502268966
630102200004058843
630102199807097453
630102200504186702
630102200103074080
630102200407021121
630102200110105826
630102200502169458
630102200005073818
630102200405135045
630102200001154311
630102200608258416
630102200105167766
630102200403163237
630102199908032392
630102200307228360
630102200306059067
630102200402233459
630102200406254847
63010219990115256X
630102200004307547
630102200403255406
630102200306216413
630102200206126250
630102200310248717
630102200008051016
630102200609026078
630102200202233497
630102200303047060
63010219991002472X
630102199907123882
630102200709109110
630102200701016809
630102199812148008
630102200609082424
630102200308164776
630102200308145786
630102200012188007
630102200010189671
63010220030904707X
630102200301151550
630102200702277832
630102200305058281
630102200205194163
630102200011108079
630102200206145849
630102199711307719
630102200310287273
63010220011211139X
630102200211191698
630102199911154892
630102200208062094
630102200004064338
630102200010130952
630102200007068190
630102200412146383
630102199910195561
630102200408157469
630102199805122651
630102200105011059
630102200509150813
630102200511031397
630102199806129484
630102199801022004
630102200001295317
630102200412143641
630102199905052654
630102200612081115
630102199903104609
630102199902120359
630102199804190134
630102200701013122
630102200212059074
63010220050807891X
63010220000621976X
630102200702045679
630102199811256322
63010220040120754X
630102200201286415
630102200012292410
630102199905045972
630102200007124113
630102200109090495
630102199905148664
630102200407162231
63010219981104344X
630102200007199756
630102200207068582
630102200210261973
630102199712040374
630102200512061627
630102199903104836
630102200004257746
63010220030914155X
630102200606102602
630102199710278020
630102200511206783
630102199906031660
630102199903040297
630102200303165550
63010219990917216X
630102200107039389
630102200304307207
630102199808216661
630102200201126198
630102200101194505
630102200004145517
630102200103266461
630102199808098490
630102200401200233
630102200605131006
630102199803262562
630102200206105222
630102200201045523
630102200404126542
63010220000720659X
630102200007177311
630102200604160374
630102200611090829
630102200707014230
630102200607232804
630102200104124131
630102200611151257
630102200312173771
63010220010825294X
630102200201186078
630102200003274800
630102200104202515
630102200507139629
63010220060506726X
630102200103221431
630102200408319130
630102200204085133
63010220070328134X
630102200104252360
630102199804305990
630102200608277641
630102199909024140
63010220020215588X
630102200501205605
630102200006235313
630102200306084975
630102200112010679
630102200110059081
630102200103045511
630102200511169134
630102200408181821
630102200608113057
630102200410214813
630102200509260895
630102199804160883
630102200504235834
630102199912221575
630102200311263505
630102200401010907
630102200402289057
630102200603105007
630102199904123123
630102200505142488
63010219990703779X
630102200705197985
630102200003118349
630102199805304914
630102200406099808
630102200001050838
630102200406289927
630102199910056297
630102200312220355
63010220021208419X
630102200101181843
630102200707177646
63010220000622485X
630102200604171671
630102199803025874
630102200502171072
630102200709071300
630102200301086461
630102200304309157
630102200702033133
630102200005077966
630102200012071570
630102200409033214
630102200704287778
630102200312122528
630102200211117156
630102200206021862
630102200105305612
630102200312116603
630102200312090140
630102200605087623
630102200205214566
630102200206231894
630102200511201966
630102199804256121
630102199903261217
630102200612065131
630102200509282138
630102200603216874
630102200112190729
630102200602185711
630102200204230441
630102199811274707
630102200502099680
630102200112257305
63010219980321208X
630102200610204441
630102200402113668
630102200210257990
630102200503028657
63010220020531249X
630102199802029320
630102200405070771
630102199909282481
630102200510287008
630102200412218594
630102200207253956
630102200210025057
630102200709252611
630102200010201028
630102200004102357
630102200112261283
630102199801136458
630102200605080560
630102200108261256
630102200212318312
630102199710065068
630102200707311518
630102199803044645
630102199906052517
630102200502158732
630102200202222341
630102199712314363
630102200209279914
630102200302242542
630102200701028834
630102200304125948
630102199803268737
630102200302088549
630102200205166904
630102200006023257
630102200112276485
630102199805205297
63010220010912523X
63010219990823308X
630102200411303949
630102200112103250
630102200106172110
630102199905071740
630102200311189800
630102200212259930
630102200704091927
630102199803309084
63010220000923931X
63010220051120637X
63010219980219000X
630102200204143014
630102200507251215
630102200411061847
630102199803053701
630102200304307370
630102200703120044
63010220011215746X
630102200210050148
630102200005055310
630102200111299028
630102199712097522
630102200206027906
630102200205186710
630102200209029253
630102199807119907
630102200101048014
630102200005028988
630102200605088909
630102199905042309
630102199712020285
630102200702218103
630102200708115404
630102200110143929
630102199901122643
630102200401182370
630102200407268722
630102200204156122
630102199805164122
630102200211059160
630102200310084089
630102199806228749
630102199811149340
630102200205251084
630102200106065219
63010220060314863X
630102200107284464
630102200611194185
630102200702065127
630102200203113438
630102200206202567
630102200408240369
630102200212136922
630102200012093761
630102200106289255
630102200109307877
630102200506148769
630102200410041481
630102200603294135
63010220060522179X
630102200604082206
630102200202083994
630102199710156971
63010220070822861X
630102200302019156
630102200010310865
630102200611111482
630102200007300068
630102200511181352
630102200008089137
630102200006234417
630102200205312801
630102200006271971
63010220000126094X
630102200112072239
630102200608265448
630102200201276276
630102199907132009
630102200201307079
630102199810271635
630102200309130471
630102200402163745
630102200208074933
630102199908155464
630102200611195719
630102200310232862
630102200309199874
630102200510059080
630102200410264036
630102200108227859
630102200306263586
630102200311197712
630102200407143970
630102199711142336
630102199805288272
630102200204236333
630102200311082675
630102200407011003
630102200507293570
630102200611013890
630102199710144698
630102200004072936
630102199906275286
630102199912252830
630102200504131218
630102200704256381
630102200610014605
630102200302264856
630102200505279513
630102199903213880
630102200707080756
630102200010133803
630102200706113149
630102200007311998
630102200502027054
630102200006284393
630102200705100602
630102200403201897
630102199901081925
630102200207275223
630102200206306155
630102199909130912
630102199903291555
630102200303187100
630102200109046849
630102200203025112
630102200204294429
630102200111246794
63010219980304168X
630102200507148859
630102200412098860
630102200004032088
630102200105252012
630102200503246777
630102200706134783
630102200002011662
630102200206220896
630102199801041440
630102199804170002
630102200607252936
630102200410116359
630102200511239032
630102200007093791
630102200408039796
630102200708045573
630102200206283731
630102200401246653
630102200203268923
630102200306175287
630102199803204119
630102200112022928
63010219980804349X
630102200312112653
630102200412247061
630102200607138404
630102199812211695
630102199711207814
630102200410123794
630102199902113845
630102200304128890
630102200209085052
630102199905208962
630102200408277137
630102200212284976
630102200702070225
630102199902010520
630102199810165058
630102200010054320
630102200411259095
630102200610194634
630102200012236726
630102200203318521
630102200110316770
630102200401255007
630102200202178256
630102199806103321
630102200407193839
630102200312155645
630102200108285944
630102200611028128
630102200612167541
630102200208024362
630102200310093452
630102200602189464
630102200205138989
63010219990618523X
630102200306099974
630102199805226493
630102199911268603
630102199712113844
630102200512254592
630102200708101678
630102200506257770
630102200201236880
630102200405106447
630102200105307028
630102199907240237
630102200609255102
63010220040218858X
63010219980511191X
63010220011219843X
630102199811289095
630102199905040565
630102200401200356
630102200508200700
630102200706031530
630102199712216747
630102199710042958
630102200207243707
63010219971109707X
630102200102255904
630102200405110948
630102200505233179
630102200005050894
630102199903112676
630102200507219792
630102200001303102
630102200406049077
630102200407296715
630102200703058359
630102200110245239
630102199908017248
630102199906235612
630102200304264446
630102200312124769
63010220040813550X
630102200210272541
630102200206278158
630102200507161885
630102200605175877
630102200002189276
630102199810115501
630102200008201766
630102200612286997
630102200511066565
63010220001110035X
630102200511173221
63010220021219011X
630102200008094059
630102200705258290
630102200012014488
630102200708113425
630102200311190705
630102200007092916
630102200606159465
630102200302099301
630102200704125445
630102200506165761
630102200507296026
630102200303109022
63010220011102071X
630102200208198485
630102200211240250
63010220000718276X
630102200204178719
630102200102250847
630102200610194087
630102200504062013
630102200012283258
630102200309067951
630102200606215594
630102200612162740
630102200402147817
630102200704164321
630102200706180819
63010219980605956X
630102200505113580
630102200109157880
630102200407058127
630102200510292050
630102200010171797
630102200510187664
630102200107138555
630102199806112156
630102200107222669
630102200006260623
630102200509041473
630102200004101514
630102200511190451
630102200011283627
630102200702230671
630102200706278170
630102199905096016
630102200401303363
630102200612196078
630102200403245451
630102199902208051
630102200703148346
630102200011160360
630102199911239685
630102199807261452
630102200606052780
630102199812260892
630102200205307447
630102200309205568
630102200110273408
630102200506162720
630102200306032286
630102200105151713
630102200004115617
630102200705225966
630102200607244354
630102199809212240
630102200212256553
630102200412262907
630102200606095836
630102199912120088
630102200701192175
630102200203272471
630102200501168568
630102200110095509
630102199810118972
630102199712284192
630102200312219426
630102200706070118
630102200512092271
630102200204067525
630102200508302045
630102200304127425
630102199809217666
630102199805230847
630102200511283236
630102200105160281
63010220000220777X
630102200307034208
630102199710201816
63010220050820965X
630102200209142424
630102200504110863
630102200305055144
630102200004307176
630102200704222552
630102200207094094
630102200104070989
630102200507183590
630102200208209447
63010220060825372X
630102200206150963
630102199907122337
63010220041121484X
630102200210113962
63010220000201904X
630102200205011822
630102199906249360
630102200309069690
630102199910246525
630102200610233146
630102199907045706
630102199907264482
630102200610074931
630102200304298697
630102200204271702
630102200102279340
630102200702033838
630102199904267776
630102199906102887
630102199802174456
630102200610185711
630102200002199343
630102200205175499
630102200003142998
630102199903161427
630102200507308496
630102200002296100
630102199907035575
630102200307077929
630102200001301334
63010220060623367X
630102200708144205
630102200103173046
630102200506187178
630102200111234283
630102199909182501
630102200002201140
630102200211226731
630102200405244452
63010220070906803X
630102200102124699
630102200005087398
630102200101295138
630102199810163888
630102200611193158
630102200504252474
630102200103050361
630102199907308211
630102200007242603
630102200312177908
630102200002052560
630102200309145200
630102199808035895
630102200604014027
630102199810103690
630102200106268374
630102200106115220
630102199905169545
630102200107308171
630102199811098379
63010219980328055X
630102200511157571
63010219990722590X
630102199903049814
630102199901282823
630102200311155811
630102200705106713
630102200103257952
630102199902100622
630102200512212878
630102200701294622
630102200707172802
630102200604144673
630102200509193573
630102200204228886
630102200607079379
630102200707045379
630102199809192868
630102200012131377
630102200701263375
630102200601309647
63010220070529294X
630102199809184542
630102199911019615
63010219990418820X
630102199712280271
630102200205222494
630102200107243902
630102200303245681
630102200303272743
630102200301203154
630102199903291109
630102200402218064
630102199809240321
630102199808279195
630102200608274723
630102200301106741
630102200509120286
630102200108292714
630102200601074403
630102200306141298
630102200511088035
630102200608273413
630102199910042194
630102200505148580
630102200306213036
630102200310142680
630102200407249644
630102200212274620
630102200501128179
630102200303259223
630102200509175543
630102199710263662
630102199912184401
630102200301266155
630102200305318602
630102200003079685
630102200605250945
630102200112316635
630102199807081435
630102200110025025
630102200709275274
630102200605050839
63010220070507888X
630102200108108323
630102200410015830
63010220000120135X
630102199802097657
630102199808165905
630102200108314215
630102200009131990
630102200007050003
630102200302013133
630102200010143956
630102200008256740
63010219980811266X
630102200012061073
630102200402181791
630102200101208313
63010220070325128X
63010220060104620X
630102200003127704
630102200509169012
630102199911013942
63010220020717959X
630102199903192020
630102200008200982
630102200108178364
630102200605010386
630102200602020319
630102200407272414
630102200702017256
630102200502190281
63010220021108733X
63010220000905741X
630102200108285346
63010220000208882X
630102200110166311
630102200301094488
630102200103126389
630102200010120068
630102199904027027
630102200307250453
630102199710048524
630102199805296512
63010220000724852X
630102199803218158
630102200310074374
630102200202118456
630102200201118518
630102200006042140
630102200311120619
630102199806090989
630102200609140284
630102200001319198
630102200708202989
630102199907044690
630102200102264018
630102199803091636
630102200507099508
630102200412102778
630102199808141428
630102200008099108
630102200107164278
630102200701249450
630102200508108082
630102200106190415
630102200301242823
630102199712278526
630102200403013570
630102200010314065
630102200707118136
630102200003182498
63010219980901325X
630102200303139336
630102199810197914
630102199911293200
630102200409242681
630102200209126598
630102200309121081
630102200105084370
630102199812228024
630102200101146255
630102200411280695
630102200705241616
630102200311030648
630102200208143409
630102200406160832
630102199910103460
630102200105262165
630102200109063163
630102199907249338
630102200610089754
630102200303290976
630102200611196180
630102199812137261
630102200206160301
630102200502146192
63010219971105028X
630102200505013862
630102200606227843
630102200001279309
630102199902089726
630102200002244722
630102199711048147
630102199910063083
630102199803044127
630102200304156656
630102200608102673
63010220000721598X
630102200107057173
630102200410088685
630102199807204415
630102200104240984
630102199803212442
63010220010818713X
630102200204193038
630102200104085101
630102199905275313
630102200608272816
63010219990623517X
630102200207113697
630102200512252247
630102200101213040
630102200107319583
630102200007084254
630102200411167617
630102199906036277
630102200408056596
630102200307063391
630102200301285997
63010219991205579X
630102199912184006
630102199910094795
630102200510171152
630102200509286796
630102200612234863
630102199710185668
630102200507306060
630102200201258430
630102200703109451
630102200005022885
63010220030110480X
630102200610217066
63010220040204202X
630102200607127131
630102199810047633
630102200204068309
630102199911064010
630102199811263530
630102199806270701
630102199803276606
630102199907275384
630102200607164696
630102200404255950
630102199803127096
630102200508237714
630102199911067254
630102200005028099
630102200207226683
630102200011278377
630102200212284749
630102200702287408
630102200407252202
630102200707226532
630102199905298072
630102200601193840
630102200006054803
630102200401099067
630102199807231085
630102200708093428
630102200208273940
630102200405238618
630102199903193314
630102200408084626
630102200002212309
630102200707206953
630102199901085969
630102199811065630
630102200501147732
630102200005039249
63010220041116941X
630102200506078502
63010219981201283X
630102200511099797
630102200007043647
630102200003315297
630102200605031750
630102200704223221
630102199903191298
630102199806036798
630102200208258775
63010220000308242X
630102200704034236
630102200509095981
630102200305188086
630102199906047937
630102200304186310
630102199908187247
630102199907095498
630102199808038586
630102199808257842
630102200005316453
630102200312044267
630102200512167931
630102200009142390
630102200004227889
630102199910192897
630102200010066137
630102200208114122
630102200709029559
630102200303014947
630102199802015754
630102200001290321
630102200110160868
630102199812092120
630102200005121058
630102200007018337
630102199901157600
630102200201163773
630102200103273389
630102199807054496
630102200208145471
630102199801020447
630102200512185769
630102200105304564
630102199812242985
630102200709160231
63010220070706297X
630102200601141469
630102200401217545
630102199711153713
630102200010312326
630102200511262128
630102200108012145
630102200307299361
630102200504154225
630102200308097163
630102200003170315
630102200612275892
630102200408305118
630102200406042588
630102200304015343
630102200305143021
630102199902204771
630102200201141355
630102200111103240
630102200612300357
630102200201186342
630102200001198170
630102200304200266
630102200008258439
630102200104256601
630102200410262516
63010220061026003X
630102199803066393
630102199801021343
630102200006046598
63010220030121729X
630102200112016587
630102200104186543
630102200008015381
63010220020207473X
630102199802015690
630102200312053024
630102199907117327
63010219991116496X
630102200510189360
630102200411034822
630102200412168814
630102200005082001
630102199909045064
630102200706212112
630102200108291631
630102200205085143
630102199903197403
630102199712016577
630102200305154011
630102200410208982
630102199810094966
630102200507124099
630102200304159558
630102200409287169
630102199911232264
630102199908239203
630102200510234176
630102200512159544
630102200209259323
630102200601136280
630102200312150190
630102200203153616
630102200309122957
630102200204126679
630102200506064231
630102200606241645
630102200005027539
630102200403052860
630102200604118774
630102200101061630
630102200103062557
63010220030124049X
630102199809109075
630102199911152838
630102200609215127
630102200104296101
630102199807246033
630102200111266103
630102200311085200
63010219990918729X
630102200205125264
630102200305268959
630102200408207745
630102200107018043
630102199902064238
630102200308078894
630102200509200227
630102199809117251
63010220040113685X
630102199812147777
630102199901245168
630102200612230264
630102200007291720
630102200407203419
630102200108207663
630102200706106459
630102200608315353
630102200111066195
630102200105278490
630102200001150767
630102200211134378
630102200609116356
630102200209154636
630102200511190128
630102200308062294
630102200203262310
630102200405136590
630102199904118551
630102199907245329
630102199902215163
630102200504281347
630102200408104877
630102199801097428
630102200309043896
630102200306195923
630102199804059742
630102200612275809
630102200611282417
63010220040328192X
630102200410125116
630102199801268282
630102200101216778
630102200005168251
630102199712226080
630102200511213019
630102200602084152
630102200708300714
630102200104101933
630102199902050231
63010220020328849X
630102200404024968
630102200509034572
630102199812257722
630102200603300443
630102200709015077
630102200307206807
630102200510065560
630102199810096005
630102200212301772
630102200011096661
630102200306213132
630102199805159606
630102200309015908
630102200503311647
630102200101286303
630102200107239460
630102200409246447
630102199811190036
630102199911242446
630102200606246243
630102200001132681
630102200509151517
630102200309237594
630102200701283958
630102200108129490
630102199907077062
63010220050515899X
630102200704285369
630102200209139508
630102199804300997
630102200404029355
630102200704289706
630102200412210517
630102200202139388
630102200208121947
630102200004151749
630102200212055604
630102200109037707
630102199801190964
630102200409027121
630102200512159616
630102200007289401
63010220040128262X
630102200705259269
630102200004063490
630102200601261719
630102200401024452
63010220020911217X
630102200201221750
630102200107103280
63010220000703955X
630102200005240962
630102200301211250
630102199908162621
630102199807086850
630102200112316600
630102200405297810
630102200403130697
630102200701062055
630102199806241636
630102200406072189
630102200208085130
630102199909215393
63010220070726693X
630102199710259532
630102200504135796
630102200112051569
630102200207309569
630102200501194264
630102200007194314
630102200612153844
630102200005095443
630102199911156580
630102200012238799
630102200307044932
630102200111253708
630102200011059780
63010220010207517X
630102199912105355
630102199908289307
630102200002163535
630102199901166910
630102200704157500
630102200412196743
630102200007255797
630102200304264120
630102200209237570
630102200702261259
630102200308170981
630102199911255909
630102200508064921
630102200409124976
630102200408158146
630102200103108324
630102200708037522
630102200409149137
630102200102173183
630102200409046859
630102200003022320
630102200112319545
630102200208143660
630102200004101987
630102200405180807
630102199901303540
630102200503077571
63010220000103861X
63010220040604273X
630102200501018594
630102200404267855
63010220061018070X
630102200708068513
630102200205258737
630102200606143228
630102199808087759
630102200501111086
630102200110285329
630102200601265648
630102200411161231
630102199903253890
630102200601011103
630102200007042310
630102200702024843
630102200507246694
630102200106276470
630102200208069026
630102200707057273
630102200007244617
630102200111133554
630102200003171318
630102200311015915
630102200105017936
630102200306280255
630102200001244448
630102199805191913
630102200209280771
630102200203172235
630102200704256146
630102200009048302
630102200512251527
630102200603307784
630102199711119128
630102200505259336
630102199710258126
630102200307021685
630102200606143500
630102200304123416
630102200604207603
63010219980110080X
630102200603108072
630102199910195123
630102200211254118
630102200107108962
630102200207099725
630102199807293243
630102200501199495
630102199801193647
630102200212209036
630102200404294175
630102199904119271
630102200303209410
630102200708046517
630102199808199419
630102199801237523
630102199907225811
630102200611070844
630102199903255167
630102200411279045
630102199709309141
630102200212106571
630102199806251471
630102200604051004
630102199804297732
630102200011034700
630102200212038038
630102199911136037
630102200605209088
630102200309288420
630102200108032672
630102200011154630
630102200708123332
630102199911080416
630102200006273782
630102199809275217
630102200609079372
630102200004151781
630102200108245504
630102200202247194
630102200312308269
630102200102109261
630102200501299824
63010219971202151X
630102200109113431
630102200211216226
630102200101249529
630102200103310848
630102199809059944
630102199810017987
630102199902273443
630102199806208844
630102200709104723
630102200508261386
630102200703245760
630102200112088847
630102199811126173
630102200012269309
630102200709093454
630102200105090316
630102200512105749
630102199911205944
630102200201185593
630102199806226989
630102199808273244
630102200105317568
630102200011108909
630102200510099111
630102200704042922
63010220060708483X
630102200510070984
630102199809187268
630102200607263096
63010219990228541X
630102200309216232
63010220061109378X
63010220070917297X
630102200503149715
630102200611127732
630102200708185138
630102200507145375
630102200608090158
630102200202034252
630102200109212317
630102200510222909
630102200607059490
630102200205219770
630102200206071034
630102200312162650
630102200211209851
630102199905072444
630102200609134386
630102200012311933
630102200511298593
630102200611243194
630102199801191596
630102199809070801
630102200112180950
630102200012197827
630102200112153928
630102199710195698
630102200706136543
630102199808249252
63010220030607251X
630102200602158529
63010220050327724X
630102200702014418
630102200202228743
630102200010112383
630102199807262463
630102200405018877
630102199802278829
630102200510140823
630102200407098698
630102200406259218
630102200209087656
630102200411201598
630102200304298822
630102200003218382
630102200111039402
630102200310305080
630102199906151101
630102199802289878
630102199802282465
63010219980117960X
630102200004100319
630102200403303535
630102200004117372
630102200703292962
63010220020323159X
630102200501242510
630102200609219881
630102200405253471
630102200707281531
630102200303049955
630102200412205777
630102200603238854
630102199909079790
630102200609196739
630102200708272098
630102200210257587
630102199910075690
630102199805244114
630102200110122458
63010219990524674X
630102200605245636
630102200403119981
630102200604250089
630102200407139226
630102200306171892
630102200502176260
630102200403043526
630102200308203464
630102200305273475
630102200206235799
630102200708163166
630102200701309732
630102200011064344
630102199710222019
630102199805173643
630102200001106950
630102200307189277
630102200510125674
630102200307039658
630102200401041906
630102200607183475
630102200309033102
630102200305307874
630102200402227016
630102200410080675
630102200311118025
630102200610116089
630102200706216631
63010219991119451X
63010220020113047X
63010220001218222X
630102199903106452
630102200301047331
630102200602255943
630102200201228143
63010220020901078X
630102199711179454
630102199909172338
630102200510122852
63010220061229572X
63010220010208499X
630102199904307117
630102200709069913
630102199807060650
630102200301033730
630102200106172639
630102199906108170
630102199909297579
63010220070918783X
630102200005309253
630102200103028367
630102199904189077
630102200211108153
630102200303092937
63010219990615744X
630102200207068961
63010220070901033X
630102199908250904
630102199712296070
630102199806011582
63010220021027896X
630102200701148801
630102200012263353
630102200308236784
630102200601188195
630102200005114026
630102199910199845
63010220031120090X
630102199801058656
630102200705315785
630102200508157079
630102200603248526
630102200003262658
630102200107143119
630102200703045910
630102200208306239
630102200112308483
630102200204176254
630102199801158729
630102200105162084
630102200109110126
630102200102226089
630102200611037948
630102200507037657
630102199810232345
630102200112207447
630102200601247685
630102200404278001
630102200203104857
63010220050215589X
630102200302221813
630102200302131009
630102200412277615
63010219980705164X
63010219981019676X
630102200003195555
630102200110071224
630102200306057731
630102200301190322
630102200104151244
630102200506140134
630102199810247619
630102200101122560
630102199803021566
630102199802207684
630102200005151126
63010219980311835X
630102200410030109
630102199812195955
630102199801204115
63010219980113951X
630102199801261566
630102200706191091
630102200701066523
630102200306194904
630102200702203948
630102200006303523
630102200207095775
630102200609114959
630102199804167102
630102200011180556
630102200705039215
630102200602108767
630102200009060029
630102200606279985
630102200701133271
630102200209068906
630102200311218712
630102200708169402
630102200402113676
630102200008256732
630102200201315140
630102200407311305
630102199812015352
630102200012012028
630102199903034989
630102199912292808
63010220000426601X
630102199812111758
630102200301264774
630102200401207734
630102200609089562
630102200312149632
630102200612182565
630102200112217389
630102200010021828
630102199711181247
630102199910251156
630102200606094163
630102200206151667
630102200709228670
630102200107287470
630102200607134673
630102200603163493
630102200001214433
630102200202068794
630102200702128239
630102200002213969
630102200305044533
630102200011146737
630102199903177138
630102200102063865
630102200610034112
630102200305241086
630102200508301325
630102200210265640
630102200103155884
630102200205084239
630102200212306450
630102200606133839
630102199911275686
63010220070505882X
630102200501318247
630102199912191521
630102200210205226
630102199807259934
630102200202259689
630102200210167856
630102200101067370
630102200009208150
630102199906285679
63010220070223404X
630102199809014682
630102199909289456
630102200510191719
630102199909040829
630102200707242540
630102199810278888
630102200109216131
630102199803058481
630102200602231466
630102200605302813
630102200210133664
630102200602285296
630102200310236708
63010220010207349X
630102200405047731
630102199906069482
63010220050706126X
630102200004192276
630102200004117065
630102200105222040
630102199808285173
630102199808151140
630102200303274570
630102199808141559
630102200108149336
630102200507038764
630102200410315577
630102199812317158
630102200001086152
630102200401012822
630102200408246154
630102199904082608
630102199711013390
630102200505015024
630102200508107063
630102199805165934
630102200104247203
630102200205175077
630102200410216579
630102200209254071
630102200109025263
630102200505018065
630102200412302104
63010220070424847X
630102200504247587
630102200207153023
630102200309305286
630102200110191111
630102200302121070
630102200512069821
63010220000928839X
630102200404089593
63010220050703355X
630102200206215181
630102200609158679
630102199811158423
630102199903080344
630102199802163941
630102199803060821
630102200408110986
630102200402219657
630102200311095484
630102200705308323
630102200207020052
630102200511277055
630102200012100132
630102199809056284
630102200410112091
630102200410123583
630102200602120678
630102199909216839
630102200502213383
630102200512303673
63010219980327095X
630102199903299311
630102200603140857
63010220021225331X
630102199806296274
630102199710044654
630102200610016440
63010220010305950X
630102200303298871
630102200706107654
630102200609035222
630102200010024279
630102200709097498
63010220040804638X
630102199906070723
630102200510271241
630102199805285127
630102200006205114
630102200302204802
630102200507092664
630102200406019118
630102200701311824
630102200205102003
630102200701109407
630102199912189974
630102200603117032
630102200504086816
630102200003171801
63010219991120460X
630102200609091080
630102200209255525
630102199909189148
630102200310259037
630102199905035061
630102200705181633
630102200011281824
630102200004253606
630102200001134898
630102200609113550
630102200703114955
630102200708174885
630102200702118874
630102200307215711
63010220031213203X
630102199808039933
630102199912143255
63010220070729683X
630102199807274042
630102200302263562
630102200702182454
630102199808190895
630102200702027833
630102200703136564
630102200608213904
630102200701207066
630102200003132538
630102200512139375
630102200510130588
63010220010423076X
630102200605018767
63010219980122305X
630102200004248786
630102199710236525
630102200402273362
630102199905161148
63010220010904785X
630102200104082584
630102200302251721
630102199712043698
630102199908298764
63010220000203491X
630102200007165556
630102199905308808
630102200704230421
630102200305067241
630102200404055940
630102200609269416
63010220021109656X
630102200701118004
630102199812299914
630102199803272429
630102200504128676
630102200101113058
630102199804213770
630102200610158334
630102200208216479
630102200001102423
630102200708217478
630102200704027546
630102199810016490
630102199912194781
630102200006176990
630102200512247632
630102200301167253
630102199711250388
630102200204273900
630102200409122620
630102199912241701
630102200704060899
630102200307153215
630102200205243519
63010220070401960X
630102200202215854
630102200110016639
630102200310209849
630102200505312387
630102200312259057
630102200305019127
630102199903258691
63010219981212732X
630102200608100520
630102199712172043
630102200112203729
630102200102207128
630102200311171483
63010220050725255X
630102200210028987
63010220060512114X
63010219981020722X
63010220020109320X
630102200512179078
630102200202149308
630102200401031919
630102199908054989
630102200305128753
630102199912074835
63010220050715102X
63010220031218194X
630102200607242957
630102200605230530
63010220051222166X
630102200209148834
630102200004104387
63010220030112048X
630102200202171994
630102199909049751
630102200101311062
630102200012243205
630102200102186144
630102200608316102
630102200701226064
630102199808263222
630102200602033064
630102199906204680
63010219990501560X
630102199904298871
630102200208082933
630102199804067101
630102200402072907
63010219990209965X
630102199807235457
630102199811031078
630102200512151796
630102200003105871
63010220061102416X
630102200609277301
630102199812257490
630102199909202314
630102200403242488
630102200012183417
630102199903187002
63010220040322372X
630102200001189389
630102199912246393
630102200508134862
630102199806189073
630102200305114490
630102199901219111
630102199805217319
630102199711075065
630102200707306719
630102200704252823
630102200207079038
630102200601059959
630102200612236762
630102199902083447
630102200512068212
630102200501072179
630102200508136753
630102200203293045
630102200001167825
630102200308088582
630102200405078781
630102200505247570
630102199909240601
630102200506226165
630102200406309991
630102200203053922
630102200101027176
630102200608045453
630102200310215501
63010220050815736X
630102200312032311
630102200702019200
630102200603177131
630102200611174520
630102200210054886
630102200306303701
630102200109033693
630102199911307924
630102200507159064
63010220030323582X
630102200605147876
630102200006057094
630102199812150087
630102199912260451
630102199801061521
630102199806128449
630102199908023138
630102200302190658
630102200006081238
630102199810231764
630102199811104484
630102200411301222
630102199807308978
630102200611285757
63010220041102064X
630102200101052179
630102200001078216
630102200106015633
630102200311122999
630102199802043528
630102200211127223
630102200508270856
630102200010248299
63010219990318766X
630102200702048167
630102199807018612
63010220030118917X
630102200412210381
630102200012117348
630102200309026332
630102199907126151
630102200706296889
630102199904088612
630102200411017483
630102200002275836
630102200602238721
630102200608158204
630102200406142423
630102200701175797
630102200305296423
630102200605262137
630102199911139596
630102199911019754
630102200301261960
630102200007091788
630102200501101718
630102200508015409
630102199902247456
630102200108188263
630102200307257225
630102199801295563
630102200111065344
63010219980127325X
630102199912012589
630102200411294886
630102200703082957
630102200101019010
630102200007274277
630102200603119812
630102200706216615
630102199910313759
630102200411122048
630102200306252692
630102199812049421
630102199909275775
630102200410315323
63010220040111903X
630102200704302261
630102200203028102
630102200606079035
630102200012191564
63010220050630862X
630102199907151461
630102200405182810
630102200002258497
630102199911062488
630102200705123097
63010220051216751X
63010220000504489X
630102200303162990
630102200211208744
630102200404033821
63010219980322796X
63010220030816731X
630102199811169229
630102200405121081
630102200709103114
630102200312253093
630102200108259447
630102200202120935
630102200704043896
630102199902061977
63010220010513047X
630102200404299144
630102200612159584
630102200508141982
630102200406201729
63010220050129365X
630102200301149389
630102200308256259
630102200509103718
630102200110045237
630102200506180355
630102200111259173
630102200510035687
630102200607089286
630102199812243355
630102200201226754
630102199911207886
630102200412225364
630102200011027375
630102200108088537
630102200012314552
630102200207145023
630102200503020348
630102200502247604
630102200511081511
63010220040528434X
630102200408017933
63010219980204060X
630102200212317854
630102199909144476
630102200405177878
630102200603207716
630102199908018873
630102199806025394
630102200512032025
630102200206082198
630102200208039396
630102200709051027
630102200703044547
630102200112071527
630102200112147747
630102200403174091
630102200007011610
630102200501134595
63010220011224538X
630102200504125133
630102200611102404
630102200004276103
630102200702110776
630102200505307182
630102200608079848
630102200203134781
630102200407192000
630102200407245248
630102200210206624
630102199811146596
630102199805020110
630102200001023813
630102200706277231
630102200112213310
630102199711119961
630102200703284217
630102200707065345
630102200409013280
630102199910198893
630102200305207523
630102200204245440
630102200609304058
630102200612275163
630102200012233381
630102200109206144
630102199805175868
630102199909282828
630102200610029997
630102200412239352
630102200507041832
63010220031219760X
630102200401017770
63010220021116127X
630102200703268962
630102200407108032
630102200402026089
630102200406155574
630102200704131642
630102200108158275
630102200003074286
630102199712055330
630102200307144909
630102200411291888
630102200004100001
630102200506198715
63010220040604353X
630102200201076899
630102200201209102
630102200309024492
630102200201117881
630102200309044506
630102200502252120
630102199911142082
630102199808114446
630102200708224045
630102200202243572
630102200512089195
630102200105175352
630102200302092089
630102200111193741
630102200603241412
630102200011061063
630102200002060835
630102200309173076
630102199804072664
63010220010516061X
630102199803131060
630102200404086309
63010220060319349X
630102200704095944
630102200409251190
630102200512071382
630102200605134717
630102200310188566
63010219991229984X
630102200404186027
63010220040325805X
630102200001128172
63010220020327264X
630102200608014219
630102199901185863
630102200709133903
630102199811300709
630102199906017551
630102200407267535
630102200007117431
630102200403288160
630102200701096001
630102200410200964
63010220030731287X
630102199812024582
630102200210079119
630102200303252144
630102199902022564
630102199710060734
630102200303176647
630102200605234769
630102199805086582
630102200705176498
630102200412039609
630102200503092894
630102200606060000
630102200509220703
630102200303050032
630102200310246869
630102200403219552
630102200311285261
630102200606228213
630102200006197628
630102200206062226
630102200204087884
630102200101220355
630102200108256625
630102200506088989
630102200312315856
630102200505177330
630102200606213118
630102200101169414
630102200411016309
630102200210022251
630102199903261639
630102200408301299
630102200302187651
630102200405206763
630102200301134355
630102200607038913
630102200612299114
630102200709173104
630102199710296616
630102200501093527
630102200612273045
630102200212026037
630102200009113979
630102200709196429
630102199710319646
630102200510235304
630102199905282644
630102199807165436
630102200704146633
630102200304028128
63010220060625346X
630102199805305263
630102200307045898
630102200111111013
630102199802129129
630102199710193123
630102200706031362
630102200008045169
630102200012185893
630102200611199816
630102200407237803
630102199806076554
630102200106224136
630102200001038775
630102200312042114
630102200403051091
630102199810043130
630102200408230785
630102200705268675
630102199803043781
630102199812103002
630102200405255629
630102199806250823
63010219971007495X
630102200107161106
630102199907180553
630102200503188116
630102199710115395
630102200706077264
63010219981225525X
630102200006287543
630102200002190568
630102200305038483
630102200110059508
630102200404109072
630102199710244920
630102200707208035
630102199907220375
630102200506283100
630102200006157052
630102200411134719
630102200612190215
630102200507094301
630102199906173255
630102200006025172
630102200412295338
630102200506116986
630102200703028563
630102200706087366
630102200502139742
63010220060325415X
630102199904067563
630102200207300679
630102200302205709
630102200410239770
630102200611015765
630102200301247894
630102199806295589
630102200006207056
630102200708039261
630102200708027287
630102200309128072
630102200007193389
630102200203044823
63010220010511033X
630102200008082779
630102200102116285
630102200612223750
630102200111227892
630102200511150716
630102200109167464
630102200303173358
630102199903116837
630102200504170030
630102200604305588
630102200105060053
630102200701184220
630102200012122876
630102199812133367
630102199907014563
630102200408257021
630102199911062189
630102200601049275
630102199907154646
630102199801255246
630102200509165599
630102200202251492
630102200402092692
630102200012261083
630102200701238671
630102200404209794
630102199801148141
630102200001016285
630102199901090442
630102199801207850
630102200512225177
630102200106255274
630102200001256676
630102200007117765
630102200105232900
63010220061019911X
630102199812022667
630102200305254194
63010220051107627X
630102200110231830
630102200706050862
630102200411291159
630102200105106103
630102200607266457
630102199801152087
630102200703082586
630102199906121826
630102200506039052
630102199903209400
630102200009243159
630102200503313319
630102199906025607
630102200402267253
630102200209031468
630102200210103561
630102199812040240
630102200309084364
630102200510190193
630102200212146661
630102199911167028
630102200610244734
630102200612111441
63010220060809954X
630102200206235764
63010220001027960X
630102200504187916
630102200408134419
630102200410244385
630102200001269514
630102200706046003
630102199710205243
630102200602189499
630102200206240520
630102200503102079
630102200102278583
630102199905092226
630102200302168629
630102200401070897
630102200602228726
630102200303081744
630102199805228464
630102200501062616
630102200602072856
630102199807071026
630102200110213640
630102200012176743
630102199909060280
630102200312273705
630102200008047367
630102200706300657
630102200612215785
630102199911123586
630102200701119306
630102200603078694
63010220001017033X
630102199902182656
630102200007219390
630102199803015959
63010220040930992X
630102199809266732
630102200012279937
630102200112160263
630102200605208480
63010219990716801X
630102199811164778
630102200604244092
630102200308033039
630102200605012736
630102199904236515
630102199801082066
630102199807111710
630102200008206399
630102200306228959
630102200111182524
630102200702053011
630102200103103603
630102199907037677
630102200004258001
630102200703026285
630102200507023933
630102200002117002
630102200608080371
630102200604028939
630102200608050797
630102199803090860
630102200001209167
630102200505151069
630102200110012865
630102200504073695
630102200405103705
630102199902050338
630102200210051802
630102199812277918
630102199812289601
630102200209244244
630102199904033304
630102199903034188
630102200701117482
63010220020121100X
630102200406170379
630102200112066162
630102199811185253
630102200410074005
630102200302214568
630102200112124799
630102200003072563
630102200106031684
630102200406033526
630102200306100875
630102200006187817
630102200704296674
630102199902130979
630102200703273083
630102200506107326
630102200107066061
630102200309128806
630102200702027921
630102200004241592
630102200005054262
630102200405314588
630102200004049410
630102200301115760
630102199801142559
630102199801170920
630102200208208196
630102200205148335
630102199906039339
630102199804146010
630102200608302974
630102200203306192
630102199911217152
630102200607030014
630102200706276394
630102199811233681
630102200610177316
630102199810181998
630102199806123699
630102200412251503
630102200402044543
630102200404189500
630102200705292552
630102200207160389
630102200704145825
630102200210077391
630102200402089450
630102199810149250
630102200107159604
630102200106135918
630102200705262548
630102200111218267
630102200008021503
630102200208141120
630102200607194959
630102200106094298
630102200601022531
630102200708066032
630102199907179237
630102199911161021
630102200402020357
630102200105259273
630102200201296146
630102200708056088
630102200112172811
630102200505018524
630102199905276981
630102199811156815
630102200408136967
630102200707284409
630102199912236873
630102200606175641
630102199808290933
63010220051112194X
630102200408202135
630102200406266194
630102200412312580
63010220041204001X
630102200209207646
630102200008273209
630102199710137180
630102200512054558
630102200211110528
630102200112274623
630102200501090000
63010220050627508X
630102199903303683
630102200410215605
630102200511208789
630102199811185421
630102200210268892
63010220011011014X
630102200111218494
630102200306145475
630102200306024534
630102200305151937
630102200304215302
630102199805123080
630102200204157387
630102199710298777
63010220010103072X
630102200509174735
630102200708171043
630102200310187504
630102199905236832
630102200303047917
630102200708246308
630102200011259969
630102199801177874
630102200706249951
630102200201261170
630102199810086050
630102199806179641
630102200308132061
630102200407011054
630102200102189361
630102200404138607
630102200706284378
630102200101242343
630102199807039261
630102199803312523
630102200505074809
630102199905125825
63010220070301345X
630102199905173755
630102200404083378
630102200610160100
630102200012284998
630102200008124916
630102199804089220
630102200507118609
630102200609132209
63010220060314361X
630102200506137779
630102200605260609
630102200409092062
630102200007248220
63010220000310692X
630102200210249755
630102200411075528
630102200106151491
630102200306064376
630102200407101922
63010220040320801X
630102200708241670
630102199712243163
630102200703156389
630102200007023005
630102200006114028
630102199810226834
630102200201300352
630102200704294951
630102200312055337
630102200301056377
630102200007274699
630102199910276708
630102200706027777
630102200309136945
630102200509039445
630102200701064659
630102200403024843
630102199805100583
630102200309074027
630102200007261652
630102200101114528
630102200210053541
630102199711097352
630102199810253015
630102199908041897
630102200306148756
630102199810286423
630102200511279659
63010220040727660X
630102200308017557
630102200305050060
630102200406247874
630102200201137401
630102200306290445
630102200211308550
63010220020224177X
630102200412167205
630102200607060846
630102199910064190
630102200111218160
630102200303290263
630102200501227003
630102200012169332
630102200504068976
630102199912216389
630102199712284977
630102199812237158
630102200506221065
630102199904118674
630102199912034518
630102200410083171
630102200006265715
630102200704031625
630102200604013390
630102199801312060
630102200608097245
630102200002280803
630102200011062621
630102200107312410
630102200604184245
630102200405142288
630102200705227814
630102200703222067
630102200611278055
630102199912067141
63010220050626601X
630102199802125523
630102200306299490
630102200006254565
63010220010105502X
63010220070626190X
630102200308146674
630102200403048941
630102199803175493
630102200008078577
630102199806101780
630102200105149760
630102200505106663
630102200512049257
630102200102285396
630102200504155834
630102200005165907
630102199903054795
630102199802194510
630102200010267393
630102200510062116
630102199808290140
630102199902090604
630102200110150694
630102199812319858
630102200211267584
630102200211297062
630102199803225753
630102200708174463
630102200509295377
630102199901022845
63010220010718384X
630102200203308286
630102200008274260
630102200310050938
630102200204291607
63010219971118478X
630102199907238735
63010220061120294X
630102200303087935
630102200303088700
630102199801099474
630102199811130789
63010220030909612X
630102199810117048
630102199806131154
630102200608058326
630102200402256909
630102199808137621
63010219981031819X
630102199808265279
630102200206087108
630102200308209276
630102200409175685
63010220060612852X
630102200208121736
630102200609287542
630102200407176908
630102199905124670
630102199804161093
630102200212278007
630102199912211318
63010220010507042X
630102200206131180
630102199807319298
630102200609035978
63010220070503529X
630102200510261991
630102199712239260
630102200603176526
630102199803301648
630102200108020460
630102200006138986
630102199808124775
630102199711274507
630102200003255001
63010220021116557X
630102199802119692
630102199906258195
63010220040624477X
630102200504219172
630102200510092235
630102200509062151
630102200312021268
630102200406165131
630102200106114156
630102200609198136
63010220051011465X
630102200004239687
630102200410017289
630102200606247465
630102200002063868
630102200101093448
630102200008260467
630102200503288504
630102200012148232
630102200207178618
630102200305314433
63010219990728896X
630102200210116151
630102200110226935
630102200207052126
630102199712084510
63010220060725072X
630102200309103967
630102200212275877
630102200512316941
630102200108050934
630102199811187208
630102199903141346
630102200301316167
630102200006240016
630102200501140848
630102200108260034
630102200109191827
630102200407047102
630102200408203533
630102200111170160
630102200201291257
630102199801091309
630102200407078240
630102200310262666
630102199901191358
630102200702170824
630102200406101170
630102200706149985
630102200110018431
630102200408305476
630102200610217170
630102200505042620
630102200303134826
63010220000703090X
630102200602250886
630102200010084335
630102200110263701
630102200310233611
630102200611249027
630102200501219863
63010220001123055X
630102200012093040
63010219980517841X
630102200111191500
630102200003216176
630102200705243750
630102200110136569
63010220021002015X
630102200708106065
630102200208151476
630102200407132163
630102199908126743
630102199712085353
630102199804225691
630102200007160149
630102200202211474
630102200211125658
630102200606086585
630102200304040944
630102200001081191
630102200506258108
630102200202113647
630102200607128927
630102199712134987
630102200509303648
630102200008102231
630102200205155527
630102200610307627
630102199811062181
630102200004049402
630102200208137340
630102200110285943
630102200309111801
630102200412219685
630102200005181077
630102200202057147
630102200404238755
630102200205206400
630102200106289909
630102200012019115
630102200605146355
630102200709042980
630102200707172407
630102200310082665
630102200401273782
630102200107247145
630102200205044130
630102199712025684
630102200505227019
63010220040702885X
630102200402235809
630102200705140882
630102200010081898
630102200504264299
630102200509234902
630102200504166509
630102200607210517
63010219990323936X
630102200605029765
630102200210143205
630102200406241413
630102200107096076
630102199908270219
630102200205131154
630102200302141522
630102200505269243
630102200211254484
630102200703225348
630102200707140229
630102200310160096
630102199904238553
63010220061019399X
630102200507269992
630102199903317399
63010220021230528X
63010220000919801X
63010219980706394X
630102200409014419
630102200206199687
630102200008043534
630102200112098201
630102200205199722
630102199812080672
630102199908310954
630102199804223020
630102199810242295
630102199907189216
630102200310259723
630102200003058251
630102200602256188
630102199806073337
63010220020421146X
630102200203100100
630102200007078698
630102200201221478
630102199801032472
63010220020815495X
630102200607042832
630102200209289645
630102200103044965
630102199802250148
630102200006187331
630102200210099902
630102200110313844
630102199801120384
630102199810215350
630102200108032066
630102199910217601
630102200510303223
630102200404151131
630102200403208554
630102200410195552
630102200108024103
630102200610085374
630102200709208557
630102199803184525
630102200608118130
63010220010924671X
630102200610300329
630102200405235564
630102200707260343
630102199805179658
630102200506093788
630102199804180913
630102200504268644
630102200401044322
630102200703163431
630102200504109846
630102200606170058
63010220011015568X
630102199809173018
630102199808310519
630102199810173023
630102200506237358
63010220020824180X
630102200706104699
630102200408062822
630102200011045776
63010219990319208X
630102200301122282
630102200406015299
630102200707147826
630102200707191149
630102200501194512
630102199810244207
630102200006123311
630102200607050250
630102200506100394
630102200608185907
630102199902096897
630102199907236545
630102200503037430
630102200512318146
630102200301046451
630102200405269772
630102200503248617
630102200003118939
630102200405103123
630102200110094653
630102200110150897
630102199812081229
630102199804075582
630102199810250586
630102200407090573
630102200608046931
630102200112097970
630102200005245325
630102200705136066
630102200110184931
630102200606099554
630102200602023878
630102200003100114
63010220000201728X
63010220050205575X
630102199811139492
630102200608021929
630102200001047444
630102199710137236
630102200708011875
630102199902117483
630102199712112761
630102200405186731
630102200312181085
63010220031003994X
630102200303293827
630102199812285475
63010220001025957X
630102200510310474
630102199804195277
63010220060518727X
630102200611126019
630102200110048112
630102200201232548
630102200512089646
630102200609156382
630102200705095487
630102200510059726
630102200212097169
630102200207274618
630102200506290191
630102200407158937
630102200605188969
630102200406298735
630102200607259337
630102200611122632
63010220010121545X
630102199910097793
630102200004064725
63010219980719996X
630102199906215048
630102199710185588
630102200708268566
63010220000929073X
630102199801048650
630102200603263208
630102199809046553
630102200206243473
630102200705023328
630102199905190950
630102200311043158
630102200001099279
630102200510160461
630102200005046844
630102200501318300
630102200508089088
63010220021230288X
630102199905049973
630102199908015672
630102199908069937
630102199901311153
630102200401271373
630102200501098635
630102200406191161
63010220040213483X
630102200011188515
630102200610218544
63010220060820862X
630102200404203587
630102200211139371
630102200211113227
630102200008287782
63010220021015860X
630102200205269700
63010220010107049X
630102200707062400
63010220050416030X
630102200410138697
630102200609305333
630102199809096841
630102200705090192
630102200204134564
630102200208087224
630102199812143151
63010219980810730X
630102200201212299
630102200009185198
630102200212020823
630102200705297361
630102200202191215
630102200309174810
630102199905167996
630102200604118344
630102200006118838
630102199811286193
630102200304199568
630102199909016407
630102200412096726
63010220000511136X
630102200612052031
630102200308076952
630102200401244893
630102200509251649
63010220031209749X
630102200704281747
630102200603170394
630102200003078316
630102200404245410
630102200509265549
630102200106245316
630102200704214245
630102200507114755
630102200412040693
630102199711105447
630102200207277798
630102199808269659
630102200202251935
630102200604172885
630102199804098725
63010220041227748X
630102200311236160
63010220000419997X
630102200302053493
630102199808012909
630102199812012717
630102200208280702
630102199912161306
630102199810050197
630102200511181790
630102199712166831
630102199711136593
630102199902146479
63010220070630915X
630102199901012313
630102200611269327
630102200501109226
630102200010134902
630102200707203170
630102199806010379
63010220001110713X
630102200510225886
630102200105051771
630102200204210803
630102199805068819
630102200310164812
630102200203247604
630102200701299351
630102200706092392
630102200602213946
630102200709078350
630102200707075324
630102200503235787
630102200301032826
630102200002084319
630102200410180895
630102200402181716
630102200601187168
630102200610250130
630102199805252923
630102200306266090
630102200109108405
630102199911155414
630102200003121548
630102200312268332
630102199907102475
630102200507163952
630102199810084725
630102200211307662
630102200610161840
630102199812209296
630102199801290922
630102200409234235
630102199901211910
630102200204183227
630102200203191903
630102199810312636
63010219971010889X
630102199812253561
630102200407194129
63010220051114114X
630102200506170114
630102200405074393
630102200309170289
630102200008158710
630102199812209798
630102200112182024
630102200701028236
630102200210228073
630102200009123077
630102200107109236
630102199802036053
63010220040506374X
630102200008234613
630102200211294056
630102200112098543
630102200002021190
63010220020905140X
63010220070118081X
630102199903072117
630102199902193064
630102200105014233
63010220060502557X
630102200403099212
630102200011172951
630102200404238237
630102199809047775
630102200404016466
630102200204098209
630102200404071094
63010220020930864X
630102200611082108
630102200310269227
63010220000926649X
630102199809137658
630102200008046516
63010220010419755X
630102200009046091
630102200210115618
630102200612016866
630102200705248068
630102200109139770
630102200003284929
630102200709019270
630102200203101816
630102200504011726
630102200606205820
630102200407239673
630102199902095982
63010220060112110X
630102200209025551
630102200707108659
630102200709182967
630102200406071215
630102200207269528
630102200309086116
630102200305098013
63010220061221095X
630102199808147782
630102199810069939
630102200609057771
630102200706293274
630102200404134278
63010220050414326X
630102200408076001
630102200002218583
630102200312161738
630102200309086239
63010219981204724X
630102200204056148
630102200402084000
630102200403269293
630102199801103314
630102200512155471
630102200412172653
630102199803271469
630102199911254754
630102200610082464
630102199801272302
630102200206188945
630102200112012789
630102200301137505
630102200604131434
630102200709039933
630102200212107064
630102200407085889
63010219980616743X
630102200603267276
630102199810055748
630102200507140814
630102200203239583
630102200308227976
630102200103145272
630102200308175977
630102200412304679
630102200512145900
630102200407049482
630102200504074217
630102200409267299
630102200611050480
630102200012261825
630102200207127685
630102200303051107
630102200212166611
630102200202038755
63010220040701540X
630102200002043701
630102200005132574
63010220010205765X
63010220031019048X
630102200708103542
630102200103091710
63010220050815269X
630102200203310415
630102199804284931
630102199803234051
630102200403251675
630102200709139213
630102200111038602
630102200408169750
630102200503231743
630102200604113324
63010219971019381X
630102200404146834
630102199808261358
63010220010714834X
630102200101180410
63010220070627687X
630102200405117752
630102200504089566
630102200008144554
630102200708067692
63010220020908739X
630102200703301435
630102200512310670
630102199712290373
630102200706101324
630102199911106591
630102199810289202
630102199807012798
630102200101295752
630102200510271137
630102199807043594
630102199906143267
630102200401099024
630102199805090610
630102199804013293
63010220040909472X
63010219981208485X
630102199804136066
630102200202179320
630102200106136670
630102199812026940
630102200008014469
630102200110105033
630102200309214325
630102199806299344
630102199809255136
630102200006125480
630102200004112408
630102200012211748
630102200603140136
630102200103317417
630102200704061189
630102200009030292
630102200304165317
630102200307251640
630102200207263708
630102200202273595
630102200503315496
630102200206214584
630102200512188150
630102200011025695
630102200301103188
630102200010131576
630102200303219248
630102200709181446
63010220030828169X
63010220021203669X
630102199907237652
630102199911088039
630102199911173639
630102200608088314
630102200703061961
630102200108103207
630102200504222195
630102200502054570
630102199910055294
63010220010117861X
630102200010042792
63010220021107853X
630102200601071704
630102200707129791
630102200504028843
630102200407130774
630102200401159015
630102200503105237
630102200404048257
630102200707304780
630102199911210241
630102199907193899
63010220011027411X
630102199804257052
630102200412029902
630102200301244183
630102200201136361
630102200303156523
630102200011158105
630102200507300857
630102200104225573
630102199909243415
630102199811160611
630102199711183744
630102200607045531
630102199809172445
63010220040523465X
63010220000201955X
63010220000412840X
630102200308282166
630102200707126507
630102200409053354
630102200704092065
630102200210142552
630102200106079522
630102200111043081
63010220030219013X
630102199807170024
630102200111204236
630102200111295860
630102200009026226
630102200009052424
630102200504260108
63010220040226743X
630102199907165134
630102200003174666
630102200302213725
630102200408148482
630102200507193203
630102200411220983
630102199906154185
630102200510100733
630102200411198325
630102200205050661
63010219990209674X
630102199910296848
63010220000207409X
630102200012125102
630102199802218025
630102200702207586
63010219991013112X
630102200205211429
630102200303278125
630102200406164921
630102200206144088
630102200209144390
630102199812021242
630102200112108983
630102200202117728
630102199904193113
630102200309097106
630102200201123309
630102199910311278
630102200110068287
630102200709252339
630102200205281216
630102199712315649
630102200511141393
630102200706015821
63010220060601125X
630102199712077513
630102200109255982
63010220010405484X
630102199805209482
630102199712049184
630102199901034467
630102200008078235
630102200701125546
630102200205082807
63010219991005980X
630102200203165908
630102199804058053
630102200301218954
630102200210035642
630102200308227642
630102199907084545
630102200411253822
630102200205185371
630102199811070157
630102200701307518
630102200110160366
630102200705273853
63010220010131989X
630102200409154251
630102200210303432
63010219990422942X
630102200203275525
630102199710073121
630102200503294584
630102200103142338
630102200004070324
630102199710172998
630102200108188888
630102200606125628
630102200404036109
630102200005291671
63010220070830183X
630102199801080386
630102200603240137
630102200412022313
630102200312025429
630102200402273645
630102200410196424
630102200411019817
63010220010925789X
630102200602161381
63010220010906721X
630102200312251733
630102200603071185
63010219990717281X
630102199910197882
630102200605309206
630102200709101653
630102200206228177
63010220031107224X
630102199811155142
630102199809263785
630102200110232673
63010220060606890X
630102199710235792
630102200409016748
630102199906110254
63010220070623168X
630102200708023024
630102200004108644
630102200601268873
630102200608203044
630102200206124263
630102200102224673
63010220001003029X
63010220030208840X
630102200011162374
630102199808271193
630102199812313210
630102199808276824
630102200311087505
63010220020903698X
630102199907095455
630102200305293505
630102200606168521
630102200305041199
630102200107044735
630102200101099030
630102200601246332
630102200705297871
630102200703258836
630102200305051426
630102200705118060
630102200401095189
630102199710118502
630102200604219508
630102199811029066
630102199910126013
630102200606243851
630102200007096917
630102200709061743
630102200707128406
630102200709198459
630102200408095878
630102200102070993
630102199811242406
630102200708148839
630102200603275567
630102200108257118
630102199805155680
630102200410301079
630102199711222168
630102200205034186
630102200310067203
630102200504239376
630102200010291617
630102199809255881
63010220030805952X
630102199812055434
630102200106014833
630102200306143672
630102199912192794
630102199806121757
630102200703245146
630102200011239896
63010220060103783X
630102199904049402
630102200108128578
630102199710012660
630102200511283332
630102200202278564
630102200512053336
630102200305295332
630102200011213186
630102200011164951
63010220041109899X
630102200111308721
630102200704165172
63010220070717076X
630102200311271468
630102199911153136
630102200402111996
630102199808042577
630102200708175159
630102199712046581
630102199810254894
630102200509230442
630102200104141759
63010220000322909X
63010220030624617X
630102200207306659
630102200707314620
630102200506064928
63010220020319571X
63010220070310540X
630102200208138837
630102200505232838
630102200506068902
630102200704269932
630102200408235236
630102200311055204
63010220021211642X
630102200607032917
630102199804013365
630102200306198171
630102200011309874
630102200109061651
630102200403316926
630102199712063824
630102200404187951
630102200007198649
630102200412154578
630102200512129126
630102200501085164
630102200612261175
630102200003272610
630102199812049114
630102199811148479
630102200611141905
630102200611221075
630102200311208485
630102200409215325
630102200209075145
630102200310157997
630102199711205691
630102199810189586
63010219980306489X
630102199805232746
630102200501165586
630102200203239575
630102199812063469
630102199912016985
630102200102250441
630102200611149392
630102200310314817
630102200401241270
630102200412111623
630102199905014041
63010219980618458X
630102200608063491
630102200512173928
630102199711165781
630102200311193818
630102200702121192
630102199901291738
630102200512190007
630102200301051939
630102200008126436
630102200406308657
630102200404071721
630102200506190537
630102200311193455
630102199712213319
630102200505241304
630102199805292108
630102199906297653
630102199902066014
630102200003311528
630102200608051896
630102199808164208
630102200001301211
630102200207038850
630102200204231014
630102199712226515
630102199902285866
63010220060104540X
630102200401269337
630102200403023605
630102200002168328
630102200311188955
630102200009201645
630102200511206281
630102199912308099
630102199806265400
630102200608312822
630102200704189828
630102200604100902
630102200610318852
630102200205155340
630102200003237153
630102200110275702
630102200207129285
630102200508063929
630102200707283684
630102200508157271
630102200510315910
63010220060924071X
630102200701014432
630102200309194424
630102199907196053
630102200708125071
630102199806239181
630102200306059112
630102200112087502
630102200303130825
630102200301190672
630102200003101491
630102200006025375
630102200003155369
630102200209246880
630102200110173300
630102200602144258
630102200605065985
630102199909229840
630102200708033855
630102200605187528
630102200603211993
630102200411068061
630102199901044550
630102200706100321
630102200103300439
63010220030414521X
630102200102055320
630102200703031789
630102200702046655
630102200510069596
630102200312191304
630102199909023973
63010220031104373X
630102199808096292
630102200005067864
630102200105066594
630102200403226285
630102200310019439
630102199901267543
630102200203309051
630102199909016204
630102200105210031
630102200508195833
630102200209123987
630102200212228827
630102200203126853
630102200505248186
630102200508022860
630102200409230752
630102200507226685
630102199901272924
630102199906150360
630102200002286236
630102199906237693
630102199711046870
630102200103269742
630102200101020636
630102200004041929
630102200603023327
630102200005169748
630102199905156138
63010219980529121X
630102200703254667
630102200101275321
630102200112246286
630102200611297555
630102200401025906
630102200403286448
630102200011234032
630102200501018068
630102200511125377
63010220050812906X
630102200104030872
630102199810134040
630102200409293702
630102200003022494
630102200612157554
630102200303230949
630102200709042470
630102200403192281
630102200605037554
630102200102273627
630102199810135975
630102199710242458
630102199908175094
630102200310212781
630102200502160277
630102200004217672
630102200404077453
630102200404172696
630102200301019904
63010220050622539X
630102200707301352
630102200304184841
630102199904047300
630102200211192180
630102199808046914
630102200604164818
630102200303144469
630102200608081139
630102200106087821
630102199912108097
630102200405096082
630102200501314190
630102199907114724
630102200410097995
630102200012294061
630102199804072197
630102199905248147
630102200309050850
630102200704023836
630102199905105242
630102200201059917
630102199908035753
630102200211092569
630102200611074722
63010219990309034X
630102200501299568
630102200510035716
630102200508282240
630102200602213436
630102199711217879
630102199712119592
630102200309079688
630102200010203680
630102199912061612
63010220061003119X
630102200201139343
630102199907274568
630102200306185477
63010220051225981X
630102199904076523
630102200406286099
630102200501027677
630102200503302345
630102200306202468
630102200512010483
630102200302273170
630102200507185393
630102200512232545
630102200105213873
630102200604222467
630102199904128258
630102200210201604
630102199805213641
630102200110143224
630102199912289932
630102200701090240
630102200704035394
630102200411266949
630102200407026942
630102200501285799
630102200509031419
630102200706117545
630102200308156039
630102200505220642
630102200509272386
630102200406194688
630102200211308294
630102199909092450
630102200605208712
630102199807163510
630102200301078613
630102200705197600
630102200311132935
630102200504141299
630102200704132856
630102200008081020
630102200504238760
630102200111162208
630102200708203666
630102199901120445
63010220010518120X
630102200703291409
630102200608194563
630102200211217763
630102200707302136
630102200011297949
630102200102018327
630102199710309843
63010220041201820X
630102200508304163
630102200003296735
630102200609256076
630102200703144679
630102199911082016
630102199808214260
630102200106220688
63010220020529755X
630102200401242409
630102199907239308
630102200407282954
63010220050225517X
630102200210061605
630102200612240526
630102200706050934
630102200502099752
630102200605121203
630102200708139852
630102200405102876
630102199903168151
63010220070713622X
630102200408081599
630102200005258484
630102200208147565
630102199710244082
630102200109103997
630102199901180528
630102200408038988
630102200206088012
630102199909043229
630102200505195811
630102200005088518
63010219980225937X
630102200211086652
630102200304090714
630102200707116472
630102200707182111
630102199907147040
630102200609278208
630102199907210046
630102200408135294
630102200503023848
630102200301181522
630102200310144627
630102200610160709
630102200606173291
630102199710054983
630102200705118984
630102200608254511
630102200702273655
630102200301043242
630102200612026044
630102200706286752
630102199804251574
63010220050325470X
630102200606200624
630102199808089703
630102200208034640
630102200608181252
630102200212268976
630102200606224167
630102199801222225
63010220000414942X
630102200404133611
630102199801103736
630102199907208560
630102200308264216
630102200703114269
630102200511124390
630102200206071456
630102200609012979
630102200609298831
630102200503119727
630102200507173202
630102200209011731
63010220040526746X
630102200603315602
630102200112035745
630102199806204499
630102200211060698
630102199712291691
630102200104124318
630102200303091897
630102200705170694
630102200111304384
630102199908236520
630102199808307619
63010219990713010X
630102200601248493
630102200503210838
630102200212102079
63010219991125966X
630102200307172491
630102200111253126
630102200404133021
630102199904238780
630102199904097631
630102200406103790
630102200304064559
630102200307197365
630102200311039714
630102200702051454
630102200412061718
630102200305023556
630102200701180289
630102200409200836
630102199809062588
630102200605029546
630102200007170793
63010220000623234X
630102200008227149
630102200301147850
630102200310051455
630102200608148778
630102199812098442
630102200012172638
630102199802025442
630102200612029042
630102200403129629
630102200701083454
630102200110202386
630102199711187462
630102200001212702
630102200207251117
630102200511194858
630102200703015033
630102200604092666
630102200507041453
630102199812129325
630102199904019633
630102200201114402
630102199910127999
630102199810030284
630102200211233579
630102200004253024
630102200701168829
63010220000203811X
630102200706232586
630102200205091746
630102200403193655
630102200507298136
630102200211037658
630102200608157041
630102200002246015
630102200704297036
630102200102148367
630102200410044826
630102200202093885
630102200005174432
630102199808029858
630102200606266607
630102200506106059
630102200301029213
630102200409187598
630102200708094201
630102199904231415
630102200309250684
630102200703221056
630102200706226450
630102200005264980
630102200201316944
630102200303118084
630102200701019225
630102200111074689
630102199808275936
630102200512266825
630102200512152297
63010220041222189X
630102200202057286
630102200202128697
630102199809263216
630102199811152099
630102200203287630
63010219990504817X
630102200701173716
630102200107105366
630102200409279249
63010219990919852X
630102200402238719
630102199903311413
630102199804039274
630102199808112440
630102200702189090
630102199809097246
630102200704125023
630102200512268070
630102200312047548
630102200412125398
630102199909126163
63010220000827085X
630102200404063035
630102200609037340
630102200707097451
630102199710236154
630102200508034714
630102200003161398
630102200105298176
630102200102079437
630102200010147519
630102199802117435
63010220011108473X
630102200411121141
63010220060712095X
630102200609248551
630102200304029913
630102199911289973
630102200408163121
630102200206157137
630102199901292079
630102200106194811
630102200311047706
630102199811280269
630102200006214475
630102200405220661
630102200509062039
630102200508219671
630102200201185366
630102199911216141
630102199907295625
630102200009153719
630102200107169407
630102200004182908
630102200010277364
630102200702137813
630102200608121700
630102200508163591
630102199808136397
630102200602099282
630102199907093564
630102200309262378
630102199801134233
630102199710316461
630102199903163000
630102200604103396
630102200706303751
630102200405069631
630102200601031315
630102200303275936
630102200008161688
630102199902098331
630102200608071141
630102199909050533
630102200309149535
630102200603236066
63010220030812781X
630102200502019660
630102200102016778
63010220020901393X
630102199802090412
630102200703106496
630102200405188745
630102200510233667
630102199710212769
630102200509286219
63010219980701614X
630102199807257648
630102199905240989
630102200106209454
630102199809208989
630102200602169332
630102200103122396
630102200107242985
63010220070102004X
630102200210223053
630102200311087652
630102200501260719
630102200610179725
630102200505102515
630102200212068579
630102200601279855
630102200305189230
630102200511087817
630102200205162129
630102200012263070
630102200503064607
630102200707237856
630102200509280386
630102200109105845
630102200105183766
630102200608120898
630102199807069305
630102199904124847
630102199806056297
630102200507241236
630102200610173358
630102200408112391
630102200107061914
630102199808026219
630102200607273366
630102200103086778
630102199801174753
630102200204091541
630102200607052686
630102199805275148
630102199902286391
630102200006294700
63010220000104098X
630102200108042926
630102199711086338
630102200505258763
630102199912296817
63010220050107182X
630102199812169191
630102200112135316
630102200409299661
630102200507210886
63010220060227209X
630102200011065806
630102200512123592
630102200611231484
630102200307168150
630102199802133849
63010220050118391X
63010220040518236X
630102200408105626
630102200507091506
630102199812191663
630102200611250861
630102200504296733
63010220070413697X
630102200603200266
630102200411203411
63010220070919014X
630102199905056954
630102200003242307
630102200301305812
630102200408284900
630102200607035958
630102199912217701
630102200704193042
630102200308161161
630102200606281137
630102200707278623
630102199806259684
630102200302289711
630102200103174807
630102200011175191
630102200608123036
630102199911197913
630102200301172538
630102200706022263
630102199902116325
63010220050210892X
630102200307019497
630102200111010298
630102200704114359
630102200703140360
630102200406178653
630102200204179439
630102199806137038
630102200608130949
630102200704064136
630102200703034824
630102199901201501
630102200507248665
630102200402108949
63010220070322947X
63010220050519769X
630102200407170928
630102199909229314
630102200110046168
630102200012133727
63010220070829668X
630102200305280712
630102200212231321
630102200410248108
630102200609217982
630102200604229001
630102200403286229
630102200507221796
630102199809143644
630102200211275701
630102200411189330
630102200405073120
630102200104170218
63010220001111927X
630102200001129909
630102200212227162
63010220020419185X
630102200302141960
630102199909248101
630102200207208864
630102200507022519
630102200503158750
630102200604110502
630102200309032265
63010220000306175X
630102200001162477
630102200404198175
63010220060316551X
630102200210110788
630102200312120549
630102200007010036
630102200504145871
630102200203274047
630102200306186509
630102199711073019
630102199908294472
630102200312033285
630102200407291404
630102200610286619
630102199908088767
630102200704246343
630102200708205434
630102200102218759
630102200204150644
630102200108097900
630102199912051975
630102200601222533
630102200303185519
630102200007207744
630102200506197480
63010219971219017X
630102200408180861
630102200507093747
63010219980905254X
630102200404172434
630102199710079240
630102200008317320
630102199908187757
630102200203018780
630102200112066883
630102200210014622
630102200601281947
630102200401114888
630102199712195130
630102200111232210
630102199804093748
630102200409235916
630102200002253004
630102200103029554
63010220001214360X
630102200705194127
630102200707265267
630102200101302991
630102199908049792
630102200704230739
630102199904256145
630102200307137290
630102200008271799
630102200401036867
630102200504263245
630102200701183578
630102200004059301
630102199910193750
630102200212046011
630102200007318639
630102200301054208
63010220030320437X
630102199806075922
630102200409109039
630102200304051141
630102200703067044
630102200107255065
630102200407299422
63010219990110121X
630102200205128203
630102200403108166
63010220070628161X
630102200012254174
630102199803299736
630102200608186002
630102200506282335
630102199712028041
630102200204161060
63010220040129628X
630102199805210766
630102200311010348
630102200010100067
630102200205131576
630102200211124751
630102200702183510
630102200602197675
630102200705199761
630102200311079935
630102200702127244
630102200507125841
630102199911042575
630102200509266752
630102200411296101
630102200102013438
630102200411234939
63010220041018874X
630102200301176010
630102200101054932
630102200005142270
630102200607297501
630102200001187279
630102200310056686
630102200701038936
630102200609133981
630102200206089250
630102200209082855
630102200107306563
630102199801214022
630102200411223367
630102199912022453
630102200105315570
630102200101026608
630102199912271652
630102200203291517
63010219991203952X
630102200512112113
630102200309051191
63010220070903493X
630102200209220824
630102200206309313
630102200311241189
630102200509097696
630102200004255433
630102200111228668
630102200508216307
630102200212024533
630102200309116944
630102200204128121
630102200704024775
630102200107090897
630102200110142213
630102200601253719
630102199905060523
630102199806302478
630102199807312862
630102200408088096
630102200709080960
630102199801169137
630102200208038422
630102200704122201
630102200104075202
630102200709247118
63010220000330992X
630102199901165993
630102200609115636
630102200705055733
630102199903100413
630102200304070377
630102200308145364
630102199711275905
630102199712066187
630102200701194621
63010220070205302X
630102199802099329
630102199805079892
630102200509267106
630102200010194817
630102200101020505
630102199803284948
630102200203179832
630102200305256229
630102200506020511
630102200304191881
63010219980323676X
63010219990710995X
630102200106038501
630102199809294338
630102200510184121
630102200309162705
63010220060731288X
630102200503208105
630102200703126980
630102200405287460
630102200205175624
630102200001091242
630102200102243591
630102200111175711
630102200506200504
630102199904290634
630102199903119923
630102200207158051
630102200103260799
63010220030422783X
630102200110011045
630102200504026151
630102200209302416
63010220051212179X
630102200506098167
630102200004070199
630102200601246770
630102200402183797
630102200408308925
630102200501176250
630102200206116095
630102199911059676
630102200305278671
630102200501175733
630102200508315129
63010219990617512X
630102200708180062
630102199907273442
630102200101079486
630102200409213733
630102200609282805
630102200705223370
630102199909145655
630102200604145975
630102200406116460
630102199912137701
630102200609282207
630102200412286087
63010220010926896X
630102200602110461
630102199904161429
630102200406067240
630102200503181854
630102200109190816
630102199903164572
630102200701178963
630102200205260140
630102200208232890
630102200503074039
63010220050119386X
630102200004304186
630102200303148072
630102199712288628
630102200412075028
630102200207113347
63010220040424440X
630102200409146200
630102200208294135
630102200708144440
630102200310166017
630102200302081267
630102200510209683
630102200107161149
630102200210036688
630102200011212220
630102200706145335
630102200509065037
630102200211057667
630102199804225325
63010219981226368X
630102200111041633
630102200302166594
630102200203106182
630102200305319138
630102200410092908
630102200609165190
630102200707125790
630102200305274275
630102200105319037
630102199711074273
630102200607251116
630102200403240642
630102200309035538
630102199906213077
630102199902016957
630102200110304489
630102200607010398
630102199802118382
630102200504010061
630102200312097588
630102200212304746
630102199904241867
630102200604271015
630102200307058365
63010220030802057X
630102200409149997
630102200611193289
630102200309110876
630102200412185868
630102200701162347
630102200501077623
630102200403235341
630102200202141832
630102200610078000
630102200207162747
630102200503252501
630102200509299992
630102200707152940
630102200201073743
630102200604277927
630102200503061254
630102200404016239
630102200302147510
630102200003278625
630102200404302796
630102199911242550
630102199911132511
630102200107281247
630102199903097525
630102200704051570
63010219981001011X
630102200306230637
630102200009179281
630102200603081834
630102200601171318
63010220010116906X
630102200307306429
630102200206189630
63010220010707546X
630102200602170659
630102200204125860
630102200503246419
630102199804101074
630102199811076743
630102200210073286
630102200604247015
630102200108155349
630102200107313560
630102199710092859
630102199811278353
630102199806145679
630102200106015510
630102199807191423
630102200603224727
630102199804303653
630102200410308094
630102200205109803
630102199910108173
630102200307282260
630102200509215891
630102199901154020
630102200606139915
630102200709264217
630102200207316953
630102200701228430
630102200110143283
630102200707317864
630102200401263963
630102200508170628
630102200409266405
630102200404250113
630102200605029837
630102200311022031
630102200608166247
630102200706218936
630102199804013357
630102200304025568
630102199803220215
630102200610069841
630102200604282910
630102200209085714
630102200206218796
630102200706276685
630102199710197722
630102200601097269
630102200405076954
630102200209077706
630102200405016919
630102200709145568
630102199802166552
630102200301037926
630102199910174189
630102200406089669
630102200512154188
630102200206130938
630102200309108063
630102199907119912
630102200512125491
630102200612164324
630102200703113573
630102200411287475
630102200610234915
630102199810198562
630102200212136236
630102200103051794
630102200507024397
630102199906297389
630102200005085771
630102200001187471
630102200708037426
630102200105240994
630102200309168453
630102200211299113
630102200005181245
63010220000428244X
630102199910187641
630102199907055795
630102199912244427
630102200104147931
630102200101215345
630102200109154364
630102200707305652
630102200308032888
630102199910148829
630102200005231521
630102200006065406
630102200211261270
630102200202061146
630102200509117626
63010220031010908X
630102200607162973
630102199808137189
630102200406268747
630102200605077476
630102199801239350
630102200303087353
630102199910246066
630102200701032382
630102200412256718
630102200707187705
630102200105205662
630102200407071591
630102200103024665
630102200307204588
630102200210019503
630102200108087358
630102200302222357
630102200703259193
630102200701211209
630102200609013306
630102199710065308
630102200208314490
630102200608218035
630102199909178481
630102200101192489
630102200206104414
630102199806113909
630102200211045420
630102200506112643
63010220060116250X
630102200704225817
630102200010127243
630102199807256143
630102200609220137
630102199910046275
630102200704262335
630102199806131621
630102200009285287
630102200706075349
630102199903290675
630102200309195312
630102199901028921
630102200511242098
630102200207277974
630102199909108010
630102200009057487
630102199910151227
630102200002011566
630102200401233537
630102200308197156
630102200703081890
630102200206068353
630102199804215063
630102200207123107
630102199712267624
630102199912247556
630102199806076159
630102200301088555
630102200511099121
630102200308162332
630102200308092098
63010219990208225X
630102199809234044
630102200203276958
630102200104201096
630102200406066811
630102200509116906
630102200104030522
630102200009157613
630102199902119657
630102200112022717
630102200301128975
630102200406159620
630102200605025078
630102199911017679
630102199803204151
630102200511121843
630102200110121623
630102200208197423
63010220050708113X
630102199712050759
630102199710228154
630102200004308769
630102200201282828
630102199712318057
630102200412176136
630102200205013609
630102200604289880
630102200210247178
630102200410216173
630102200311221209
630102200403285920
630102200009194967
630102200302089111
630102199905317210
630102200412169446
630102200504133520
630102200505294414
630102199805253563
630102200008313469
630102200106248613
63010220050220425X
630102200012253550
630102200703012086
630102199808154966
630102200409052730
630102200306073264
630102200703149744
630102200509121502
630102199906243188
630102200110133106
630102200406166767
630102200404054139
630102200701305301
630102199809077026
630102200608090473
630102200408133571
630102200002262226
630102200012115406
630102200212251453
630102200605108340
630102200510253940
630102200411075237
630102200210264154
630102200701040913
63010219980428881X
630102199911268590
630102200210047651
630102200401305027
630102200107266012
630102199810115720
630102199904202972
630102200702198114
630102200506188760
630102200707054742
630102200005199146
630102200611161703
630102199712193434
630102199911158527
630102199903091350
63010220021218158X
630102200603033269
630102200709072557
630102200703151086
630102200306032470
630102199905027627
630102200404136791
630102199906016866
630102200008302794
630102199904082835
630102200011103411
630102200206025177
630102200306086962
630102199911270869
630102200705309633
630102199910277874
63010220010122302X
630102200103102555
630102199909154914
630102200708184768
63010219980826089X
630102200010288821
630102200704041508
630102200210064507
630102200103276379
630102200111261724
630102199809079187
63010220020727292X
630102200508019071
630102199802080302
630102200312163207
630102200203022157
630102200507054836
630102200407060366
630102199710024119
630102199906095680
630102200201288349
630102200203223020
630102200106233278
630102200606175756
630102199904298337
630102200610308080
630102200506216709
630102200403166702
630102200310088071
63010220070825173X
630102200405176170
630102200504208545
630102200208280905
630102200201250228
630102200705147902
630102200611169158
630102200608142026
63010219971217273X
630102200601187678
630102200002203349
630102200102215849
630102200501073534
63010219980305267X
630102200601137152
630102200701022221
630102199801150743
630102200204196482
630102200008187722
630102200208025461
630102200005157528
630102200103031945
630102200704179259
630102200008078526
630102200508019039
630102199712122564
630102200701016075
630102199801090576
630102200610106665
630102200403010214
630102200601053565
630102200210298856
630102200704072793
630102200303160557
630102199711300381
630102200401211856
630102200307177719
630102200601292849
630102200311042753
630102199908308598
630102200409201046
630102200403162058
630102200706153343
630102200704235927
63010220061001690X
630102200512067850
630102200503317002
630102200103134645
630102200009130138
630102200405235628
630102200605246161
630102200110053069
630102199712146144
630102200203123847
630102200202176437
630102200409263538
630102200310256987
630102200309030913
63010220001026829X
63010220031216017X
630102200508135486
630102200108296512
630102200505013950
630102200012301620
630102200208293685
630102200409133645
63010220070909828X
630102200010253207
630102200301213408
630102200603112821
630102199902273179
630102199906214440
630102200401101542
630102200304243784
63010220061227227X
630102200407263454
630102200211088164
630102200607190800
630102199712207728
630102199808179848
630102200302172636
630102200706046273
630102199806199087
630102200305171065
630102200405285617
630102200203095823
630102200209249758
630102200305141309
630102199801153856
630102200502033366
630102199802114584
630102200506172005
630102200109123613
630102200212205086
630102199903190535
630102200003048790
630102199811017559
630102200204077651
63010220050429472X
630102200006062360
630102200702204377
630102200112309320
630102199906127996
630102200203238329
630102200512086162
630102200010031823
63010219980507539X
63010220060815692X
630102199901289574
630102200506275610
630102199902146137
630102200301072369
630102200109023700
630102200205306030
630102199911109055
630102200508013104
630102200403112851
630102200009070518
630102200011024895
630102200402179720
63010220050107959X
63010219971030134X
630102200305303654
630102200403143957
630102200704080419
630102200102069546
630102199902279239
630102200701270647
630102200608161788
630102200008102450
630102200609019724
630102200212022167
63010219980617236X
630102200411186703
630102200708012958
630102200207086764
630102200103062274
630102200509254604
630102200110077124
630102200602248241
630102200709119132
630102200608051861
630102200511280086
630102200508219188
630102199910137302
63010219991029579X
630102200610128338
630102200303245809
630102200510116313
630102199805087518
630102200508243188
630102199906254389
630102200209028111
630102200602213962
630102199807309313
630102199809271865
630102200307268442
630102200406031803
630102200404092186
630102200306120315
630102199811027888
630102200601273197
630102200701060172
630102200410273186
630102200709063458
630102200610276429
630102200211041788
630102200502178629
630102199903203666
630102200203228868
630102200304129033
630102200301160705
630102200501134376
630102200304158598
630102199710168833
630102199912097172
630102200009026883
630102200301109037
630102199911107906
630102200301053707
630102200411066621
630102200202084049
630102200202032812
630102199808013928
630102200312193588
630102200410225475
63010220020921116X
63010220021019271X
630102200010216692
630102200009184347
630102200006024516
630102200208163338
630102200607036459
630102200109062101
630102199905243637
630102200502102747
630102200108273281
630102200409264119
630102200303319820
630102200004151976
630102199903280565
630102200102121025
63010220040815396X
630102200406112929
630102200207142164
630102199712166743
630102200505096776
630102199812208226
630102199806100198
630102200203286419
630102200706034379
630102200306137715
630102199711164877
630102200610067571
630102200208211037
630102200102274830
630102200210208013
630102200302021467
630102200601142496
630102200101101874
63010220010404369X
630102200207055992
630102200011170307
630102199903072619
630102199904246465
630102200301094664
630102200107233560
630102200707281101
630102199710173077
630102200401256528
63010220041218438X
630102200003132490
630102200602193236
630102199908040042
630102200305031214
630102200303158852
630102199903130460
630102199905088876
630102200007290162
630102200301128561
630102200307232802
630102200701189937
630102200203183495
630102199803150851
630102199808059336
630102200110189142
63010220031101172X
630102200503295878
630102200602137111
630102199903299514
630102200705196552
63010219990316138X
63010219980928464X
630102199801071543
63010219971025044X
630102200608106906
630102200604180957
630102200008095588
630102200506152610
63010220021003130X
630102200210134894
630102200706303700
630102200002294332
630102200507308277
63010219990502715X
630102200703074404
630102200510173318
630102200610115377
630102200006066302
630102200307266981
630102200203029252
630102200609047194
630102200207022664
630102200610187135
630102200407135604
630102200010051381
630102200306203954
630102200104084408
630102200512095798
630102200212022482
630102199901045721
630102200003182631
630102200212308229
630102200107147590
63010220000504219X
630102200707266470
630102200003144184
630102200511102626
630102200104040800
630102200205241548
630102200706083031
630102200007286120
630102199904031333
630102200605070194
630102200507056014
630102200407010684
630102200405319960
630102200002206806
630102200305263568
630102200607265163
630102199801089321
630102200401295498
630102199912068216
63010220050512460X
630102199808027924
630102199909050584
630102200008126540
630102200107314539
630102200501131693
63010220011128474X
630102200602170456
630102199810286191
63010220060926309X
630102199811139900
630102200007131110
630102199903159351
630102200407048308
630102199806028106
630102199909019667
630102199711048278
63010219980915989X
630102200411135789
630102200006018431
630102200411210398
630102199911248805
630102200708035818
630102199801033221
630102200511130619
630102199912048717
630102200002019496
630102199906210095
630102200607259636
630102199910281646
630102200308067001
630102200204245272
630102200412142032
630102200709278897
63010220040824997X
630102200201294335
630102200310219705
630102199811277203
630102199711044867
630102200509170275
630102200507234183
630102200701315139
630102200205040172
63010220020121127X
630102199906178953
630102200407194321
630102200001231743
630102200607085699
63010220011214487X
630102200306245919
63010220010906254X
63010220050709001X
630102200106123247
630102200105023850
630102200210108653
630102200408029950
63010219990806575X
630102200307150372
630102200607023893
630102200706253379
630102200005136372
630102200412116643
630102199710233383
630102200210257077
630102200106126579
630102200211017550
630102200407194903
630102200211047207
630102200106058115
630102200112249903
630102200511032058
630102200306261126
630102199911122284
630102200106015676
630102199904275258
630102199712179325
630102200604149810
630102199711078469
630102200007192554
63010220031018029X
630102200506023915
630102200402182647
630102200102211418
630102200410194015
630102200401262311
630102200610117217
630102200401264069
630102200404266238
630102200103191180
630102200008082904
63010220070608937X
630102199901087200
630102200604056243
630102200310095888
630102200109058268
630102200301191288
630102200604262653
630102200608313390
630102199901039815
630102200604218038
630102200011241945
630102200505172820
630102200409059297
630102200105194422
630102200007117079
630102200702042363
630102200012108599
630102200606065901
630102200509122230
630102200408088141
630102200703250957
630102200508242927
63010220050703275X
630102200306034628
630102200306151808
630102200708163801
630102200205028122
630102200207184284
630102200006257635
630102200511266145
630102200405070122
630102200106054907
630102199804021736
630102200006086282
630102199812047231
630102200709278870
630102199810112896
630102200406237182
630102200010234604
630102200103291819
630102200703153997
630102200312059987
630102200502160496
630102200511292925
630102200205150291
630102200505030945
63010220030410248X
630102200601090593
630102200701312309
630102200411049338
630102200503071938
630102200011272370
630102200707145775
630102200409144344
630102200708234964
630102199811125998
630102200512043744
630102200308177884
630102200108315082
630102200107148585
630102200410109706
63010219971218727X
630102200003180927
630102200207093817
630102200407197987
630102200101237704
630102200111294278
630102199902256141
630102200112103664
630102199805050395
630102200305295324
630102200106297706
630102200102090636
63010220010310389X
63010219990202691X
630102200407086267
630102200304023626
630102200507304700
630102200306022993
630102200009175010
630102200408100374
630102200412216548
630102200104262219
630102200701280642
630102200211288510
630102200310273816
630102200408163586
63010220001231662X
630102200505046007
630102200302126939
630102200607313006
630102199805099578
630102199908131630
630102200510089597
630102200611136217
630102200009066586
630102199804091750
630102200202145550
630102200402176095
630102199908027761
630102199909116352
63010220051110252X
630102200404249593
630102200609099066
630102199911286844
630102200612232796
630102200506105750
630102200306245222
630102200112221994
630102199907175690
630102199903073670
630102200201155423
630102200606217696
630102200706068448
630102199807079626
630102200409169090
63010220070624013X
630102200008016130
630102200011196881
630102200010287554
630102200301107373
630102199812214204
630102200512177339
630102200012144303
630102200702224909
630102200002182170
630102200208308701
630102200501141461
630102200003185509
63010220010219198X
630102200703125275
63010220060924653X
630102200409149583
630102200410083470
630102200503103450
630102200610053997
630102200108144914
630102199711236252
630102200109298827
630102199803128339
630102199710082263
630102200401267470
630102200106241008
630102200104290340
630102199910067375
630102200306270196
630102200209019565
630102200709159601
630102200509127285
63010220030123011X
630102200010176424
630102200001099738
630102200512277225
630102200108062302
630102200311272233
630102200704137817
630102200001233642
630102200112237646
630102199904027166
630102200311280153
630102199808319492
630102200407111004
630102200302032553
63010220060725451X
630102200307075704
63010220070801999X
63010219981006672X
630102200102031257
630102199905093675
630102199807016326
630102199806148511
63010220021129892X
630102200706035144
630102200106193165
630102199911043324
630102200307304626
630102200402022862
630102200007224608
630102200202077420
630102200106170051
630102200201206243
63010219990807957X
63010220060129115X
63010220040515342X
630102199910113490
630102199907018230
630102200407261758
630102200204167438
63010220020418959X
630102199905145834
63010219980124861X
630102200303232354
63010220060911270X
63010219981017267X
630102200412176494
630102199811124370
630102199903299119
63010219981015683X
630102199710295699
630102200301203832
63010220070512409X
630102200305298277
630102200701134178
630102200708142840
630102200606191529
630102200307200755
630102200101053948
630102199907229505
630102199810073268
630102199811127213
630102199907123495
630102200608284251
63010220031210440X
630102200102102756
630102200401160390
63010220040607204X
630102200606047252
630102199912253585
63010219971207454X
630102200301311227
630102200205234727
63010220070310153X
630102199804195496
630102200411115657
630102200205096897
630102200201285578
630102199903245014
630102200103310661
630102199905043061
630102200605317839
630102199906139559
63010220061116535X
63010219991230715X
630102200312269554
630102200404178609
630102199802093904
630102200112106777
630102200110130925
63010220000416905X
630102200503319374
630102200204193361
630102200011060298
630102200104048909
630102200012318940
630102200206011023
630102200504102951
630102200602069729
630102200012242405
630102200310161451
630102200609224226
630102200006268932
630102200006087322
630102200109273531
630102199812045842
630102199809236971
630102199909191598
630102200609123548
63010220000420189X
630102200502020311
630102199807308142
630102200307069056
630102200108074557
630102200109091762
630102200204105990
63010220070304693X
630102199812276106
630102200610204302
630102200209276529
630102199712188125
630102199807110953
63010220060919723X
630102200703194211
630102199806181231
630102200007199027
630102200401267059
630102200404067714
630102200103231146
630102200510289257
63010220010131284X
630102200611189829
630102199802165883
630102200603124056
630102200603111044
630102199802188954
630102200404291724
630102200504194200
630102200709158887
630102200109217687
630102200706099957
630102200603127724
630102200208068330
630102200309062544
630102200512029133
630102199911155377
630102200307078649
630102200509303445
630102200704277131
630102200511252245
630102200308286837
630102200006109480
630102200402212535
630102200107071741
630102200001061748
630102199804095452
630102200003292486
630102200503075269
630102200612153895
630102200602038930
630102200410129192
630102199905183486
630102199907253847
630102200407047735
630102200306252369
630102200103260465
630102200607031594
630102200107303653
630102199804039039
630102200002157565
630102200612012371
630102200701098840
63010220020519231X
630102200007040411
630102199807265293
630102200004181024
630102200201157920
630102200706074207
630102199901145108
63010219980401662X
630102200408203875
630102200011250120
630102200003090470
630102199712020568
630102200002190904
630102199802188452
63010219980911769X
630102200704124637
63010220070212385X
630102200407260763
630102200210226203
630102200707139957
630102200111202011
630102200602259602
63010220040602825X
630102200212304578
630102200203041964
630102199906172148
630102200004088276
630102200105220766
630102200706077694
630102200705246126
630102200407297638
630102200111260895
630102199905251311
630102199811262765
63010220020909264X
630102200503201341
630102200201111586
630102200209149271
630102199905171338
63010220000128604X
630102199904142850
630102200110222619
630102200611256518
63010220031012655X
630102200312251020
630102200206091502
630102200311088217
630102200401194339
630102200508034706
630102200109235762
630102199908218090
630102199812143549
630102200411052879
630102200504063964
630102200410153352
630102199905043424
630102200304263937
630102200410154558
630102200205079712
630102200411156846
630102199712248394
63010220040521443X
630102200306010888
630102200606084512
630102200708123754
630102200109277831
630102200402151015
630102199712173564
630102200009128396
63010220060414223X
630102200611169502
630102200010190365
630102200605106513
630102200512140237
630102200707107250
630102200602065082
630102199803161235
630102199901277346
630102200304043846
630102200208204793
630102200606269189
63010219980814977X
630102199904016571
630102200306180537
630102200703167459
630102200604162599
630102199909255491
630102199907250304
630102200309063854
630102200508104567
630102200702167510
630102199908107980
63010219980730810X
630102200212097273
630102200506239855
630102200206071982
630102200701256992
630102200402228342
630102200511112787
630102200502279235
630102200203231004
630102200304233340
630102200709162106
630102200110292764
630102200501216857
630102199909108627
630102200004033830
63010220020106840X
630102200307289040
630102200409157209
630102200603252074
630102200505172644
630102200601298474
630102200512191472
630102200108036497
630102200209025316
630102200206284582
630102200208183494
630102199904129138
630102200309270386
630102200505267651
630102200604177598
630102200305065158
630102200702062049
630102200707114848
630102200704076743
630102200204248799
630102199910081361
630102200105053697
630102200303032782
630102200204288360
630102200507263320
63010220021221605X
630102199806271421
630102199812056146
63010219990522775X
630102200309148962
630102200301035533
630102199909084741
630102200410148561
630102200512288012
630102200404124141
630102200208159611
630102200103040964
630102200401200751
630102199902137388
630102200605255607
630102200509063728
63010220031219605X
630102200208309245
63010219990629898X
630102200005176032
630102199802219546
630102200010315279
630102200107172542
630102200309061824
630102200208244496
630102200201277623
630102200607160732
63010220050901247X
630102200211024347
630102200303086385
630102200501291291
630102200512196046
630102199904056119
630102200706134660
630102200201174165
630102200109161564
630102199811123220
630102200704260065
630102200310161320
630102200012207095
630102200010199634
630102200108192051
63010220041128272X
630102200604208104
630102200203107273
630102200305234660
630102200306159260
630102199908160167
630102200110281563
630102200408286033
63010220001119427X
63010220061101763X
630102200012205567
630102199811104302
630102199805241415
630102200612154599
630102200606193428
630102200508149159
630102200106169704
630102200307116115
630102200307290770
630102200102102588
630102200410026580
630102200310127325
630102200008094614
630102200102099606
630102200102065828
630102200007113270
630102200609040451
630102200004269608
630102200105051157
630102200408051189
630102199811141269
630102200702207332
630102199903106233
630102200003252708
630102200511304455
630102200611147856
630102200206172257
630102200608159899
630102200009302315
630102199901285135
630102199909236207
630102200010246111
63010220040802288X
630102200606186105
630102199901158435
630102200703191977
630102200605258680
630102200304134772
630102200611249406
630102200505289439
630102199901184350
630102199912253470
630102200704067468
63010220030511639X
630102200301092933
63010220010328677X
630102200205087296
630102199711264368
630102200412202621
630102200002094111
630102200003043295
630102200403190534
630102200105167491
630102200707181389
63010220051119425X
63010220070603116X
630102200307170373
630102200410142143
630102200410032649
630102200701289583
630102200306301888
630102199712199887
630102200608178029
630102199911140503
630102199911068900
630102199711194769
63010220030322328X
630102200602151677
630102200503259375
630102200504302662
630102200209146767
630102200707097814
630102199811102569
630102200110168835
630102200406122043
630102200310302015
630102200602267717
630102200206204124
630102200109016973
630102200002086840
630102200610178829
630102200212243330
630102200611218140
630102200203245393
630102200104202777
63010220040413354X
630102200106219572
630102200410030301
63010219980317719X
630102200211162037
630102200206272362
63010220000107475X
630102200012257666
63010220001104452X
630102200103246823
630102200709038789
630102200310248477
630102200303068240
630102200008137397
630102199806197890
63010219990408307X
63010220070824250X
630102199903216969
630102200303252400
630102200611153674
630102200603304006
630102200409286975
630102199809059717
630102200007090523
630102200203156614
630102200305287746
630102200604220146
630102199904049701
630102199802082527
630102200004269456
630102200310153013
630102200003264354
630102200609143936
630102199711243073
630102200107310028
630102200705195859
630102200707097443
630102200205281814
63010220050202307X
630102199802228020
63010220060427972X
630102200006093992
630102200306250953
630102200007271615
630102200606259642
630102199802055596
63010220031210619X
630102200009183168
630102200702240108
630102200010026768
630102200601249330
630102200107068382
630102200210016820
630102200701204033
630102200507091346
630102200408234698
630102200410219374
630102200411046153
630102200605071373
630102200007194664
630102200604183146
630102200704214341
63010220000621626X
630102200211157676
630102200112135244
630102200605128763
63010220050731938X
630102200201064118
630102199902149530
630102200008162998
630102200312012361
63010220021007043X
630102199911143499
630102200406246070
63010220000501456X
630102200501064507
630102200601210858
630102200311143052
630102200403266199
63010220001003571X
630102200705271284
630102200203162993
630102200210123677
630102199808200117
630102200410262700
630102200110017404
630102200610180857
630102200209148455
630102200006225887
630102200407293565
630102200605205474
630102200705129149
630102200407098786
630102199911011752
630102200002182242
630102200011054576
630102200008245830
630102200701196547
630102199711067460
630102200311045321
63010220020716569X
63010220060331911X
630102199711111222
63010220061029327X
630102200308071879
630102200007192036
630102200101184294
630102200708020309
630102200410077169
630102200107175399
630102200701224042
630102200611238256
630102200010161265
63010220040221096X
630102199904280612
63010220070103832X
630102200610272567
630102199910058305
630102200306133220
63010220030720043X
630102199805230660
630102200512243623
63010219980206744X
630102200612120663
630102200112253814
630102200312221251
630102200110096384
630102200408300747
630102200603164453
630102200501310739
630102200304072612
630102200206039456
630102199711171081
630102200208199920
630102200606136589
63010220030810014X
630102199912065808
63010220011129186X
630102200403201707
630102200307198958
630102200605291931
630102199712146953
630102200001074688
630102200104191123
630102199710101532
630102200301043357
630102200007110176
630102200609138467
630102200112105117
630102200403312490
630102200505265744
630102200406249052
630102200506114446
630102199909071369
630102199802188188
630102200106075433
63010220050224231X
630102200105279901
630102200504052835
630102199806295968
630102200208080620
630102200010316001
630102200012143896
630102200604279375
630102200305044103
630102200001155736
630102200405033524
630102199902059199
630102200202027423
630102200105218367
630102200112301054
630102199903274632
630102200110126686
630102200010079069
630102200003199484
630102200402123954
630102199905287947
630102200504148861
630102200310319466
630102200012180865
630102199711071830
630102200501297175
630102200304148656
630102199904251483
630102200309285334
630102200508234652
63010220060730752X
630102200308118542
63010220070809130X
630102200708215667
630102200708211674
630102200412095205
630102200201027245
630102200405041866
630102200008179589
630102200506215714
630102200210160750
630102200206071771
630102200009034090
63010220001221376X
630102200011290122
630102200006035610
630102200401099235
630102200304116099
630102200310185074
630102199805049634
630102200205250620
630102200508150176
630102200012035481
630102200005043184
630102199803268403
630102199912218683
63010220031108008X
630102200609167356
630102200111064990
630102200311011287
630102200002115234
630102200705306141
630102199901185724
630102200106274061
630102200212276650
630102199811247469
630102200407245432
630102200005129906
630102200008169727
630102200208243899
630102200308161866
630102200312086336
63010220020822310X
630102199905132304
630102200506179557
630102199909030639
630102199905306466
630102200501233753
630102200312211731
63010220020326245X
630102199710132654
630102200604227006
630102200707274817
630102199710168040
630102200503107726
630102200503275156
630102200003151931
630102199811251732
63010220011101220X
630102200306285275
630102200405029656
630102200007228289
630102200604254557
630102200309030761
630102199812205893
630102200401037077
63010219971109205X
63010219991227604X
630102199803167485
630102200507150414
630102199712049635
630102200211110851
63010220040102222X
630102199710301059
630102200401130992
63010220020221195X
630102200212114491
630102200208304145
630102200707170436
630102200009011526
63010219981123430X
630102200008030354
630102200602166748
630102200104095465
630102200411055893
630102199806188273
63010219990121816X
630102200009114285
630102200603169481
630102200012282757
630102200101061358
630102199807311691
630102199909039924
630102199905295154
630102200408241361
630102200605262727
630102200507172461
630102200611019846
630102200606281401
630102200305017527
630102200707185742
630102199805096676
630102199801145274
630102200402273020
630102199912215562
630102200506037006
630102200011185410
630102200001121421
630102199803141736
630102199906238901
630102200110077749
630102200208028224
630102200005269618
630102200604200217
630102200605159463
630102200208164189
630102200403243595
630102200008220764
630102200206166607
630102200103041510
630102200511131443
630102200107312445
63010220020117339X
630102200707131891
630102200308118198
630102200506226157
630102200102261992
630102200307117978
630102200604132453
630102200106057075
630102200307205601
630102200305125042
630102200605163331
63010220010709322X
630102200210169042
630102200702040974
630102200105259740
630102200505281648
630102200507265457
630102199712212455
630102200503113675
630102199909148901
630102200307047359
630102199907056202
630102199805223778
630102200702277197
630102200001046265
630102200404186342
630102200308264857
630102200108060913
630102200011137304
630102199711199981
630102199910015575
630102200706174785
630102200104201483
630102200202076743
630102200003139465
630102200605073192
63010220000128786X
63010220010825251X
630102200002035840
630102200303023747
630102200311191628
630102199802061435
630102199908118903
63010220020119836X
630102200610051406
630102200209037181
630102199711141739
630102199905039281
63010220070417858X
630102200001305407
630102200411162728
630102199904177703
630102200302120115
630102200612190987
630102200504264061
630102200510105534
630102200707141109
63010220021026033X
630102200602011359
630102199805045879
630102200006242177
63010220050210606X
630102200102261212
630102199906237941
630102200506148291
630102200007253142
630102200104243819
630102199808111886
630102200709178079
630102200609032013
630102200212233386
630102200309131802
630102200602098466
63010220041112748X
630102200312155426
630102200701282445
630102199711041922
630102200708042575
630102199801186340
630102200404074092
63010220001107477X
630102200707074241
630102200608181869
630102199912162712
630102199801194973
630102200605318436
63010220030312306X
630102200706276749
630102200203044428
63010219980809692X
630102200207040061
630102200410124922
63010220020820518X
630102200308153591
630102199906042984
630102200706213174
630102200208121971
630102200301112789
63010220011228264X
630102200605156633
630102200704051028
630102200409292689
630102200407219162
630102200311231482
63010219980401806X
630102200002085151
630102199904249500
630102200103010730
630102200706088553
630102200307242410
630102200611292658
630102200707132982
630102200205031639
630102200403278966
630102199910208529
630102200101200389
63010220030213316X
630102200106090297
630102200507169182
630102200702205900
630102200608239872
630102200511169652
630102200212072842
630102199908207738
630102200312084197
63010220030917516X
630102200107117666
630102200702250998
630102200104204297
630102200705299471
630102199811286708
630102199912183871
630102200108061203
630102200507119345
630102199711080390
630102200404217022
630102200401255947
630102199903262666
630102200411170226
630102199909057604
630102199910014134
630102200006303726
630102200310225144
630102200701201887
630102200110155524
630102200402228422
630102200004173067
630102200202143221
630102199908047201
630102199812185773
630102200707279028
630102200606109230
630102200411239748
630102200002133846
630102199909178238
630102200312078264
630102199912235045
630102200304169844
63010220061101229X
630102200503185695
630102200211231186
630102199712073272
63010220010325484X
63010220000202085X
630102200303031157
63010219990610185X
630102200409134672
630102200607135019
630102200005176702
630102200504023938
630102200601203818
630102200006137043
630102200602124134
63010220030728766X
630102200201295071
630102200001121130
630102199805209992
630102200702262120
630102199712248511
630102200706071129
630102200305271613
63010220011118196X
630102200608015836
630102199903264784
630102200508220760
630102200509134485
630102200212118126
630102200410080421
630102200506027019
63010220021225286X
630102200202236815
630102200105163562
630102200307086905
630102200010302021
630102200206307131
630102200003291029
63010220050703814X
630102200611159910
630102200505137371
630102200402239412
630102200303304039
63010220010529778X
630102200708161697
630102200206019703
630102199807168784
630102199901027371
630102200409068839
630102200002289867
630102200705053359
630102200610100722
63010219990122501X
630102200405295268
630102200504210194
630102199802112239
630102200006301368
630102200306117706
630102200405095485
630102200002047462
630102200006099622
63010220050801190X
630102199801181021
630102200204067445
630102199807137910
63010220060930199X
630102200206022873
630102199810157576
630102200604024911
630102200501290598
630102200105210963
630102200011208889
630102200202190167
630102200010061563
630102200606132385
630102199804074096
630102200709213794
63010220060109456X
630102200106038480
630102200706190830
630102200207143933
630102200307136888
630102200503194671
630102200708052415
63010220010206266X
63010219990320540X
630102200312086889
630102200508011993
630102200010029950
630102199901154258
630102200207156451
630102199807223309
63010220040416862X
630102200705111248
630102200002153361
630102200301163826
630102200402292408
630102200006130255
630102200206186632
630102199910241441
630102200104014880
630102200001303655
63010220010514154X
630102199810256822
630102200303071837
630102199902204130
630102199712263957
630102200009277826
630102200701301255
630102199902127964
630102200102213798
630102200305163516
630102200602227942
630102200411287889
630102199808027617
630102199903246500
630102200608075521
630102200303079185
630102200104156352
630102200105291345
630102200503243453
630102200510089124
630102199906036891
63010220061120411X
630102200008049143
630102200208106851
630102200601290974
630102200201033629
630102200404080927
630102200504058217
630102199803318423
630102200510121059
630102200004039394
63010220030928223X
630102200704028952
630102200703189412
630102199911023550
630102200612174055
630102199909148338
630102200112012682
63010219990915392X
630102200301094226
630102200509118725
630102199808100159
630102200504163674
630102199910220691
63010219980711417X
630102199905246950
630102200305118731
63010220050923067X
630102199912217461
630102200005108275
630102200111301044
630102200111054549
63010220030202705X
630102200312112418
63010219980713519X
630102200709155416
630102200512154161
630102200402235518
630102200611308015
63010220020119668X
630102200607087993
630102200608256015
63010220030327161X
630102200302191677
630102200405302800
630102199906258056
630102200605219331
630102200205015153
630102200307081506
630102200109104586
63010220070127906X
630102199905256374
630102200409066454
630102200311089500
63010220010623668X
630102200411113459
630102200611078635
630102200602025697
630102200107241624
630102199902161417
630102200608017065
630102200012020511
630102199911095191
630102200705187971
630102200202114631
630102200103127488
630102200207080055
630102200004203246
630102200603098935
630102200606272038
630102200401275227
630102199711158506
630102200401196668
630102199806119999
630102200101294485
630102200306301247
630102200302051148
63010219980804146X
630102199801209610
630102200411047682
630102200302081611
630102200508134782
630102199804022448
630102200512142988
63010219990212320X
630102200309123984
630102199911013117
630102199902241345
630102200011045581
630102199802135465
630102199804262599
63010220070531773X
630102200004050286
630102200003190375
630102200005130747
630102200109180386
630102199912290618
630102200410151998
630102199810126104
630102200108232869
630102200012020204
630102200605225328
630102199902237899
630102200107028997
630102200607109072
630102200307133054
630102200704309201
63010220051020767X
630102200504046822
630102199812042502
630102200607309090
630102200407122184
630102200311281586
63010220040414402X
630102200209252623
63010220020720891X
630102200201099185
630102200607134585
630102200111158209
630102200611219661
630102200006228009
630102200007034206
630102200707152000
630102200707260781
630102200501289802
630102200605266947
630102200402144237
630102200303029647
630102200701096482
630102199802154236
630102200702155608
630102200701141722
630102200408276046
630102200706238398
630102200509222901
630102200510054116
630102200412106795
630102200012022939
630102200112188506
630102200101047652
630102200607062905
630102200509271826
630102200101104610
630102200201067415
63010220050903787X
630102200411047690
630102200507034499
630102199809060099
630102200007235104
630102200207191214
630102200107123679
630102200511030327
630102199801162699
630102199711129035
63010219990403207X
630102200609150271
630102200606191692
630102200310137355
630102200510244542
630102200409061071
630102200407039647
630102199711112081
630102200510171232
630102199912147731
630102200705129827
630102200105281905
630102199809082343
630102199901177839
630102200103133765
630102200604050351
630102199711164594
630102200411119906
630102200308088961
63010220030203943X
630102200305261095
63010220000225439X
630102200203097108
630102200012292365
63010220000621079X
63010220031206281X
630102200004233269
630102200110034431
630102200504071876
630102200009183993
630102200311225277
630102200311259522
630102199808225787
630102200502247356
630102200502015969
630102200701298009
630102200505317233
630102200502142685
63010220040815847X
630102200506146894
630102200608261041
630102200307134911
630102200108273839
630102200003099643
63010219980706001X
630102200203064445
630102200003069639
630102199907227390
630102200509095682
630102199803029621
630102199909147618
630102200104251253
630102200207267936
630102200005140179
630102200505142816
630102200304220216
630102200205068925
630102200411308491
630102200709047351
630102200404237955
630102200606275554
630102200703162412
630102200211295868
630102200412283273
630102199711222432
630102200302224643
630102199710157683
63010220030309051X
630102200202192189
630102200201093859
630102200302115578
630102200401088851
630102200206058147
630102200111291931
630102200204016138
630102199806056051
630102199801116465
630102200610204361
630102199905188703
630102200102137115
630102200410249207
630102200206123498
630102199801197939
630102200205093717
630102200705276173
630102199809061112
63010219980603483X
630102200005285351
630102200611012169
630102200408056502
630102199909032829
630102199901109879
630102200004066392
630102200111262807
630102199903266632
630102199801147704
630102199809033939
630102199908174171
630102200103271711
630102200108208332
630102200207213284
630102199908170015
630102199711069634
630102200111074865
630102200304183750
630102200411200261
630102200212161765
63010220020422122X
630102200403084555
630102200006189329
630102200704049104
630102199912100669
630102199911153400
630102200502034318
630102200111245169
630102200408214814
630102200210149412
63010220040108798X
630102199902034776
630102200405058836
630102200312278936
630102200102285935
630102200112034398
630102200509138363
630102199807275977
630102200211268173
630102200110142897
630102200203078361
630102200307168513
63010220010320659X
630102200005070158
630102200106022817
630102200408103444
630102200702158585
630102200605084326
630102200507294039
630102200211012223
630102200701057715
630102199801266279
630102200501285916
630102200102287033
630102200210116207
63010220020410084X
630102200109296506
630102200502151880
630102200704214253
630102200310224926
630102200111176001
630102200005143089
63010220020531193X
630102199802247424
630102200704014470
63010219991122554X
630102199801179554
630102200505177445
630102200307244002
630102200508208526
63010219980926557X
630102200305042669
630102200505032270
630102200708162403
630102200109161249
630102199911102769
630102200607298803
630102200607297261
630102200502014392
630102200501045322
630102200607102196
630102200508029202
630102200111307120
630102200212018037
630102200303060820
630102200604211725
630102200708302920
630102200202200230
630102200701293996
630102200107265191
630102199802158931
630102200109139324
630102199911267782
630102199904072418
630102200105279653
630102199810152548
630102200701259720
630102200612128147
630102200412297675
630102199803152523
630102200012030058
630102200007216798
630102200408205192
630102200601052837
630102200204185863
630102200402081723
630102200101013815
630102200302112916
630102200308115392
630102200210227417
630102199712255201
630102200107097407
630102200508130175
630102200701206661
630102200702071084
630102200010300456
630102199807196910
630102200708100739
630102200006084850
630102200610098079
630102200709084195
630102200004309737
630102200109269882
630102200502060823
630102200205184336
630102200002036587
630102200701138136
630102200607086691
630102199908098578
63010220060328886X
630102200310143878
630102200304119767
630102200501110999
630102199712170064
630102200612096122
630102199803040695
630102200012169359
630102200411263019
630102200211122553
630102200108294883
630102200704043159
630102199909106541
63010220010630390X
63010220000321113X
630102200005153754
630102200507142692
630102200103012410
630102200512318963
630102200509121633
630102200512067367
630102200302070197
63010220070510622X
630102200306239842
630102199901123494
630102200507227290
630102199810259943
630102199812110704
630102200706158865
630102200405143176
630102200007134135
63010220021227230X
630102199907178867
630102200110202685
630102200612043194
630102200201301769
630102199908260168
630102200409031315
630102200204067859
630102200309212258
630102200302126314
630102200207118973
630102200504045125
630102200511160551
630102200102090433
630102199904191783
630102200104252467
630102199912121718
630102199910299002
630102200312076728
630102200007229759
630102200009249737
630102200012293173
630102200204245889
630102199712290701
630102200511088967
630102200305111425
630102200510309094
630102200111060981
630102200210053461
630102199806105925
630102199803318917
630102200110151195
630102200205172976
630102200610085745
630102200501033751
630102200510259146
630102200007292942
630102200507011545
630102200601067131
630102200205090524
630102200509165484
630102200701156211
63010220060411575X
630102200102106060
63010220000108574X
630102200212254144
630102199906200516
63010220030625804X
630102200405086351
630102200110183357
630102200505280186
63010220020905749X
630102200609244542
630102200405031406
630102199802150227
630102200302028052
630102200709262924
630102199807288495
630102200610038498
630102200111283210
630102200505194042
63010220070714262X
630102200206173583
630102200008131892
63010220070411800X
630102200003186616
630102200709223343
630102200309215731
630102200702278448
630102200402221079
630102200505113505
630102200409165313
630102200105038980
630102199712035591
630102200603212224
630102200409013782
630102200110096309
630102200401170927
630102200207062826
63010220031116278X
630102199905046107
630102200503201480
630102200408081943
630102200003143720
630102199904172144
630102199908252686
630102200305277548
630102200702070911
630102200702152140
630102200708266341
630102200504035138
630102199802194203
630102200202046464
630102200705158206
630102200102211303
630102200701269523
630102200509020971
630102200411255254
630102200001295384
630102200601145996
630102200507143943
63010220070924331X
630102199911073523
630102200007292782
630102199912080637
630102200011065283
630102200601191028
630102200510033841
630102200701255113
63010219991219305X
630102200303162181
630102200012033988
630102200407028753
630102200310270535
63010220040318904X
630102200704090238
630102200011091561
630102200110137908
63010220020803953X
630102200207265164
630102200604224905
630102200205020454
630102200312111917
630102200007140033
630102199901019152
630102200209258048
630102200401095752
630102199801145901
630102200207280858
630102200308253031
630102200705152496
630102200107247719
630102200709060265
63010219980118816X
630102200105038796
630102199905065500
630102200102031679
630102200307098543
630102200508171452
630102200311197536
630102200309241411
630102200311111739
63010220010521071X
630102200003116116
630102199908221871
630102199711120073
630102199901319497
630102199805177572
630102200104155990
630102200707310195
630102200212240674
630102199807088258
630102199906139399
630102200512094461
630102199903201070
630102199806150152
63010220040606957X
630102199711129000
630102200708236134
630102200701059606
630102200402079199
630102200610217410
630102200205293946
630102200502039741
630102200211053834
630102200312217244
630102200301154479
630102200306147833
630102199910315914
630102200204085475
630102200308143377
630102200310298511
630102200004149200
630102200511064025
630102199803173631
63010220020504646X
630102200606242592
630102199710035790
630102200001152607
63010220060625418X
630102199907110520
630102200205052149
630102200310083537
630102199906067321
630102200410212674
630102200405144291
630102199905217076
630102200404011470
630102199901272289
630102200306118258
630102199804296182
630102200503201042
630102199710069069
630102200301029088
630102200312121912
630102200001169767
630102200609278961
630102200301078541
630102200008191246
630102200706176502
630102199906309503
630102200412234615
630102200211120179
630102200704192509
630102200102051274
630102200101043627
630102200702039658
630102200401024401
630102200312084015
630102199909291767
630102200605088044
630102200501147927
63010220070129952X
630102200408273988
630102199804043791
630102199805117393
630102200701065555
630102200705106035
630102199908101458
630102200603037745
630102200305049713
630102199906260471
630102199804236075
630102200201177702
630102200005214430
630102200509274787
630102200406309940
630102199802274844
630102200508278735
630102200102129203
630102200608297909
630102200110212090
630102200011065152
630102200509266111
630102199911068150
630102200103301431
630102200312155856
630102200212146063
63010220001214598X
630102199806105335
630102200209193416
630102200308236362
630102200207311095
630102199811146289
630102199803212223
630102200204082725
63010220050728595X
630102200108089759
630102200112208431
630102200706017667
630102200605230194
630102200306275544
630102200701058646
63010220070425858X
630102199903180273
63010220001114546X
630102200603021065
630102199901235736
630102200102177432
630102200008196821
630102200308191758
630102199803025794
630102200204014677
630102199809189327
63010220060804758X
630102200102074281
630102200103126960
630102200612315241
630102200612136745
630102200707117651
630102199806307930
630102200412047617
630102200006252367
630102200505099205
630102199803145374
630102200203196181
630102200407098604
630102200706039604
630102199808311917
630102200612095920
630102200103025342
630102200302149997
630102200411051083
630102200707188177
630102200310119608
630102199710123854
630102200112230065
630102200111108121
630102200101117251
630102199911180003
630102200408283959
630102200108198357
630102200010150363
630102200112065645
630102199908115251
630102200612039785
630102200403131841
630102200012293456
630102200602054287
630102200207069454
63010220030711710X
630102200609308710
630102200611250167
630102200501151272
630102200705194215
630102200010190410
630102200102251890
630102200501023158
630102200405261279
630102200211218491
630102200111122572
630102200607176013
630102199908194869
63010220020319424X
630102200507195372
630102200703283775
630102199803045971
630102200110203725
630102200309015780
630102200511260237
630102200504022564
630102200412085971
63010220041230373X
630102199710054668
630102200603019520
630102200709228259
630102200511030511
630102200006064999
630102200703012908
630102200307063105
630102200403110872
630102200206154251
630102200704175071
63010220021231491X
630102200502168498
630102199801149822
630102200602237542
630102200201231166
630102200705318230
630102200407178997
630102200101301171
630102200106214835
630102199712085628
630102199712060586
630102200212282831
63010220040728954X
630102200310033839
630102200205213643
630102200608037867
630102200107080728
630102200306208878
63010220020625536X
630102200204247868
630102200503216228
630102200405098248
630102200608093914
630102199904229382
630102200006262098
630102200401124330
630102200103262399
630102200001180560
630102200210179590
630102200401132437
63010219990517159X
630102200505015307
630102200211016427
630102200312076146
630102199811038261
63010220041205565X
630102200611302131
630102200706219621
630102200606231543
630102200607283265
630102200707175288
630102199712263287
630102199811086992
630102200503272369
630102199806019541
630102199806070814
630102200508063099
630102200111071955
630102199811239418
630102199806090022
630102200301120930
630102199903293518
630102200005135441
630102200404207086
63010220060823246X
630102200504151112
630102200705011968
63010220061109247X
630102200312207222
63010220030629995X
630102200504016893
630102200208199306
630102200705129480
630102200403027710
630102200102084818
630102199802098166
630102200410302784
630102200211057464
630102199809076437
630102200501024070
630102199912188197
630102199905318352
630102199904101768
630102200706264158
630102200411049864
630102200107067304
630102199810043173
630102200604102334
630102200301030062
630102200303161525
630102200112202793
630102199810298264
63010220040107621X
630102200601210014
630102200602083280
630102199902240852
630102200405092241
630102200703193569
630102200203079452
630102200004205225
630102200312210835
630102200704077965
630102199901118900
630102200607310817
630102200512021000
630102199806172773
630102200205254832
630102200310033628
630102200102174848
630102199812094994
630102200309262394
630102200701076203
630102199802124520
63010220070218867X
630102200011200289
630102200110211020
63010219981225074X
630102200106102542
630102200202045322
630102200010168598
630102200411218381
630102200312045219
630102200105306770
630102200004252590
630102200411066218
63010220000512366X
630102200603241244
630102199908132086
630102200603018915
630102200508086696
630102200703187580
630102200208220574
630102200506071028
630102200207299946
630102199807177859
630102200307180774
630102200601055552
630102200109249574
630102200410308967
630102200210099515
63010220041030945X
630102200203161974
630102200701267843
630102199811173244
630102200301073652
630102200310257525
630102199804032187
630102200005021313
630102199801046030
630102200009188970
630102200105138199
630102200304048778
630102200103308000
630102200209283243
630102199808231503
63010219990724019X
630102200403303391
630102199907289102
630102200307221353
630102199807044693
630102200401123979
630102200508118619
630102199905031618
630102200011224678
630102200008045222
630102200701073440
630102200706106707
630102200401093749
630102200506220740
630102200404209209
630102200609166927
630102200203232568
630102200401314660
630102199712176028
63010220061017019X
630102200304248702
630102200406081384
630102199812295200
630102200303203852
630102200706177185
63010220030609003X
630102200505312002
630102200411049514
630102200006088616
630102200002270568
630102200104208677
630102200204046599
630102200706236720
630102200009040124
630102199811080398
630102200701083833
630102200206289340
630102200505083641
630102199711043426
630102200504302830
630102200704294740
630102199901179295
630102200009204133
630102199906043880
630102200001158953
63010220041227756X
630102200211123097
630102199712115137
630102200004258570
630102199901303583
630102200211153333
630102200512190840
63010220040814000X
630102200205303585
630102200411197277
630102200104137290
630102200310018858
630102200507161455
630102200401054213
630102200411044182
630102200108260042
630102200006209385
630102200012031528
630102199802026197
630102200310207560
630102200611071820
630102199903040377
630102200311161023
630102200308059650
630102199806017941
630102200608260022
630102200606058891
630102200308256937
630102200012183425
630102200706276714
630102200510191081
630102199902284775
630102200506218472
63010220070325195X
630102200601176418
630102200704173009
630102200004244419
630102200604049211
630102200102140365
630102199902262699
630102200102058230
630102200303180398
630102199812099197
630102200001241095
630102199712296476
630102200408251578
630102199804016224
630102200104035323
630102200708055712
630102199910288637
63010220040429524X
630102200301156108
630102199906141050
630102199710156429
630102200108257441
63010219980724672X
630102200510240816
630102200411282965
630102200010119534
630102200101022818
630102200704190204
63010220030706778X
630102199810100406
630102200508132787
630102200505108087
63010219981211748X
630102200701031005
630102200206215069
630102200204153335
630102200605308756
630102200012199646
630102200704040935
630102200607066228
630102200606134196
630102200104127834
630102200202104804
630102200101236381
630102199810311983
630102200604070184
630102199901074813
63010220000916619X
630102199908053492
630102200202255469
630102199912050585
630102200501080814
630102200605057766
63010220031020196X
630102200707148642
63010220030515226X
630102200312025074
630102200701052199
630102200507164082
630102200307078243
63010220070514877X
630102200405290862
630102200609304349
630102200206265269
630102200605164318
630102200105066893
630102200405279452
630102200604284609
630102200209022510
630102200104292370
630102200501128216
630102200106282272
630102200401144833
630102200502162803
630102199710287381
630102200211032099
630102200311053647
630102199809299673
630102200406285440
630102200708306585
630102200702286210
630102200212014538
630102200705243312
630102199809240065
630102200309189609
630102200304238467
630102199806260095
630102200608165359
630102200606174470
63010220020526167X
630102200207254529
630102200006135283
630102200308139394
630102200504215884
630102200611229448
630102199908079713
630102199808068603
630102200605312894
630102200205115197
630102200002234794
630102200106282520
630102200605058398
630102199711066986
63010220060329205X
630102200002274059
630102199902181370
630102200111299474
630102200309244508
630102200203063581
630102200604302299
630102200201172928
630102199908169719
630102199905113920
630102200206123690
630102200102243946
630102200007045749
630102199911060298
630102200702174526
630102200503223671
630102200311149948
630102200604155938
630102200511111258
630102200104186770
630102200504302611
630102200312249078
630102200305043792
630102200708013571
630102200404269631
630102199712175682
630102200301309741
63010220010724629X
630102200112129290
63010220010515114X
630102200703224492
630102200506301559
630102200106041065
630102200010258702
630102200304191996
630102200609261174
630102200005315370
630102200203278558
630102200110220154
630102200204026213
630102200310015630
630102200506091184
630102200303126658
630102200503282129
630102200411277242
630102199809293423
630102199901021746
630102200004182705
63010220070420723X
630102199811177878
630102200203054765
630102200011089699
630102200210223424
630102200501253981
630102200010021625
63010220061115161X
630102199807126066
630102199804029287
630102200705279112
630102200602248997
630102200409152408
630102199911014865
630102200211222079
630102200301212376
630102199903170083
630102200603098441
630102199804297660
630102200408281064
630102200201249032
630102200505219879
630102200002182007
630102199811147951
63010220030324067X
630102200311304127
630102200108308333
630102200101012636
630102200609026983
630102200210054245
630102200511226362
630102200202220362
63010220040417523X
630102200308103850
630102200611044881
63010220001110334X
630102200404198888
630102200305186304
630102200512230574
630102199803068794
630102199811295874
630102200707166226
630102200402048560
63010220020627988X
630102200510251523
630102200106294628
630102200606223092
630102199807130276
630102199804269555
63010220001107514X
630102200301138401
63010220060218679X
630102200208053171
630102200008149697
630102200505311683
630102200510024945
630102200312291786
63010220051114026X
630102200605271439
630102199801198667
630102200404092354
630102200409043770
630102200305261378
63010220030509475X
630102200205289584
630102199811225016
630102200608130914
630102200601259715
630102200002186315
630102200007071859
63010220070217979X
630102200302223173
630102200102025404
63010219980122487X
630102200502120291
630102200010257259
630102200112174235
630102200605148414
630102200212175470
630102200410094938
630102199909256603
630102200411117046
630102200209188537
630102200112128351
630102200205276871
630102200007218021
630102200708266632
630102200510238601
630102200101107467
630102200107200208
630102199904189974
630102200706096879
630102199801140027
630102200409276013
630102200012281930
630102200704134325
630102200112250103
630102199807156230
630102200610197130
630102199910298587
630102199912296630
630102199807152678
63010220050615953X
63010220000605247X
630102199903125629
63010219991123063X
630102200607132248
630102199904099389
630102200306224798
630102200206147852
630102200205216879
630102200106253930
630102200012252742
630102200005057113
630102200005133067
630102200012196787
630102199902218233
630102200410140885
630102199904133882
630102200408120105
630102200107011650
630102200210313550
630102199711278938
630102200411168847
630102200608219492
630102199803217550
630102199910305521
630102199811205373
630102200503301887
630102200408156503
630102200608176330
630102200203241253
630102200204031629
630102199812150458
630102200112159035
630102200209148244
630102200308230817
630102200201140870
630102199911120705
630102200508096659
630102200206213979
630102200409127229
630102200212132702
630102200510286531
630102200012049103
630102200212229221
630102200111221976
630102200611077093
63010220070311260X
63010220040723504X
630102199906149933
630102200106160259
630102200306266832
630102199801261435
630102200310181372
630102200603041568
63010219990114798X
630102200612151072
630102199904200248
630102200410276360
63010220020220766X
630102200706021391
630102200311297019
630102200103079658
630102200110142133
630102200704156735
630102200512280029
630102200509061263
630102199810105581
630102200003292857
630102200408061643
630102200109087894
630102200207203342
630102199908042363
630102200302187926
63010219991106378X
630102200707260810
630102200404228020
630102200407066573
630102200610248196
630102199906011475
63010220050702686X
630102200708287476
630102200611074677
630102199806116536
630102199905236285
630102200010213109
630102200309254896
630102200206176020
630102200305270151
630102200006098347
630102199803132362
630102200004232389
630102200302218243
630102200409099862
630102200501318327
630102200201194887
630102200212103522
630102200308135748
630102200010142689
63010220060725064X
63010220070223789X
630102200203056971
63010220050920368X
630102200603030447
630102200207281519
630102200105075888
630102200505297682
630102199808157374
63010219971125782X
630102200508098662
630102199903029653
630102199812072760
63010220001105295X
630102200105202947
630102199901213377
630102200704074334
630102200709090456
630102200506238422
630102200608060661
630102199803050156
630102199804193028
630102200002126494
630102200008178367
630102200201143289
630102200308176435
630102200511165344
63010220050714089X
630102199809224225
630102200608151360
630102200702171317
630102200306156967
63010220001113252X
630102200007061845
630102200012025478
630102200512146401
630102200609129720
630102200103217053
630102200211293782
630102199903251676
630102200612304577
630102199804054992
630102200609115513
630102200406223901
630102200704178336
63010220031025990X
630102199810205654
630102200109225900
630102200404099716
630102199911172468
630102200304225578
630102200506041814
630102200109111890
630102200609071995
630102200109054187
630102200312137914
630102200310246164
630102200605122062
630102200002219463
630102200003180994
630102199909293367
630102200012036345
630102200102048382
630102199908268223
630102200506017531
630102199905012679
630102200107021330
630102199805036518
630102200411285744
630102200301246111
630102200309109015
630102200411208378
630102199810016853
630102200706251779
630102200005038529
630102199804238089
630102200302047843
630102199905069114
630102200009042138
630102200509282277
630102200405145657
630102199710106181
630102200507236744
63010220040811459X
630102200209198583
630102200610300847
630102200001297304
630102200705285440
630102200009279223
630102200502133121
630102200105086894
630102200408313652
630102200203189563
630102199902181194
630102200311063423
630102200702211403
630102200506212281
630102200704040345
630102200605232982
630102200405232398
630102200405307003
630102200305022510
630102200605036965
630102200704029998
630102200111211583
630102200601101731
63010220061205271X
630102200007213108
630102200302014136
63010220000819202X
630102199806289576
630102200503306514
630102200609249714
630102200606026099
630102200701091016
630102200012139344
630102200504069741
630102200206148740
630102199902026696
630102200308180258
630102200205040156
630102200208271689
630102200401212752
630102200101223062
630102200401090951
630102200006206432
630102200709286205
63010219980402016X
630102200102276182
630102200412163802
630102200312228509
630102200705151880
630102200011031147
630102200207204628
630102200106279049
630102200010147025
630102200311016897
63010220040613356X
63010220050119976X
630102200306157687
630102200501208216
630102199904016889
630102200612141560
63010220060323153X
630102200312108670
630102200312108080
630102200301054400
630102200504279829
630102200707142961
630102200606137979
63010220001024081X
630102199907279844
630102199711080729
63010220050322202X
630102199903294967
630102200006107944
630102200204200322
630102200007276950
630102199806236191
630102200106133525
630102200011081742
630102200601145451
63010220000411952X
630102200407032197
630102200503153888
630102200611053761
630102200303074552
630102200110294452
630102200504271149
630102200402294200
630102200608080902
630102200307147587
630102199909097067
630102200303296286
630102200202238247
630102200603058829
630102200606298203
63010220020316354X
630102199907039728
630102200104200149
63010220061206055X
630102200101079646
630102200309282854
630102200607013708
630102200202116709
630102199910131437
630102200101161236
630102200003207632
630102200609263831
630102200102189425
630102199808025929
630102200102041447
630102200503248756
630102200503263278
630102200505238914
630102200609112785
630102200704139062
63010219980806766X
630102200306022774
630102200311225832
630102199710017760
630102199902287757
630102200110022246
630102200307165873
630102200202200097
630102200704054237
63010220040401628X
630102200009250172
630102200705169626
630102200106306887
630102200007194306
630102199912029663
630102199804128226
630102199806293719
630102200104097882
630102200504243957
63010220041231966X
630102200601175992
630102200003176311
630102200501062122
630102200209094186
630102199811068364
630102200605080878
630102200312026210
63010220040501389X
630102199902151286
630102200603135580
630102200207031827
630102200404066164
630102200703285041
630102200505253719
630102200004250878
630102200603015212
630102200308223385
630102200305210378
630102200201290932
630102199810250666
630102200404181744
630102199812229246
63010220011007154X
630102200306273469
630102200001154848
630102200006064497
630102199712016470
630102200205053002
630102200704146481
630102200203302669
630102200203053738
630102200703213240
630102200008068686
63010220060809313X
630102200108219496
630102200110032495
630102200303180822
630102200204144156
630102200404049356
630102200601138737
630102200203259429
630102200310078957
630102200203261289
630102200309169253
63010219971025343X
630102200605082638
630102200301291131
630102200701043858
630102200408243885
630102200504188687
630102200008092635
630102200201122410
630102199905290644
630102200607077891
630102200110037552
630102200009159002
630102200012155301
630102199806128908
630102200211238644
630102200610173569
63010220031205019X
630102199810063633
630102200211232314
630102200305184181
630102200003169592
630102200211039530
63010220030814672X
630102200410131604
63010220001124541X
630102199809075784
630102200512197153
630102200207286598
630102200411298852
630102200001076149
630102199806277612
630102199802094341
63010220070905974X
630102200503122715
630102200208309683
630102200302288380
630102200302276806
630102199806219383
630102200506209875
630102199906035004
63010220050112280X
630102200201269463
630102199802010443
630102200103068772
630102200403281954
630102200007057045
630102200204154549
630102199806289189
630102200101075223
630102200708251828
630102200402030037
630102199904214412
630102200703185841
630102200709230797
630102199810260928
630102200412158683
630102199906272755
630102199902031399
630102200708166068
630102200601063499
630102200506269835
630102200002047761
630102200503132673
630102200403068651
630102200701238735
630102199810265411
630102199808277034
630102200612214870
630102199810125363
630102200308088902
630102199804125252
630102200701236051
630102200302212343
630102200106272795
630102200312280868
630102200306166874
630102199711063259
630102199808233023
630102200306290269
630102199807137742
630102200706302214
630102199804247540
630102200311232848
630102200401196481
630102200601012106
63010220000425705X
630102200005153252
630102200403212799
630102200105077795
630102200505261145
630102200604256085
630102200506165825
630102200409202575
630102200004195549
630102200604240534
630102199710236322
630102200305236631
630102200511012655
630102200210088111
630102199905114800
630102200507081383
630102200203185116
630102200706262347
630102200011077292
630102200311275936
630102199909073735
630102200306179333
63010220050409164X
630102200506096663
630102199803066174
630102200006065991
630102200012079636
63010219980815806X
630102200206102427
630102200401016049
63010220040303841X
630102199804096594
630102200509073096
630102200307062866
630102200102129641
630102200112198480
630102200607122912
630102200209076674
630102200009236629
630102200009142219
630102200401143654
630102200705096113
630102200105279135
630102200601317938
630102200205132018
630102200010071665
630102200606025600
630102200304122771
630102200406201139
630102200207195151
630102200503017114
630102199906146820
630102200108114053
63010219991022721X
630102199909216994
630102200201282799
630102200209184085
630102200405151328
630102200402267640
630102199903178130
630102199902221985
630102200607315028
63010220030116495X
630102200108303188
630102199901080631
630102200401277978
630102200210123036
630102199810127174
630102200512317573
630102200111197478
630102200601146956
630102199909064273
630102200608029189
630102200410023558
630102200503197389
630102200009239512
630102200504102900
630102200503287026
630102200511295392
630102199812252163
630102200705017024
630102200107127346
630102200312035723
630102199810153954
630102200610313613
630102199910079886
630102200109080967
630102200508125739
630102200102065609
630102200705168703
630102200303280073
630102200205076618
630102200210175928
630102200508316893
630102200601176987
630102200607157744
630102200309135010
630102200206239546
630102200307195765
630102199801191879
630102199908084942
630102200205211330
630102200501045082
630102200608031000
630102200410091884
630102200702242568
630102199910012251
630102200609020995
630102200204237272
630102199806157995
630102200202215926
630102199906157693
630102200310265242
630102200109037395
630102200002107824
630102200102145393
630102200011043391
630102200106217534
630102199909263096
630102200401037464
630102199902036368
630102200207101928
630102200103050070
630102200209177598
630102200311288307
63010219991028357X
630102200504197030
630102200512125096
630102200201206307
630102199809076381
63010220020830812X
630102200701127445
630102199910301790
630102200503284247
630102199911187619
630102200210111625
630102200209275622
63010220030415380X
630102200003121919
630102199803121735
630102200209020283
630102200601277702
630102199804272746
630102199905313017
630102200701281469
630102200112027999
630102200407133422
630102200311015624
630102200411109134
63010220041116239X
630102200408221934
630102200605165820
630102200506152928
630102200406268106
630102200005202755
630102200403159860
630102200603185625
630102200108282938
630102199907094540
630102200611178230
63010220020103703X
630102200510081368
630102200509196117
630102200106190941
630102200611263953
630102200705159989
63010220060822673X
630102200204154143
630102199805013367
630102200006157001
63010220070726116X
630102200605156668
630102199809277300
630102200010220974
630102200406296035
63010220050428496X
630102200705305552
630102200007074830
630102199801317507
630102200112151527
630102200003304678
63010220060826463X
630102199909150577
63010220000405739X
630102200009193956
630102200310200115
630102199901037983
630102200011071982
630102200008210320
630102200508093378
630102199808154579
630102200309190992
630102200107160365
630102200704271813
630102200707034442
630102200603201912
630102199807210460
63010220021019810X
630102199812180681
630102200505286502
630102199711054416
630102199910130848
630102200202166642
630102200011138614
630102200602121160
630102199803207475
630102200110101286
630102200309127547
63010220000925558X
630102200502233261
630102200201316717
630102200401293089
630102200105218789
630102200406184703
630102200607290772
630102200607096179
630102200205228319
630102200706165723
63010220010916794X
63010220010221319X
63010220000722996X
630102200601278588
630102200409277403
630102199811165594
63010220001016284X
630102200702026769
630102200607305882
630102200311075010
630102200012190051
630102199804078409
630102200207207503
630102200008025539
630102200703093728
630102200011171668
630102200203313704
630102200002205301
630102199909305073
630102200411105088
630102200703104394
630102200511181395
630102199906203039
630102200308214497
630102200208156832
630102200312027600
630102200203110683
63010220031229010X
630102200212178241
630102200406282442
630102200610079759
630102200702149486
630102200106035482
630102200410197363
630102200310240168
630102200301285620
630102200202113671
630102200708055210
630102200201252354
630102200106298805
630102199906129019
630102200309205859
630102200205117301
630102199712278876
630102199811104580
630102200301105482
630102199712280650
630102200612022131
630102199711115135
630102199802229488
630102200408097793
630102200210152427
630102200212100495
630102200009290035
630102200604292211
630102200204285223
63010220030509715X
630102200004206148
630102199807146219
63010220030730874X
630102200505124394
630102200005075426
630102200205168432
63010220020511627X
630102200407278322
630102199712204092
630102200402081934
630102200002200076
630102200702066963
630102200605039365
630102200012317411
630102200005022340
630102199711216374
630102200004281869
630102200302289383
630102200612038440
630102200701141343
630102200312154415
630102200301155949
630102200112187183
630102200503044059
630102200611272593
630102200403051040
630102200503265230
630102200204047313
630102200210181068
630102200303145525
630102200512318381
630102200001208287
630102200607279637
630102199904093315
630102200308121055
63010220010728945X
630102200508054598
630102200401147030
630102200612134918
630102200107109981
63010220020214585X
630102200408079966
630102200006133691
630102200304077296
63010220070225856X
63010220030213279X
630102200701185872
63010220001230256X
630102200504142654
630102200202124530
630102199910129935
630102200102136534
630102200010288266
630102200506057357
630102200603109307
630102200003014873
630102200602212513
630102200707130899
630102200708097381
630102199812150845
630102200406179840
630102200611208700
630102200003150816
630102200609142490
630102200406223071
630102200203182177
630102200408170137
630102200304159427
63010219990827480X
630102200405271936
630102200701285929
630102200611026034
630102200305309925
630102199903155190
630102199803068145
630102199809120805
630102200608014112
630102199805303380
630102199911261380
630102200104059464
630102200506235993
630102199905190977
630102200506050120
630102200202287241
630102200507264614
63010220030606849X
630102200511208287
630102200003148142
630102199904156574
630102200111018556
630102200509059884
630102200505258341
630102200409228767
630102200206212263
630102199809131571
630102200005028478
630102200306066822
630102199908208618
630102200703280371
630102200501081809
630102200012201259
630102200707159579
630102199908146285
630102200006068471
630102199804046183
630102200212109684
630102200001196570
630102200603290644
630102199807250366
630102200610040707
630102200607058236
630102200601185373
630102200404255889
630102200206192688
630102200602180507
630102200405113073
630102200106232451
630102199803193982
630102199807207237
630102199809238037
63010220000906867X
630102200407010860
630102200006219540
630102200003095802
630102200707172351
630102200704131693
630102200601245911
630102199910172124
630102200407266698
630102200704160419
630102199804010113
630102200306119445
630102199903056897
630102199905072962
630102199805182726
630102200505274675
630102199810308565
630102200102116971
630102200510136541
630102200510206618
630102199908213935
630102200004251336
630102200504283254
630102200103215728
630102200707179131
630102199906135662
630102200505134592
630102200106181455
630102199804157289
630102200605293558
630102200605276467
630102200007126397
630102200703169251
63010220020809386X
630102200401258603
630102200212263147
630102200112232618
630102199712216966
630102200002182920
630102200701161176
630102199711094872
630102199807092871
630102200701168423
630102200211240293
630102200404248398
630102200106220928
630102200608014403
630102200404187740
630102200606264177
630102199808272567
630102200003105185
630102200312178820
630102200512294877
630102200512319384
630102200402226582
630102200406279235
630102200002265064
630102200511112613
630102200202261885
630102200105010750
630102200105198300
630102199902257152
630102200707111268
630102199912297713
630102200011278457
630102200502068331
630102200311267506
630102199812083427
630102199903240950
630102199901032760
630102200607108352
630102200108094857
630102199906097192
63010220030819625X
63010220040109782X
630102200102277337
630102200504149995
630102200408171383
630102200410104585
630102199904207343
630102200305054483
630102200607024503
630102200006034757
630102200104028326
630102200204133481
630102199807117741
630102200402131313
630102199810237891
630102200404074789
630102200502026799
630102200301280504
630102200507198442
630102200107072146
63010220030321376X
630102200303209306
630102199805127508
630102200610139766
630102200003136926
630102200511180501
630102200103086970
63010219990623883X
630102200402165679
63010220050506079X
630102200301262525
630102200609080250
630102200303186191
630102199911122882
630102200707223796
630102200708200633
63010219971005908X
630102200501172364
630102200703104407
630102199811223993
630102200304099049
630102199908194762
63010220050214973X
630102200703289616
630102200706234354
630102200103093855
630102200006010747
630102199901318750
630102200411268346
630102200607143123
63010220070310321X
630102200511228800
630102200106038907
63010220020706184X
630102200512144174
630102200309305307
63010220070703272X
630102200305018052
630102200310125688
630102200412125427
630102200209130407
630102199905069958
630102200611103650
630102199908081872
630102199711085175
630102200707302507
630102200004014365
630102200705111862
630102200108120656
630102200303281690
630102199812116049
630102200505170294
630102200405307273
630102200306052973
630102199906204592
630102200702046022
630102200210268470
63010220000930197X
630102200401044242
630102200209205245
630102200204059154
630102200704198484
630102199812134079
630102200411075683
630102200205289779
630102200501308268
630102200009015148
63010220010227235X
630102200701150661
630102199812238628
630102200208295074
630102199903032262
630102200703135684
630102200104091261
630102200205108704
630102199712104921
630102200209059305
630102199912246350
630102200101253157
630102200603103298
630102199806010731
630102200701305598
630102199801132748
630102199805072180
630102200411061206
630102200103110942
630102200003224432
630102200306029132
630102200602204097
630102200009168988
630102200005265000
630102200504068220
630102199902189508
630102200405166415
630102200007073379
63010220050809598X
630102199906081377
630102200306247850
630102199905195751
630102200004304979
630102200612042335
630102200709125006
630102200307193284
630102200507314618
630102200205099668
63010220060314126X
63010219980202778X
630102200410166655
630102200404116053
630102200505245727
630102200306185805
630102200407317301
630102200202123255
630102200202275259
630102200304047134
630102199903146761
630102200208294012
630102200109092351
630102200606142524
630102200012263636
630102199801106005
630102200303110787
630102199901114272
630102200707186083
630102199907010685
630102200603195145
630102199908055973
630102200005291049
630102200210193333
630102200510169765
630102200007128253
630102199807026831
630102200102083954
63010220040302734X
630102200505174981
63010220000716887X
630102200506098570
630102200403160677
630102200208099129
630102200503209466
630102199911054031
630102200702042670
630102200212164798
630102200608278644
630102200512268994
630102200110106570
630102200310306171
630102199906028154
630102200402293603
630102200701119541
630102200508299851
630102199812044495
630102200303315686
630102199811297386
630102200401256675
630102199901152797
630102199903038605
630102200705023053
630102200405316065
630102199804275074
630102200403018769
630102200105055115
630102200305122001
630102200202169034
630102200609076024
630102200012289836
63010220040428601X
630102199710273019
630102200404279792
630102199809268412
630102200012098247
630102200405216494
630102199911303149
630102199803184568
630102199811261447
63010220061111507X
630102200202087901
63010219980207261X
630102199811197799
630102199909172928
630102200008150671
630102200307189429
63010220050428015X
630102200412130330
630102199905319099
630102199712137010
630102200503313239
630102199909300387
630102200610091344
630102200311309008
630102200512065652
630102200507130632
630102200610127853
630102200104114873
630102200209270709
630102200306234697
630102200202016978
630102200112118540
630102200110054360
630102200708307529
630102200501089923
630102199904104416
630102200104046807
63010219980225099X
630102200309123087
630102200308047094
630102200205089486
630102200107070474
630102200509148246
630102200602236566
630102200308115149
630102200007111144
630102200609234897
630102200212232041
630102200008118313
630102200609040590
630102200703274908
630102200608184672
63010220030129165X
630102200601022435
630102200501044733
63010220010805170X
630102200510146862
630102200303068355
630102199802263854
630102199909125662
630102200709205655
63010220030415866X
630102200410068836
630102200408263755
630102199905020724
630102200205152449
630102199808151300
630102200102179155
630102200504091690
630102200104058509
630102200206085030
630102200202157439
630102200601319933
630102200412023447
630102200306096431
630102199905183443
630102199901248633
63010219990716924X
630102200105103682
630102199908263764
630102200409071106
630102200607160433
630102200206164943
630102199909036213
630102200509173396
630102199710235725
630102199911128379
630102200302098106
630102200005275591
630102199807163318
630102200204055401
630102200405141605
630102200309309930
630102199910080035
630102200011053784
630102200606061003
630102200511193089
630102199912027553
630102200110126854
630102200303018956
63010220040622818X
630102200706146530
630102200707161513
63010219990924344X
630102200312065498
630102199712116826
630102199906242716
630102199908064781
630102200105100414
630102200312294354
630102200206124378
630102200602165104
630102200112138058
630102200412195513
630102200509209539
630102200301265419
630102199802164717
630102200205274446
630102199710167689
630102200008196979
630102199808216362
63010220020204977X
630102199802249788
630102200605153061
630102200406089474
63010220050113590X
63010219990702397X
630102200306025289
630102199812030990
630102200009085816
630102199804012493
630102200103184669
630102200709165956
630102200402294155
630102200611236111
630102199903215982
630102199905108080
630102199904115967
630102200010224748
63010219991102908X
63010220010909500X
630102200305264704
630102200107063792
630102199911050292
630102200210102761
63010220041219457X
63010219980927285X
63010219971015241X
630102200111019858
63010220040823206X
630102200702172707
630102200702126911
630102200105293949
630102199803083185
630102200305219137
63010219990808714X
630102200301024930
630102199801123825
630102200607209962
630102200701244940
630102200011130049
630102200308104888
630102200412261592
630102199910032113
630102199909178393
630102200007021915
630102200504268193
630102200505260441
630102200705124372
630102200207169666
630102200306205538
63010220050907139X
63010220030328500X
630102200501027239
630102200608151985
630102200404308581
630102200310111104
630102200208018018
630102199810294837
63010220010403681X
630102200503231532
630102200009113549
63010220030326310X
630102200603141817
630102200404196612
630102200412047772
63010220000622688X
630102200209289020
630102200010086226
630102200207141639
630102200502054511
630102200305198831
63010220011029118X
630102200004294934
630102200511280756
630102200103285566
630102199710133470
630102200303011025
63010220070402322X
630102200003014603
630102199906238514
630102200607180004
630102200505234606
630102200502085342
630102199806133061
630102200707010088
630102200106230827
630102200303038252
630102200209274435
630102200608110382
630102200010278789
63010220041129320X
630102200709201427
630102199905094141
630102200412097470
63010220011123390X
630102200504185005
630102200111167447
630102200403099335
630102200104224087
630102200703119940
630102199904066704
630102200002172220
630102200101137308
630102199901288395
630102200111042177
630102200204119858
63010220060426312X
63010220070322787X
630102200106103908
630102200210124530
630102200212024680
630102200311229438
630102199806140210
63010220051015634X
630102200007273784
630102200302042364
630102200504284281
630102200603171629
630102200506252478
630102199811196534
630102199912091838
630102200408248029
630102200001168393
630102200202180698
63010220070621672X
630102200401062125
630102199805276749
63010220000303548X
630102200406243478
630102199909301435
630102200304265377
63010220070827670X
630102200611178513
630102200110038870
630102200312171389
630102200410288767
630102200109300464
630102200601056272
630102200609195330
630102200612237490
630102200304225690
630102199907055031
630102200205121781
630102199811101507
630102200112293998
630102200208102455
630102200212135057
630102200607071107
630102200010279992
630102200108183032
630102200211144277
630102200609095436
630102199912301831
630102200705047741
630102200107196632
63010219990817901X
630102200106173631
630102199903102195
630102200609100901
630102200410023048
630102199710116750
630102200406116719
630102199901182080
630102200011127157
630102200012127802
63010220010721153X
630102200011293788
630102200709200694
630102200210226422
630102200610214762
630102200610216063
630102200704256250
630102200709206105
630102200407056949
630102200602119386
630102200504157370
630102200303247812
630102200106107212
63010220010809489X
630102200205224799
630102200009169243
630102200310216619
630102200601046568
630102200702244045
630102200210302093
630102200203316120
630102200102058564
630102199710176411
630102200002027250
630102199808017806
630102200606026574
63010220070830079X
630102200402069740
630102200602050729
63010220010716688X
630102200203231987
630102200706134599
630102200011186894
630102200012245518
630102200301026565
630102200005027141
630102200007066670
630102200409178587
630102200010237725
630102200612063232
630102200402259835
63010220060303996X
630102199803011501
630102200406297177
630102200303192970
630102200404102604
630102200610138501
630102200110040444
630102200703155781
630102200207317593
630102200103015697
630102199904278846
630102200404282545
63010219980203375X
630102200507143169
630102200504218268
630102200105199936
63010220000816896X
630102199807044503
630102200504042979
630102199809015781
63010220031123531X
630102200009290924
630102200004026251
630102200608264170
630102200106292200
63010220060329352X
630102200110253503
630102200403170293
630102200108264799
630102200006271891
630102200612206037
630102199910194438
630102200104037660
630102199712194883
630102200208251354
630102199902016148
630102200406113374
630102200211303477
63010220040507174X
630102200302135173
630102200604262266
630102200308049057
630102200304188084
630102200508260797
630102200109162196
630102200405184760
63010220040703941X
630102200502207653
630102200508179497
630102199907033422
630102199903310373
630102200512105482
630102200512143630
630102200702035964
630102200205057011
630102200301043867
630102200210159741
630102200609147259
63010220010221861X
630102200207016301
630102200209115995
630102200108101703
630102199901204905
630102199808054391
630102200310163940
630102200101124304
630102200008314031
630102200308310577
630102200006015695
630102200512115488
630102199808121806
630102199808140724
630102199804043337
630102200211109244
630102200003171852
630102200310071667
630102200212083066
630102199806025474
630102199710236314
630102200603085034
630102200311193834
630102200109273750
630102200005080647
630102200010124595
630102200107247321
630102200311300863
630102200412244864
630102200105201688
630102199809237528
630102199906059233
630102200601254148
630102199905302772
630102199909112626
630102200401293812
630102199802215596
630102200709151685
630102200609080170
630102199711184237
630102199802189551
630102199711299587
630102200105143692
630102200206186480
630102200308024351
630102200601247810
630102199901056156
630102200203280156
630102199805170135
630102199909101249
630102200205145556
630102200009240038
630102200609062933
630102200603149253
630102200311105590
630102200110318637
630102200604109640
63010220001204998X
63010220000402714X
630102200407224834
630102200109022046
630102200407178217
630102199904235467
63010220010103902X
630102200604285492
630102200007117466
630102200708093815
630102200202285879
630102199711229431
630102200101304831
630102199907160413
63010219990512366X
630102199807170235
630102200508301245
630102200511047858
630102199811024214
630102200111195544
630102200205194059
630102200003046162
630102199812156649
630102200610252232
630102200007225926
630102200006067428
630102200702191633
630102200506233269
630102199807164089
630102199910266016
630102200202195857
630102200505037063
630102200707054259
630102200511060470
630102199910195924
630102200108291893
630102200310286270
630102200601031649
630102199811256269
630102200403020607
630102200509039787
630102199809185983
63010220070502040X
630102200610031149
630102199912227934
630102200206090526
630102200205164108
630102200703135836
630102200505208475
630102200708132255
630102200009142753
630102199912225728
630102200307245355
630102200409099002
630102200003280557
630102200103250064
630102199910213723
630102199810313102
630102200708174797
630102200406296780
630102199711149917
630102200206068652
630102200302148011
630102200108011265
630102200003170235
630102200706164771
630102200207146579
630102200601285083
630102200006143814
630102200005162212
630102200707213563
630102199909234391
63010219990328630X
630102200202024054
630102200303113734
630102200605116287
630102199805308798
630102200611109737
63010220001101622X
630102200002183325
63010220050722302X
630102200511217538
630102199910092415
630102199904147926
630102200204238398
630102199906159744
630102199801313645
63010220010128990X
630102200405163871
630102200012141954
630102200504257523
630102200004041021
630102200303265295
630102199905061374
63010219971002619X
630102200506068312
630102200401290494
630102200505209216
630102200408107453
63010220051104450X
630102200307084344
630102200104119746
630102200703062032
630102200107072824
630102200001168908
630102200012241568
630102199711101542
630102200604097598
630102200504243439
630102200012150930
630102200212255235
630102199904034382
630102199807166682
630102199808296913
630102199910129863
630102200306177338
630102200011126293
630102199806286615
630102199910204237
630102200509092385
630102200103196555
630102200603111351
630102199801156563
630102200103187894
630102200109234970
630102200705142538
630102199812248746
630102200503270574
630102200103259755
630102200002048959
630102200011198019
630102200702224888
630102200107080568
630102200510019177
630102200212124956
630102200509018126
630102200312237405
630102200209127101
630102199907043292
630102200609162643
630102200106166044
63010220001014617X
630102200008019673
630102200310028589
63010220060906287X
630102200601079861
630102200402286649
630102200304144540
630102200609259381
630102200406153122
630102200603097975
630102200212144244
630102200707181346
630102200208133884
630102200309214173
630102200606130160
630102200610016125
630102200102101518
630102200502183268
63010220030724423X
630102200302197964
630102199809013508
630102200703046016
630102200412074287
630102200004113400
630102200507312866
630102200203290442
630102200403245718
630102199905236082
630102199805316886
630102200408018442
630102200503215495
630102200308280240
630102199711259905
630102200412166691
630102200111149492
630102199809029585
630102200501238255
630102200705265407
630102200602185287
630102200203070570
630102200701173548
630102200012082413
630102200204148560
63010220040825164X
630102200512126582
630102199810015949
630102200103031558
630102200602236873
63010220060801688X
630102200206155422
63010219971009677X
630102200610121507
630102200301246269
630102200607235044
630102200706207217
630102200404102612
630102199908209151
630102199909011868
630102200704272322
63010220000926980X
630102200305063785
630102199806185830
630102200409116669
63010220070926740X
630102199906212795
630102199710080081
630102199906040276
630102200612190573
630102200406235793
63010219971025626X
630102200105046948
630102200408201204
630102200701212228
630102200305043100
630102200204150636
630102199801134364
630102199912041718
630102200308123544
630102200202176330
63010220041002266X
630102200003069831
630102199901276394
630102199911274413
630102200206269614
630102200309068946
630102200202084276
630102200508167672
63010220011114080X
630102200412302278
630102200002044122
630102200308159029
63010220010222733X
630102199809162052
630102199901240295
630102200503238478
630102200606124481
630102199804186338
630102200501283785
630102200507019483
630102200211173000
630102200609157449
630102200107293504
630102200311103683
630102200310191749
630102200007151285
630102200311113830
630102199803182431
630102200003303157
630102200410182612
630102200707202354
630102199804127952
630102200105099871
63010220070910079X
630102200207276955
630102199710077552
630102200102111636
630102200211094986
630102200009075327
630102200107262118
630102199808150324
630102200702033707
63010220011022987X
630102200304256948
630102200601286609
630102200709168129
630102199904050112
630102200110187980
630102200408277102
630102200004028695
630102200112102258
630102199712295879
630102200212192078
630102200305161959
630102200401222109
630102200205153249
630102200611126086
63010220040521478X
630102199901204868
630102199812200101
630102199809165018
630102200306204041
63010220000417895X
630102200309010197
630102200603168841
630102200103151963
630102200304238846
630102200707301539
630102200208304444
630102199906287367
630102200605017166
630102200707275940
630102200601187918
630102200706071620
630102200505018583
630102200511021797
630102199906271787
630102200702014231
630102200705177888
630102200012086043
630102200504144772
63010219971220931X
630102199910299766
630102200205284089
630102200702038014
630102200208240524
630102200611103925
630102200102264640
630102200006297442
630102199805139074
630102200407156835
630102199910079499
630102200109111655
630102199910094824
630102200702151332
630102199904274642
630102200210136654
630102200208197634
630102200502093596
630102200209294356
630102200508022625
630102200210154473
63010220050506087X
630102200709209568
630102199804285141
630102200103027778
630102199909242180
630102200403074664
630102200205177881
630102199710107694
63010219990821353X
630102200102278292
63010220000725425X
630102199803200388
630102199910236191
630102200512259510
630102200509086401
630102200310223480
630102200008149267
630102200207191644
630102200708226016
630102200411175510
630102200610158967
630102200408176272
63010219981227993X
630102200402179149
630102200306143007
630102200602128311
630102200609283082
630102199712150848
630102200410220404
630102199809202093
630102200412196348
630102200205215657
630102200704228997
630102200406169482
630102200507194249
630102200704256904
63010220010801209X
630102200608134181
63010220030912539X
630102200601055050
630102200402133802
63010220040823513X
630102199912160071
63010220021210834X
63010220001218353X
630102199911183220
630102200707260482
630102200212083461
630102199908230292
630102200006210589
630102200705107513
630102200706251568
630102200705225157
63010219990927465X
630102199710213796
630102200406190214
630102200312103933
630102200608081972
630102200208108718
630102200512089056
630102200304023140
630102200604156375
630102200610178298
630102200705048197
630102199711152147
630102200010245725
63010220020104335X
630102200702143594
630102200410143349
630102200704105743
630102200607046235
630102200407291711
630102199902115242
630102199812195525
630102200402221343
630102200510078660
630102199810257868
630102200303142359
630102200311196242
630102200506245403
630102200705295083
630102200208268236
630102200510259461
630102200105024204
630102200609081229
630102200304165958
630102200604260017
630102200002035867
630102200009207975
630102200701117802
630102200412064695
630102200708311667
630102200103049344
63010220010605267X
63010220060123987X
630102200412232329
63010220040218129X
630102200308063166
630102199810112765
630102200309092022
630102200301057978
63010220060413589X
630102199907303779
630102200001036710
630102200001180544
630102200312311863
630102200612232657
630102200702116713
630102200505180994
630102200311015640
630102200208048057
630102200708159490
630102200612123637
630102199812143602
63010220000309595X
630102200411063316
630102200110271859
630102200506245796
630102200607204168
630102200707225935
630102200306155251
630102200208286581
630102199901195316
630102200307041301
630102200410245222
630102199907010001
630102200009013345
630102200006073369
630102200105251917
630102200012171475
630102200708221549
630102199907173564
63010220050505359X
630102200211144314
630102199805202125
630102200404301881
630102199906213579
630102200105104116
630102200204048842
630102199806056158
630102200401095496
63010220031119428X
630102200109044886
630102200212252798
630102200312078643
630102200307045150
630102200303280751
630102200002205168
630102200605151082
630102200501114105
630102200707155295
630102200506044249
63010220010404131X
630102200105125347
630102200507179962
630102199911207712
630102200509267827
630102200001309854
630102199908120966
63010220030321296X
63010220000215011X
630102200607200597
630102200510319743
630102199711307364
630102199908021925
630102200309270327
630102200102270688
630102200006197417
630102200310109098
630102200510041163
630102200402162128
630102200202079012
630102200303136100
63010219980803063X
630102199912205030
630102200405169253
63010220000221489X
630102199909108977
630102200208213358
630102200612134985
63010219980525147X
630102200004244304
630102200708216897
630102200101123061
63010220000223118X
630102199908292629
630102200105180557
630102200109151294
630102200610046877
630102199907301896
630102200304095814
630102200311238051
630102200311307037
630102200601245452
630102200608125509
630102199912234413
630102200204226864
63010220051222211X
630102199807276689
630102200206239597
630102199904156275
630102199905299825
630102199812166302
630102200401058281
630102200308047430
63010219990502264X
630102200704167899
630102200310278107
63010219980710852X
63010220040703167X
630102200612308228
630102200706186137
630102200001199819
630102200005257115
630102199901300008
630102200705133594
630102199903247693
630102200109026389
630102199808251002
630102200003091879
630102200408120842
630102199907099798
630102200212173416
630102200507094651
630102200307213791
630102199907055154
63010220070723863X
630102200308169999
630102199902068271
630102200408175106
630102200105234893
63010220000425326X
630102200301252458
630102200305214328
63010220010406428X
630102199711089707
630102200401230379
63010220070810588X
630102200407253352
630102200210064638
630102200507304671
630102200208239566
630102199712255420
630102200302100755
630102200107244622
630102200605154144
630102199804108559
630102200212230871
63010219991015724X
630102200605174989
630102200411080159
630102200302148564
630102200305139989
630102200212192289
630102200104149259
630102200010060560
630102200701269902
630102200105255010
630102199805014482
630102199905112784
630102200510102464
630102200106201145
630102200111172502
630102200510274354
630102199808117161
63010220070114697X
630102199806248491
630102200205193726
630102200601035527
630102199805260958
630102200102111505
630102199712073344
630102200507166694
630102199811271848
630102200202111246
630102200304212312
630102200001187631
630102199802017610
630102200207197085
630102200404232302
630102200312305092
630102200209086653
630102200012090907
630102200005090108
630102200010171658
630102200312203635
630102200011153128
630102200508168405
630102200102168819
630102200506271038
630102200705293846
630102200704290096
630102200404082420
63010220000609870X
630102200110068252
630102200610030103
630102200412120685
630102199910227674
630102200704035247
630102200508163495
630102200011233814
630102200304038588
630102200412312214
630102200212193484
630102200011037047
630102200311209904
630102199911184354
630102200010176539
630102200304082976
630102200101131416
630102200611109104
630102200106136830
630102199902219164
630102199910304238
63010220010714068X
630102199804080891
630102200609100952
630102199812062239
630102199912058384
630102199710254969
630102200003151675
630102200606038882
630102199808161998
63010220010719272X
630102200012055212
630102200510272500
630102200109229119
630102200005165819
630102200207045081
63010220000521238X
630102200410228828
630102200611187866
63010219971209900X
630102200112129098
630102200303272487
630102199806262314
630102200309076866
630102200212233212
630102200004145170
630102200105232652
630102200501253375
630102199711107426
630102200706242100
630102200110257205
630102200004130235
630102200106101769
630102200407274372
630102200606094913
630102200010220296
630102199905141024
630102199805262726
630102200110197740
630102200311242616
630102200110092850
630102200611110439
630102200703034082
630102200110139284
630102200409308994
630102199712270866
630102200403161194
630102200707066153
630102200303277499
630102200004247505
630102200702078737
630102199811281747
630102200102046889
630102200310140853
630102200511236253
630102200510228665
630102200304112717
630102200105188794
630102200106293879
630102200707053168
630102200103318217
630102200101298187
630102199806238453
630102200609288836
630102199805278760
630102200610015245
630102199809198792
630102200105071852
630102199801196805
630102200601201900
630102200506183644
630102200705127688
63010220051213235X
630102200107236796
630102199801020762
630102200410300332
630102200312125593
630102200510234045
63010220020402957X
630102200003256223
630102200605249637
630102200301068781
630102200005314423
63010220011020199X
63010219990603401X
630102200208261800
630102200205186147
630102199902011582
630102199809149907
630102200107208226
630102200512296899
630102200606017301
630102200702289171
630102200212194356
630102200502142167
630102200308018672
630102200605093521
630102199904082712
630102200506306739
63010220031230599X
630102199911249867
630102200408302144
630102200406181780
630102200412168902
630102200609090491
630102200508096341
630102200007203516
630102199804259998
630102200404032204
630102200403142022
630102200009046040
630102200210319995
630102200003103016
630102199802259580
630102200004165307
630102199801318809
630102200609029711
630102200510028209
630102200102046248
63010220070801411X
630102200308119801
630102200708223536
630102200005151230
63010220000730195X
630102200401278735
630102200309166474
63010219980828754X
630102200506260080
630102200407259260
630102200308011112
630102200512091359
630102200608244786
630102200410314494
63010219990819720X
630102200410051583
630102200510123222
630102200312311492
63010220070801622X
630102199903135085
630102200505266085
630102200107036356
630102200404098748
630102200611034894
630102199911179846
630102200611190723
630102200006134993
630102200112210080
630102200202058107
630102200501015369
630102199903250614
630102200409097955
630102200511080244
630102200111124738
630102199909200407
630102199805161247
630102200403270737
630102200206110259
63010220011113352X
630102200706107160
630102200607188022
63010219990309966X
63010220011028078X
630102200304117761
630102200211194944
630102200309179013
630102199909165859
630102200607125486
630102200609026027
630102200503024701
63010219991129465X
630102200011046226
630102200412186289
630102200607104087
630102200003254631
630102200609105825
630102199904146456
630102199810011403
630102200607054673
63010220020714643X
630102200210171388
630102200407316544
630102200304189538
630102200503170936
630102200303214578
630102200010230494
630102200704173762
630102200212020540
630102200011271810
630102200305310272
630102200604078610
630102200702080327
630102199901184756
630102200007127533
630102200111243737
630102200701083542
630102200612169707
630102199808257260
630102200511184297
630102199908097479
630102200302039472
630102200105094253
630102200212223057
630102199805112381
63010220010101317X
630102200503045166
630102199911205127
630102200303319097
630102199806117256
630102200607101783
63010220011016819X
630102199812024611
630102200106214739
630102199908308360
630102200611308322
630102200705055610
630102199810041821
630102200302242040
630102200106302958
630102199810293033
630102200702278288
630102200111045597
630102199903093831
630102200209235524
630102200112267589
630102200509246145
630102199802044395
630102200603080786
630102200306265733
630102200208053585
630102200010118339
630102200505242577
630102200001170231
630102200608098723
630102199905237704
63010220070613269X
630102199809089174
630102200707024041
630102200412278706
630102200707029942
63010220000308314X
630102199907111013
63010220020109603X
630102200205028050
630102200007016462
630102200709100482
630102200103305969
630102200707099537
630102200705189520
630102200609085473
630102200312235792
630102200011125418
630102200605171550
630102200303157454
630102200512291967
63010220030926260X
630102200705246249
630102200008046364
630102199811164487
630102200010057230
630102200201166528
630102199802013273
630102200201287397
630102200609258661
630102200608207248
63010220060214715X
63010220020119000X
630102200106049534
630102200307195458
630102200103143867
630102200709055116
630102199711147049
630102200111081272
630102200703305874
630102200407251728
630102200402076887
630102200505028167
630102200502049720
630102200508180367
630102200305122175
630102199911271220
630102200607239387
630102199906276975
630102199811261543
630102200608278804
630102200206166914
630102200507115432
630102200402206952
630102200106059548
630102200708097365
630102200212088465
630102199906045632
63010220070403456X
630102199910239501
63010220000621685X
630102200007016833
630102200402031339
630102199806227594
630102200301079632
630102200011295687
630102200503150521
630102200211187939
630102200610205137
630102200505139545
630102200312140750
630102200001183825
630102200702017336
630102200506137787
630102200708147457
630102200406187031
630102200705307216
630102200503080842
630102200205299264
63010219990909451X
630102200209231953
630102200606015314
630102199912022672
630102200108250549
630102200304257430
630102200007069783
630102200706245512
630102200210120214
630102200604223873
630102200608263098
63010220041113329X
630102200609065616
630102200707291940
630102199903299709
630102200311262270
630102200502038415
630102200403215295
630102200602287865
630102200707205053
630102200305041869
630102200603275495
630102200110090708
630102199809039222
630102199711033199
630102200010167835
63010220051017584X
63010220050803508X
630102199910072289
630102200605012349
630102200510091400
630102200404127430
630102200610303191
630102199904103894
630102200312301980
63010220050404961X
630102200408052843
630102200410117773
630102200708257023
630102199803164778
630102200001071006
630102200301244888
630102200104139237
630102200308111359
630102200410157089
63010220030309983X
630102200503311209
630102200104277592
630102200102197476
630102199810135908
630102199804250010
630102200405070317
630102200006230205
630102199804147136
630102200403188178
630102200606130881
630102200310199038
630102200701140826
630102200511201448
63010219991220373X
63010220050605544X
630102200702058584
630102200409252804
630102199907180502
630102200106039248
630102200009010398
630102200502237916
630102200409164329
630102200509203698
630102199907142792
630102200411290236
630102200102157490
630102200202015449
630102199807254666
630102200408105597
630102200708084513
630102199909087950
630102200211169685
630102199803040783
630102199911052482
630102200409103649
630102200007094532
63010220060501095X
630102200108283164
630102200109055374
630102200003012026
630102200706106328
630102199809279314
630102200510185984
630102200505090294
630102200412101038
630102200306178154
63010220060624335X
630102200207030664
630102200501041882
630102200407093432
63010220021205306X
630102200512188716
63010220030413596X
630102199808231853
630102200411070110
630102200302216758
630102200210296156
630102200510092585
630102199907091630
630102200302024860
630102200107197926
630102200505040625
630102200202068348
630102200007194197
630102200508290507
630102199909087109
630102199710107045
630102200101046561
630102199912166211
630102199903200852
630102200408308802
630102200102066740
630102200512094744
63010220020304775X
630102200205196900
630102200005156736
630102200407301879
630102200003229209
630102200308088208
630102200106062827
630102200206151958
630102200708289703
630102200109190859
630102199910027330
630102200304160479
630102200202138801
630102200504221512
630102200101152102
630102199812170424
630102200306180430
630102200610018294
630102200501125269
630102199909154623
630102200610239839
630102200404246077
630102200007280116
630102200011045725
630102200002299651
630102200007283798
630102199811188534
630102199807275686
630102200402022301
630102199808193412
630102200609155224
630102199807299346
630102200601254463
630102200203091080
630102200005234917
630102200212064316
630102200112239617
63010220011220473X
63010220050412195X
630102199910234225
630102200001115750
630102200104196004
630102200402288855
630102200705014819
630102200410128480
630102200412189930
630102200402063082
630102199811089819
630102200501052266
630102199906080382
630102200002291369
630102200301307252
630102200001079825
630102199804275517
630102200701082697
630102200503075808
630102200009080396
630102200401010798
630102200309208259
63010220050908975X
630102200505126496
630102199910085880
630102200209105455
630102200603167785
630102199911085903
630102200405217657
630102200601257891
630102200502058969
630102200310055632
630102200301032965
630102200302013088
630102199812139267
630102200704092022
630102200001283367
630102200106293924
630102199909096013
630102200705317182
630102199812061359
630102200103043188
630102200005189204
630102200003167765
630102200008139181
630102200707176029
63010219990921581X
630102200401298533
630102200403214313
630102200209241625
630102200210066422
630102200405221322
630102200501225884
630102200303178781
630102200301219754
630102199910245215
630102200010312617
630102200706015776
630102199905062019
630102200204129992
630102200012279128
630102200402085767
630102200403203681
630102200005222350
630102200004287873
630102200601220212
630102200009105119
630102199912032889
630102200109019357
630102200201189527
630102199712168933
630102199912144768
630102199808072194
630102200106069084
63010220000210640X
63010220021017073X
630102200406276878
630102200405264269
630102200607213857
63010220070821826X
630102200604157036
63010219990703410X
630102199805270566
63010220000130421X
630102200102250724
630102199710236488
630102200009275724
630102200203316446
63010220031017165X
63010220060312032X
63010220031127823X
630102200002083738
630102199802199514
630102200509241678
630102200504138524
630102199902280635
630102199801019075
630102200707268417
630102200204015725
630102200202231520
630102199905138570
630102200107098653
630102199912129146
630102200110013673
630102200211111838
630102200506189384
630102200008156205
63010220030722065X
630102199908144837
630102200604087381
630102200006090097
63010220011102063X
630102200608187048
630102200204236368
630102200404304273
630102200504303884
630102200011043578
63010220070127711X
630102200509029036
630102200002194868
630102200610050876
630102200512112949
630102200203063055
630102200107206642
630102200008230081
630102199812283496
630102199908013984
630102200604070790
630102200209114239
630102199907038311
63010219990829515X
630102200110242564
630102200109014249
630102199810242500
630102200401143750
630102200005156840
63010220000524332X
630102200703241516
630102200709141612
63010220061118303X
630102200702125708
630102200104209274
630102200404224070
630102199808112256
630102200408018792
63010220020628745X
630102200410045191
630102200210203263
630102200606289665
630102200704269609
630102200308087918
630102200408206259
630102200608019183
630102200203221068
630102200512248512
630102200302169285
630102200011193322
630102200705134028
630102199802107851
630102200212111573
630102199712165839
630102200212187367
630102199901157176
630102200110105471
630102200706078240
630102200402133909
630102200111149409
630102199810165162
630102200511248705
630102200705021971
630102200410201289
630102200404175272
630102200205147586
630102200706282356
630102200607129292
63010220070422315X
630102199802019624
630102199808117583
630102200704105380
630102199901166638
630102200702044887
630102199802164725
630102200707133029
630102200110268692
630102200401234409
630102200004302439
630102200401018984
63010220040813198X
630102200406043660
630102200603153391
630102200108103872
630102200009264064
63010219991223363X
630102200702194762
630102200312232612
63010220040608987X
630102200403029898
630102200309068209
630102200703141291
630102200302136651
630102200511069301
63010220061225870X
630102200106196710
630102199801102506
630102200003117901
630102200606173881
630102200008032966
630102200106053656
630102199909138439
630102200611294282
630102200202122965
63010220020928908X
630102200205173733
630102199812245086
630102200401268190
630102200109115525
630102200512064094
630102200307125580
630102200110183146
630102199808140054
630102199812228083
63010220061026871X
630102199804056824
630102199808194917
630102199712274859
63010220061203487X
63010220010926941X
630102200702135041
630102200406089140
630102200006170222
630102199802231465
630102200408214064
630102200010108552
630102199904238000
630102200007105983
630102200307036430
63010220010110336X
63010220020513948X
63010219980812699X
630102200210096875
630102199908309996
630102200204180165
630102200305085634
63010219980720153X
630102199910214320
630102200302010370
630102200701157919
630102199802268938
630102200112089751
630102200508288327
630102200612065430
630102199901249599
630102199802160951
630102200705277950
630102200008122427
63010219990209439X
630102200305143507
630102200510193968
630102200609121841
630102199910188783
630102200703166536
630102200307106099
630102200102078362
630102199909082148
630102200706135866
630102200211170926
630102199902156773
63010220030921582X
630102200109094963
630102200402092748
63010219980821309X
630102200307239510
630102200210099873
630102200004212249
630102200107198785
630102199910056991
630102200103302987
630102200101313818
630102200203311274
630102200012058296
630102200206296399
630102199811292809
630102200604080374
630102199710115141
630102200403265030
630102200405115298
630102199712117247
630102200603020564
630102200301182621
630102200508099833
630102200603158424
630102200308279995
630102200001066127
630102200509297671
630102200507080436
630102200004129170
630102200312030404
630102200411122769
63010220021029269X
630102200509015726
630102200403204596
630102199904084662
630102200607269391
630102199805314055
630102200608039459
630102200402160659
63010220030316024X
630102200006173925
630102200608113831
63010219991009391X
630102200110309036
630102200602046789
63010219980208950X
630102200211290725
630102200409284654
630102199812307259
630102199910107787
630102200404068426
630102200702289681
630102200403205513
630102200411012113
630102200612203207
630102200705087647
630102200402132949
630102200704138908
630102199808256321
630102200704074473
630102200110195622
630102200502035185
630102200410102176
630102200502110923
630102200706045254
630102200207251328
630102200408118611
630102200204049706
630102200312192243
630102199812164550
630102200112274236
630102200206289447
630102199910201407
630102200701200198
630102200005107934
630102200011182711
630102199909052651
630102199805053078
630102199909195484
630102200208201592
630102199811264955
630102200509130441
630102200104064538
630102200112228977
630102200408219471
630102200602094924
63010220031004719X
630102200005120362
630102200701020656
630102199710064487
630102199902121693
630102199805040373
630102199809052072
630102200512041984
630102200009278722
630102200102252332
630102199910071649
630102200210304363
630102200007167009
630102200112163923
630102200708012560
630102200111090531
630102200602202585
630102200107121921
63010220010107700X
630102199801291298
630102200309094116
630102200407092018
630102200301288557
630102200103274031
63010220020929062X
630102200706178540
630102199906078928
630102200611147995
630102200101217084
630102199710266505
63010220020908165X
630102200604170855
630102200401014676
63010220020914215X
630102200103241926
630102199803240902
630102200001158582
630102199808192751
630102200201101847
630102199801157048
630102200604287666
630102199801159211
630102199912229438
630102200107166150
630102200507046369
630102199711117755
630102200509260457
630102199811221410
630102199802103412
630102200412137196
63010220020708876X
630102200411171755
630102200703047289
630102200707069290
630102200004306544
630102199808243571
630102200109265048
630102200402117642
630102200511230038
630102199712260975
630102200204029529
630102199807285403
630102200303098554
630102200511014247
630102200107318062
630102200209236578
630102200609181078
630102200611114448
630102200009288154
630102200109286375
630102200407027865
630102199908266893
630102200705305018
630102200302036183
630102200511184342
630102200212259690
630102199906041180
630102200303060898
63010220050219264X
630102200011302488
630102199809055310
630102200106242561
630102200204065052
630102199710010681
630102199910154954
63010220060725355X
630102200408260626
630102200402039672
630102199905111458
630102200408230566
63010220070113125X
630102200404100019
630102200403159836
63010219990111968X
63010220040410604X
63010220020930370X
630102200504038662
630102200706254013
630102199807252441
630102200605237214
630102200212047188
630102200012105515
630102200509094807
630102200401219604
630102200703065401
630102200505293657
63010220030719691X
630102200701130353
630102200307108270
630102200603012492
630102199811067265
630102200105046788
630102200310159060
630102200703208433
630102200310042508
630102200109256483
630102200105040781
630102200012207546
630102200102102967
630102200007047058
630102200201185673
630102200211064779
630102200208050704
630102200207155301
630102200103015953
63010220030903237X
630102200506288315
630102200409217216
630102199904171096
630102200012195872
630102200007270217
630102200706148632
630102199811152670
630102200101125542
630102200406083136
630102200403061505
630102200705109359
630102200006282259
630102200103121203
630102200410250363
630102200209218820
63010220010517144X
630102200403111111
630102200506011228
630102200402162232
630102200407060972
630102200004293018
630102200110026837
630102200206188283
630102199903268902
630102200003079829
630102200406154926
630102200604270020
630102200305124613
630102199901097134
630102200507225850
630102200401226054
630102200608258299
630102200510131046
63010219991119099X
630102200505104414
630102200505146841
630102200503134660
630102200608017284
630102200012060599
630102200305181853
63010220010119584X
630102200401212023
630102200409224643
63010219980323481X
630102200106203503
630102199906254856
630102200310288401
630102199811116063
630102200507268287
63010219980526262X
630102200210156102
630102200606274498
63010220021111529X
630102199911152395
630102199912019545
630102200511164907
630102199909093744
630102200512176504
630102200703300010
630102200212160180
630102200007121342
630102200106290117
630102200505302912
630102200308053435
630102200609031301
630102200704116602
630102200001144455
630102199804084972
630102199812312664
630102200610114569
630102199812224672
63010220040909042X
630102200603102201
630102200708290659
630102200409066972
63010220010409696X
63010220010118389X
630102200005250634
630102200007123655
630102200602171790
630102200408174138
630102200603013479
630102200610258845
630102200008216642
630102200210046923
630102200007154996
630102200310085049
630102200003147537
630102200705250870
630102200707040121
630102200210248517
630102200608208494
630102199911032529
630102200406207645
630102199805122782
630102200507311580
630102200111279748
630102200003201601
630102200411084635
630102200407070521
630102200102020478
630102200202280242
630102200201305954
630102200205012737
630102199804108241
630102200201267556
630102200001211937
63010219980302226X
630102199811283443
630102199710090570
630102200602120483
630102200501248234
630102200709134084
630102199805226899
630102200408170292
630102199807169795
630102199907017836
630102200305144542
630102200706094347
630102200608087872
630102199804132620
630102199808072231
630102200010132069
630102199902142435
630102200005018229
63010220051114480X
63010220050913651X
63010220061220033X
630102200202053920
630102199802100924
630102199712046872
630102200706177732
630102200602133348
63010219990814153X
630102200709028871
630102199811109461
630102200311048290
630102200311287830
630102200306144886
630102200504239624
630102200702242525
630102200109240027
630102200704128910
630102200009308944
630102199905272083
630102200411290930
630102200602049402
630102200309135029
630102200303115043
630102200707265005
630102200601154008
630102200403057186
630102199904246019
630102199905202552
630102200312057199
630102200505099950
630102200705214220
630102200204114088
630102200207103018
630102200412172960
630102200412025098
630102199904259186
63010220051206887X
630102200211020186
630102200107221164
630102200212280094
630102200007097610
630102199810050664
630102200108158101
63010220030426442X
630102200403084707
630102200104037732
630102199802021716
630102199910288047
630102200003260695
630102199901038652
630102200401056788
630102200005070676
630102200004100722
63010220011116174X
630102200012166924
63010220040619889X
630102200207306552
630102199908094243
63010219990722400X
630102200511212470
63010220061206119X
630102200106258248
630102199812077334
630102200405109496
630102199806255210
630102200610086350
630102200210104679
630102199910094699
630102200004135271
630102200405138123
630102200006043207
630102200511092106
630102200707277006
630102200310112932
630102200603127468
630102200112132414
63010220030821215X
630102200204226944
630102200706039313
630102200605065416
630102199710277669
630102200305228359
630102200005027264
630102199808313277
630102200408218356
630102200007017094
630102200507231177
630102200302140466
630102200101052750
63010220010704142X
630102200306158428
630102199812010025
630102199908312773
630102200209249432
630102200512301256
630102200407139517
630102200611231759
630102200302110232
630102199811059134
630102200502269782
630102200403152220
630102200002140421
630102200605086436
630102200403308299
630102199711139006
630102200501209905
63010219980529906X
630102200111265426
630102200003241267
630102199910077100
630102199809230422
630102199807071771
630102200205080377
630102199909233508
630102200605050687
630102199803115570
630102199904267362
630102200202241585
630102200708047923
630102200202103107
630102200111147163
630102200007212826
630102200104132676
630102200612220947
630102200601053610
630102200011220917
630102200506198299
630102200608291478
630102200309099603
630102200112290316
630102200207310279
630102200407176924
63010219980811477X
630102199902200092
630102200203249570
630102200505017054
630102200307039113
630102200312292498
630102200309143985
630102200211133471
630102199905129412
630102200207125997
630102200309143475
630102199806293989
630102200309238108
63010220040411797X
630102200702065477
630102200502089319
630102200603167216
630102199808173067
630102199808229374
630102200012285149
630102200203141199
630102200406048373
630102199912015552
630102200503315584
630102200004094043
630102200110058812
630102200011050970
630102200601292195
630102199806253557
630102200604022174
63010220030818614X
630102200102262290
630102200006083129
630102200007110424
630102200708152352
630102200003137734
630102200407055102
630102199712060906
630102200105121135
630102200206033580
630102199912154800
630102199806037299
63010219990619585X
630102200111145096
630102200112233848
630102200104087991
63010220030922999X
630102199810194609
630102199710078336
630102199812262951
630102200106250262
630102199903280717
630102199812065122
630102200306285195
630102200511239198
630102199806136748
630102200108102036
630102200103317951
630102200612304059
630102200507011924
63010220031208527X
63010220060201105X
630102200004215597
630102199907108711
630102200706221203
630102200412184638
630102199910240385
630102200402159500
63010219980317057X
630102199904209891
630102200207247425
630102200601061063
630102200509274672
630102200307140713
630102200609018561
630102200602093681
630102200112218453
630102200404223422
630102199712116797
630102199901315226
630102200611010884
630102200105276911
630102200612271437
630102200011067836
63010220030512914X
630102200701184263
630102200309248023
630102200510116276
630102199905264497
630102200510294531
63010220040105271X
63010219980827663X
63010219990312268X
630102200111247113
630102200204056666
630102200106085703
630102200612073983
630102200004028599
63010220020924659X
630102200305032217
630102200706206812
630102199812151055
630102200608315185
630102199711161262
630102199812012995
630102200607160441
630102199711292932
630102200009186991
630102200503064105
630102200405097683
630102200206229348
630102199805178532
630102199901041122
630102200012199435
630102200405156495
630102200604268895
630102199711225561
630102200106107343
630102200312012599
630102199804044022
630102200301302419
630102199809197298
630102200209094522
630102200105104845
630102200502203695
630102200011073064
630102200606296072
630102200311103229
630102200703122701
630102200404012772
630102199711028517
630102200707167253
630102200207248540
630102200311277528
630102200407184190
630102200512044093
630102200505290632
630102200604115928
630102200308136046
630102200312045745
63010219980929141X
630102200305246119
630102200305258064
630102199904090085
630102200205261282
630102200704090895
63010220040213766X
630102200612213333
630102200412170973
630102200709279793
630102200003071587
630102200611300603
630102200702161047
630102200001256078
630102200606137100
630102200601216635
630102200406104451
630102200307281241
630102200205184280
630102200107307224
63010220050817563X
630102200010062400
630102200112073266
630102199909132029
630102200007214231
630102199912043887
630102200211140989
630102200303255740
630102200601139879
630102200705252702
630102200101277300
630102200107258207
630102200501090123
630102200004026235
630102200104308942
630102199802284129
630102200306270874
630102200004014074
630102199810186211
630102200610201283
630102200504292281
63010219991202810X
630102199907230813
630102200703243829
630102200709048784
630102200111151410
630102200106270757
630102200208084330
630102200009309429
63010219990913194X
630102200408317717
630102200204274823
630102199803265229
630102200308246579
630102199902051453
630102200406112734
630102200701192685
63010220020625640X
630102200412067802
630102200705251689
63010220000109534X
630102200308130277
630102199810020545
630102199910182808
630102200612133739
630102199912309200
630102200012164718
630102200310198262
630102199902199511
630102200301208684
630102200610200432
630102200511066485
630102200006201770
630102199902118232
630102200112196418
630102200508249491
63010220051203694X
630102200607199792
630102200110184915
630102200112118735
63010220070221580X
630102200009132408
630102200701214506
630102200206196734
630102200606121504
630102199912014277
63010220000628262X
630102200111013608
630102199901220913
630102200405235871
630102200112213230
630102200609026748
630102200702032093
630102200707013254
630102200009193665
630102200608117103
630102200603218829
630102200012271687
630102200409105919
630102199812224357
63010220030804060X
630102200212081271
63010220010104147X
630102200403016130
630102200506140353
630102200201041848
630102200209081043
630102200201077939
630102200410056720
630102200706200912
630102200010284804
630102200312293618
630102200105230112
630102200302285809
630102199802045398
630102199901123339
630102200003199011
630102200303162827
630102200701247770
630102200005312073
630102199804026182
630102200507049674
630102200204044278
630102200101137498
630102199805079729
630102200408297891
630102200009101118
630102200308155466
630102199807181612
630102199904102912
630102199911059844
630102199805078814
630102199809010569
630102200112022346
630102200002253856
630102200112164504
630102199905062377
630102199802039457
630102199903229591
630102200707168539
630102199805111856
630102200208271267
630102200303015237
63010219980112414X
630102200705114801
630102200010150865
630102200410315964
630102200005125884
63010220040801648X
63010219990207257X
630102200009092039
630102200103166567
630102200502172067
630102200101195786
630102199807303640
630102200208247937
630102200103294868
630102200411047981
630102200508210642
63010220070225450X
63010220070226314X
630102200305058548
630102200602108871
630102199805231700
630102199807312213
630102200303019836
630102200001312041
630102200510183567
630102200702096417
630102200705092139
630102200103309388
630102200107045391
630102200612088624
630102200401319736
630102199912100554
630102199811205461
630102200705215055
630102200706246187
630102200512120500
630102200003138761
63010219990216807X
630102200410137010
63010220011026240X
630102200209137465
630102200108057335
630102200507280526
630102199803120396
630102200006308404
630102200101237042
630102200006158856
630102200306202345
630102200007048587
630102199805214484
630102200311058907
630102200508061763
630102200311264970
630102200107026086
630102200505184928
630102200111285304
630102199903217427
630102200611072022
63010220030825697X
630102199909146455
630102200706228712
630102200701057934
630102200209152104
630102200112128597
630102200501206608
630102200201271838
630102200512010520
630102200104112827
630102200612182020
630102199807284734
630102199803222499
630102200402080923
630102200310144969
63010219990203635X
630102200101092971
630102200610246254
630102200610057760
63010220040730827X
630102200401249491
630102200101012126
630102200707124341
630102200401310045
630102199808170077
630102199909028280
630102200612200559
630102200104239086
630102199902231833
63010220050729715X
630102200305312163
630102199902223817
630102200307046495
630102200109027242
630102199807297498
630102200510227451
630102200510205746
630102199912259442
630102199905144276
630102200602217242
630102200209186670
630102200412196372
630102199911056686
630102200311118703
630102200512158509
630102200202258766
630102199902017749
63010220040706675X
630102200012154755
63010220021208785X
630102200510061017
63010220031015485X
630102200608081219
630102200703220555
630102200209083567
630102199910248467
630102200306155569
630102200512308626
630102200606099714
630102200305115848
630102200510254687
630102200007134469
630102200404031471
630102200509185573
630102200202259371
63010220000601035X
630102199903313857
630102200310313945
630102200005089748
630102199810156741
630102199710312989
630102200707151454
630102200009080839
630102200709167273
630102199803111545
63010219990710784X
630102199904189229
630102199805121544
630102199907125386
630102199801173830
630102199902122995
630102200506259936
63010219991116365X
630102200104149320
630102200107060831
63010219990213884X
630102200612114001
63010220020312484X
630102200312073957
630102200403300449
63010220021208451X
63010220011118006X
63010220020415950X
630102199801250058
630102200506220185
630102200507259356
630102199907100728
630102200607165832
630102200311230412
630102200507204873
630102199710297678
630102200503163031
630102200110141616
630102200301284679
630102200310157129
630102200303101610
63010220040719302X
630102200003111120
63010220060212541X
630102200512111217
630102200502205156
630102200610315360
63010220030716941X
630102199801169946
630102200003250526
630102200106262028
630102199911241574
630102200504171594
630102199812279112
630102200309087178
630102200511104269
630102199808190131
63010220010608409X
630102200103299386
630102200109051808
630102200010172650
630102200111078268
630102200408161783
630102200506099581
630102200310162075
630102199908068731
630102200611091477
630102200203318513
63010219971014839X
630102200211138635
630102199909024984
630102200205114311
630102200312202050
630102199807024596
63010220020807364X
63010220040419553X
63010220011015146X
630102200605016892
630102200609064816
630102200608050893
630102200108063831
630102200606121432
630102200410144923
630102200707060325
630102200606065944
630102200509257733
630102200511068640
630102200302285796
63010219990409502X
630102200311204396
630102200206213266
63010220010521338X
630102200306209547
630102199711175867
630102200511072367
630102200210228882
630102200003274405
630102200609295614
630102200404117179
630102200409031593
630102200509130054
630102200606164379
630102199808028548
630102200707020825
630102199906299739
630102200202106332
630102200605075614
63010220040925122X
63010220030828070X
630102200505148687
630102200407147410
630102200106165615
63010220030121294X
630102200311181454
630102200312144225
630102200702096062
630102199804251259
630102200301025394
630102199811188729
630102200405220426
630102200109078760
630102199910149338
630102200212045705
630102200405166108
630102200612285820
630102200104283773
630102200404089091
630102200601175896
630102200512142291
630102200002281830
630102199709305976
630102200006278364
630102200508137182
63010219981011930X
630102200010209396
630102200611051344
630102200105159803
630102200606014522
630102200706141174
630102199801032181
630102200209024014
630102200202092081
630102200012053997
63010220040618800X
63010220060307321X
630102200409190850
630102200001202205
630102200003066833
63010220030209624X
630102200406100207
630102200412162519
630102200212259762
630102200303150754
630102200408151200
630102200707300296
630102199812123978
630102200705291808
630102200507086491
630102200410085433
630102200612031249
630102200009175096
630102200002260124
63010220040823214X
630102200406042991
630102200610054180
630102200303050876
63010220030217632X
630102200601043252
630102200403039084
630102200609300620
63010220000317413X
630102200208122157
630102200201183002
630102200404064230
630102200409290915
630102200708183941
630102200208095873
630102200709271396
630102199906069298
630102200108020743
630102199807228513
630102200303081939
630102200508033033
630102200204127794
630102200005224321
630102200003256784
630102200101158088
630102200608064232
630102200609290397
630102200208158133
630102200102106757
630102200701052711
630102200312138562
630102200201302120
63010219990816984X
630102199901264617
630102200306227067
630102199811254239
630102199805019574
630102200308313671
630102200208264788
630102200512113183
63010220050717589X
630102200511116825
630102200109114143
630102200004158895
630102199805154055
630102200511195922
630102200403169348
630102200112314955
630102200205070304
630102200607051229
630102200709134850
630102200204181432
630102200504166234
630102200706234020
63010220050401744X
630102200501116514
630102199807122022
630102200103269355
630102199802062438
630102200101245544
630102200008095254
630102200506119976
630102200110224219
630102200602256858
630102200204122117
630102200708304117
630102200112276012
630102200304213681
630102199805017544
630102200109093055
630102200401219380
630102200311069788
630102200202223061
630102199912111616
630102200403302188
630102200601211674
630102200402144173
630102200503219939
630102200302255095
630102200502076243
630102200106121006
630102200012160426
630102200608147337
63010220050919391X
630102200109063198
630102200401217019
630102200208219768
630102199804245123
63010220001111302X
630102200202244209
630102199808102234
630102200709017590
630102200506069884
630102200605144536
630102200410106791
630102200511049183
630102200212015290
630102200003148230
630102200702232204
630102200607142286
630102200004209517
630102200605272669
630102200201029486
630102199901158347
630102200612074951
630102200204309571
630102200702209629
630102200505190957
630102200009098940
630102200007101835
630102200109079229
630102200501253842
630102199911297260
630102200507150289
63010220010313416X
630102200701144608
630102199802176849
630102200607073014
630102200608163046
63010220060509476X
630102200703171538
630102200701148692
630102200312050675
630102200111272415
630102199710051272
630102200210212274
630102200212256123
630102200008032181
630102200508164746
630102200402255383
630102200302215739
630102200403072538
630102199801205599
630102200606133812
630102200708098763
630102199906031839
630102200403166155
630102200311287400
63010219980116108X
630102200212064551
630102199911267758
630102200309282600
630102200607087205
630102200302118744
630102200705041438
630102199801250402
63010220040317100X
630102199905133518
630102200102212664
630102200509023419
630102199801111197
630102200007296505
63010219980206875X
630102200310290341
630102199905067506
63010220020215027X
630102200504281558
630102199906135275
630102200302185461
630102200101013743
630102200406098119
630102200405039109
630102199907133773
630102200411076360
630102200709209349
63010220020903049X
630102200309116637
630102200503308747
630102199712182911
630102199902088117
630102200010010264
630102199807220036
630102200602084566
630102200607139503
63010220060605273X
630102200504204595
630102199802120861
630102200307232204
63010219990508498X
630102200608313913
630102200308044117
630102199907151154
630102199711096536
63010219990310940X
630102200302225697
630102200004236822
630102200412238480
630102200312258089
630102200407187973
63010219991118950X
630102200410187173
630102199904085833
63010220070130187X
630102199803147193
630102199711015783
630102200705196333
630102199909267046
630102200104087692
630102200410268299
630102200206075211
630102200007132797
630102200701126119
630102200601122495
630102200207291688
630102200609251216
630102200407125895
630102200212281759
630102200112086067
630102199905142182
630102199807254631
630102200102137406
630102200707253290
630102200610166641
63010220070220035X
630102200202068057
630102200008116545
63010219980115455X
630102199903084679
630102200504095587
630102199810273024
630102200308185972
63010220060714461X
630102200312101890
630102200101232161
630102200401048825
630102200304250597
630102200604093212
63010219990221868X
630102199904057736
630102199912143052
63010220061008841X
630102200501040118
630102200101144081
630102199904243512
63010220070507482X
630102199806080174
63010220030228366X
630102200504194905
630102200105163191
630102200103252481
630102200503050248
630102200104032915
630102200409137224
630102199912103931
630102200501102884
630102200308087424
630102200703218957
630102199811100571
630102199911113150
630102200701224413
630102200610162093
63010220010829164X
630102200411103883
630102200201283775
630102200507177713
630102199907288230
630102200309137374
630102200002099844
630102200012194749
630102200601113054
630102199804278865
630102199908158227
630102199910268855
630102200601315721
630102200210098352
630102200704096269
630102200002155762
630102200004119909
630102200508094442
630102200201209233
63010220051025074X
630102199803096103
630102200204031696
63010220000529862X
630102200706111661
630102200606249209
630102200611065172
630102200307246948
630102199805208279
630102200012247265
630102200111096642
630102200307012412
630102200402061482
63010220050102138X
630102200410114679
630102200209214571
630102200610183994
630102199804275584
630102200504170700
630102200305042079
630102199807180935
630102200103118311
630102200307107948
630102199811298661
630102200606152917
630102200101089369
630102200707063788
630102200602208880
630102199807086949
630102200408055577
630102199903183108
630102200110053368
630102200511197127
630102199910097478
630102200302182498
630102199809121509
630102200502212911
630102199801092432
630102200406218897
630102200109228095
630102200303126260
630102200307248900
630102200505092521
630102200603043619
630102200501170908
630102199910115015
630102200605173978
630102200608274256
63010219990105007X
630102200410018855
630102199806120498
630102199911123201
630102200310148265
630102200111269697
630102200402202425
630102200010058567
630102199901196538
630102200612072956
630102200707174322
630102200204260640
63010219991124883X
630102199802192494
630102200109300245
630102199912075141
630102200703187425
630102200206195248
630102199805317539
630102200106226561
630102200705187488
630102200109181282
630102200204198007
630102200103084676
630102200105184603
630102200005124777
630102200303098802
630102199905215839
630102199801289163
630102200707107998
630102200701298615
630102200604193360
630102200506188832
630102200212193169
630102200106105671
630102200010195027
630102200004161947
630102199811294513
630102199712179050
630102200601135835
630102200102189652
630102200109293436
630102199811036135
630102200601026639
630102200608023318
630102200209176384
630102200701113027
630102200301178032
630102200311117014
630102200402247666
630102200607033952
630102200301048529
630102199907303250
630102200303023384
630102199911179117
630102200503079235
630102199805054759
630102199902202629
630102199812241966
63010220041018452X
630102200707091586
630102199905207716
630102200305237036
630102200611063468
630102199812216605
630102200609309545
630102199804027185
630102200012072565
630102200408154209
63010219990218909X
630102199812210035
630102199810139888
630102200211201833
630102199906094557
630102200102013278
630102200001173344
630102200402220033
630102200111021894
630102200608180305
630102200105301160
630102200207290052
630102199902283756
630102200112139026
630102200512093303
630102200507212056
630102200408189161
630102200307018443
63010220010119621X
630102200112243974
630102200205158680
630102200211150095
630102200201186596
630102199906167664
63010220050816544X
630102200501095258
63010220020701623X
630102200102259147
630102199808093403
63010219991209975X
63010220061019540X
630102200510259381
630102199909204088
630102200208076672
630102200401313481
630102200405203722
630102200012108927
630102200407013455
630102200312011967
630102200507141382
630102200410311154
63010220021030454X
630102200606176839
630102200412116969
630102200201313890
630102199809249713
630102200705283234
630102200008299169
630102200702136781
630102200706132833
630102200604027389
630102200306029060
630102199810202699
63010219990510328X
630102200611159443
630102200310181655
630102200312220996
630102200410223357
630102199910167333
630102200709148072
630102200310105038
630102200512177187
630102200609131783
630102200307201731
630102200703155204
63010220050915905X
630102200310165276
630102200404084354
630102200107145691
630102199908036203
630102200402020103
630102200310248899
630102200702175406
630102200405156049
630102199908168126
630102200510033673
630102200012164523
630102200403278720
630102200310312598
630102200510178047
630102200603054131
630102200512186374
630102200301245864
630102200510164702
630102200102010050
630102200404118534
630102200207036660
630102200501094896
630102200312118764
630102200703134526
630102200507206668
630102200302183132
630102200409160600
630102200211156534
630102200601281752
630102199809114456
63010220060707851X
630102199908143631
630102199812255380
630102200210249974
630102199803035992
630102200112240343
630102200003087757
630102200507144217
630102200512207008
63010220000602265X
630102200305253757
63010219980524996X
630102200706170661
630102200206235035
63010220000417369X
63010220040318330X
630102200206160918
630102200608252508
630102200007096538
630102200104262809
630102199803251660
630102199712238137
630102200109199829
630102200510020282
630102200602082552
630102200011286633
630102200512129927
630102200402273522
630102200701013173
630102200210202092
630102199806212034
630102200209299624
630102200408026143
630102200308194756
630102200305183824
630102200403240335
630102200605154275
630102199901143276
630102200310294326
630102199801078972
630102200307305389
630102200108036358
630102200708251860
63010220060621871X
630102200302260310
630102200010109758
630102200204118820
630102199810207334
630102200309175960
63010220030625636X
630102200308019683
630102200412053929
630102199811025778
630102199809042667
630102200410200024
630102200011241187
630102200407018475
630102200508074898
630102200403087174
630102199805214337
630102200505215069
630102199809051133
630102200403166497
630102200112249997
630102200206276152
630102200105101409
630102200210192963
630102200502163558
630102200302056993
630102200504079982
630102200203244075
63010220070911952X
630102200108020823
630102200102047750
630102200104172635
630102200305192018
630102200212029959
630102200405045664
630102200309254853
630102200607041231
630102200705310431
630102199802243394
630102200112147085
630102199903227633
630102200009207238
63010220070924745X
630102199905092891
630102200202221453
630102200702160888
630102200507248585
630102200410131946
630102200504199386
63010220040826423X
630102200203317246
630102200607125179
630102200110046897
630102200003072248
630102199710227020
630102199710254651
630102200406023539
630102200708164716
630102200502152664
630102199711256085
630102199907168108
630102200304090802
630102200601236425
630102200309191864
630102200103089792
630102200706022140
630102200109185654
630102200701012832
63010219971108798X
630102200606219907
630102200107128971
63010220000107600X
630102200412130883
63010219980319423X
630102200212242653
630102200209097918
630102200411228811
630102200005244138
630102200708051260
630102200606069451
630102199806028632
630102199805311612
630102200708075772
630102200103295959
630102199903253444
630102200312245106
630102200009143940
630102200001195383
630102199903161806
630102199902059201
630102200306182671
630102200412186609
630102200105222470
63010220041229022X
630102199905292965
630102199905296827
630102200411055631
63010220021030198X
630102200605276520
630102200302039130
630102199901243859
630102199907109685
630102200412126091
630102199804233915
630102200704132952
630102200507105402
630102200706227947
630102199908187925
630102200603055679
630102200011069030
630102200108212817
630102200609157211
630102199806257742
630102200012056418
630102200605197400
630102200309258571
630102200110026255
630102199807246578
630102200002044050
630102200108084309
630102200210293414
630102200409126824
630102200304172859
630102200009261867
63010219971208502X
630102199910062080
630102200308197615
630102200303292322
630102200505295695
630102200212220956
630102200112124174
630102200305286807
630102200102163188
630102199711309837
630102200308293543
630102200002108923
630102200410297639
630102200007315796
630102200004159863
630102200005100169
630102200303013442
630102200212101607
630102200512086509
630102200510094468
630102200107051257
630102200001038249
630102200407179033
630102199904148339
630102200705292149
630102200104299732
630102200201159264
63010220040527546X
630102200312037403
630102200403086032
630102200010090479
630102200108220649
63010220030131898X
63010220070222495X
630102199808015237
630102199810151609
630102200502079524
630102199801280206
630102200110203960
630102200402155454
630102199811241083
630102200109189380
630102200605144317
630102200009113733
63010220060708213X
630102199710061972
630102199805313853
630102200009239563
630102199804221682
630102200409207333
630102200102286946
630102200506039239
630102200103125618
630102199902287394
630102200312313594
630102199904143095
630102200105307490
630102200005232735
630102200409166869
630102200110279666
630102199806080393
630102200009083482
630102200406239794
630102200406068921
630102200407047524
630102200011063624
630102199903208803
630102200310238105
63010220040215518X
630102200402120673
630102200510302714
630102200704266010
630102200210016564
630102200303271636
630102200401200364
630102200108284191
630102199712131663
630102200103081942
630102200401223240
630102200105174237
630102200406167452
630102200701067198
630102200704124143
630102200311058587
630102200502248789
630102200102028242
630102200312318678
630102199810032335
630102199710145041
630102200002205918
630102200001258460
630102200502044903
630102200105187943
630102200005048938
630102200601318674
630102199812260841
630102200409183124
630102200708038437
630102200204213983
630102200504275182
630102199904026737
630102200106116864
630102200003280127
630102200708212300
630102200506292162
630102200210111529
630102200709279558
63010219990717089X
630102199903011111
630102200507254977
630102199805243605
630102200512102126
630102200512181717
630102200604258312
630102200211230642
63010219980918573X
630102200002135526
630102200410150813
630102200705089896
630102200604128454
63010220030414257X
630102200312211176
630102199907178808
630102200303199523
630102199810294562
630102200504030986
630102200506212898
630102200308057567
630102200404126315
630102200103116965
630102199810261066
630102200407100946
630102200411281778
630102200310272266
630102200611051774
630102200506070383
630102199809139434
630102199809101647
630102199901303145
630102199903194296
630102200105136871
630102200108210934
630102200412096822
630102200409118808
630102200312273959
630102200607317779
630102200510299957
63010220031225255X
630102199910029539
630102200609300655
630102200508209051
630102200101058407
630102200004081103
630102200507195428
630102199910041335
630102200406027580
630102199807211201
630102200502049990
630102200407225431
630102200202037410
630102200009301275
630102199906192309
630102200012231132
630102200608112847
630102200403080220
630102200209077570
630102200511087040
630102200111233598
630102200209213077
630102200107065536
630102200709068195
63010219971224051X
630102200604197732
630102199904048151
630102200010174613
63010220031103506X
630102200501223010
630102199801010345
630102200703022620
630102199910076861
630102200405016687
630102200702091536
630102200506159847
630102200211207282
630102200606186375
630102200504275940
630102199808173796
630102200409054082
630102200704183522
630102200412297544
630102200205189444
630102200510227195
630102200701237468
630102200204196212
630102200604286671
630102200012306747
630102199903288049
630102199710040258
630102199906173909
630102200107274098
630102200404230972
630102200512041845
63010219971123445X
630102200511226119
630102200608216793
630102200112052895
630102200504203648
630102200304041381
630102199802055764
630102200302090905
630102200608244639
630102200703096064
630102199910229581
630102199906146409
630102199906042546
630102199911037119
630102200403087959
630102199812095727
630102199803091505
630102200205114071
630102200011167191
630102200607319088
630102200501315054
630102200301029328
630102200402247674
630102200111180916
630102199809291022
630102199811233411
630102200005291938
630102200609065210
630102200508225836
630102200504192352
63010220041004915X
630102199803218385
630102200405297968
630102200611283049
630102199711169862
630102200204121579
630102200004215319
630102200407168131
630102200505244599
63010220020607995X
630102199905081893
630102200606053927
63010220070804620X
630102200604228471
630102200402061386
630102200601261399
630102200606165128
630102200408135411
630102199808137752
630102200308162789
630102199902082700
630102200011289412
630102200409233806
63010220050120491X
630102200105109304
630102200012302578
630102199903159212
630102200709220636
63010220050414801X
630102200305223910
630102200105169024
630102200108267375
630102200609211142
630102200604061683
630102200703288218
630102200609170707
630102200004246748
630102200705059195
630102200506279654
630102200708302787
630102200307244870
630102200406209114
630102199808114075
630102200702166454
630102199809196746
63010219971214216X
630102200309234756
630102200210222616
630102200312171792
630102200411049573
630102200702234437
630102200705092729
630102200602163563
63010219980728745X
630102200210218326
630102199811243900
630102200305279092
630102200609154010
630102200604192907
630102200206277008
63010220010710374X
630102200009021919
630102200409253428
63010220000227995X
630102200303031712
630102200001050889
630102200201196428
630102200705125439
63010220010218785X
630102200512054267
630102199903162382
630102199909141013
630102200506243440
63010220060501925X
630102200211248631
630102199912260507
630102200008120851
63010219980815275X
630102200705273490
630102200706300577
630102199911194966
630102200404230796
630102199808119335
630102199712223445
630102199802037742
630102199908263158
630102200705092796
630102200206214445
630102200105282633
630102199903147254
630102200110222811
630102200703130760
630102199911024959
630102199712159543
630102199807281576
630102200706085264
630102200211131927
630102200607255168
630102199712025799
630102200105282342
630102200506174860
630102199807042268
630102200201052176
63010220050731807X
630102200111121940
630102199911024385
630102200305238960
630102200605134960
630102200512070929
630102199802067394
630102199808230359
630102200101252760
630102200211012215
630102200702169348
630102200608073737
630102199905181544
630102199902188441
630102200201092477
630102200305105455
630102200512020737
630102200709099450
630102199901140745
630102200503062927
630102200702091384
630102200201295012
63010220051209332X
630102200609050393
630102200308085015
630102200502011087
630102200704281659
630102199802277260
630102200603167507
630102200706303153
630102200611252664
630102200608033890
630102200312038238
630102200303027422
630102200407152797
630102200007154486
630102200105172098
630102200404136302
63010220000629396X
630102200408143905
63010220061210871X
630102200406049173
630102199905115360
630102200207103317
630102200310065363
630102200610015317
630102200204104170
630102200509170910
630102199906281280
630102200402081248
63010220011209661X
630102199801253232
630102200602025224
630102200206205100
630102200105301822
630102200605179632
630102199912164988
630102200006143371
63010220020704971X
630102199803137884
630102200501099427
63010220050112440X
63010220041128109X
630102200001115005
630102200406079866
630102200303020220
630102200411215949
630102200003231616
630102200505137099
630102200411204019
630102200107266151
63010220050708471X
630102200110050191
630102200301030839
630102199812250096
630102199907298295
630102200408239595
630102200210284235
630102200705130334
630102200502243742
630102199807067051
630102200307192492
630102200701180756
63010219981116409X
630102200412288189
63010220000426900X
630102200705182468
630102200605239252
630102200503276060
630102199811136769
630102200511238742
630102199803140119
630102200409184004
630102200608277940
630102200109030628
630102200005035512
630102200606195140
630102200211058299
630102200512290294
630102200307269250
630102199812236569
630102200003210794
63010220001027776X
630102199802277252
630102199912161103
630102200406291736
630102200009288752
630102200308229090
630102199912211377
630102200205209820
630102200312143329
630102200109035816
630102200506307192
630102199806050506
630102200012115641
630102200103220631
63010220020814724X
630102200607244397
630102200707305046
63010220020725561X
630102199903103622
630102199906118416
630102200104020914
630102200207048696
630102200202261156
630102199801229179
630102200701050986
630102199807156257
630102200407080148
630102200604190557
63010220060511998X
63010220011027980X
630102200306243227
630102200106177958
63010219981003703X
630102200605311613
63010220060324308X
630102200209222141
630102200104214735
630102200702112990
630102200105161030
630102200303159281
630102199807057945
630102199810318595
630102200105011403
630102200003174519
630102200108014394
630102200705220225
630102200008238403
630102199811033559
630102200105188524
630102200111233440
63010220050325956X
630102200501098029
630102199906164236
630102200302121572
630102199712209029
630102200611299059
630102200508144120
63010220040619475X
630102200402010140
630102200409071229
630102199802251669
630102200305205288
630102200212260771
630102200708036319
630102200004235213
630102200402276598
630102200306156289
630102200702183561
630102200107043943
63010220000504745X
630102200108018360
630102200503150871
630102199802248099
630102200411100180
630102200309093340
630102200709126930
630102200409168506
630102200506252662
630102200011212351
630102200110101526
630102200511060809
63010220030111790X
630102199903055034
630102199903202698
630102200701182196
630102200501118448
630102200709067707
630102199803163476
630102200308163618
630102200408209943
630102200604255672
63010220050603290X
630102200203310589
630102200103203532
630102199910205387
630102200411288849
630102200212263251
630102200611031896
630102200507099567
630102200210090203
630102200510202465
630102200005156189
630102200503286496
63010220011219317X
630102200703137057
630102200102149570
630102200107109308
630102200506238721
630102199806286711
630102200409262447
630102200501051167
630102200307310065
630102200001228106
630102200103153504
630102200101116128
630102200607027608
630102200604052744
630102200609288334
630102200203100135
630102200601316898
630102200410032913
630102200406044620
630102199903069137
630102199802174632
630102200512311518
63010219990124937X
630102200208091282
630102199712158727
630102200608099830
630102199810215836
630102200607014567
630102200312298806
630102200103105641
630102200202044223
630102199910031030
630102200105129452
63010220020720437X
630102200703149787
630102199804069668
630102200205282075
630102200410282226
630102200006040436
630102199803024142
63010219990610767X
630102200506179856
630102200309060151
630102200505222058
630102200211214757
63010220050315301X
630102199810043333
630102199904289035
630102200612032444
63010220000810427X
630102200011029872
630102200505062656
630102200503262486
630102200108250311
630102200011056862
630102200404024220
630102199804132268
630102199812033673
63010220060324914X
630102200607243933
630102199711098267
63010220020928836X
630102200608025946
63010220070217274X
63010220050903285X
630102200003213709
630102199908183772
630102200112286560
630102200609138192
630102200511112920
630102200007236852
630102200202200003
630102200309163548
630102199910034485
630102200705132188
630102200105264064
630102200602120096
630102200207182924
63010220060216753X
630102200510300743
630102200410067059
630102199710282505
630102199911217048
630102200008199002
630102199807232934
630102200412043288
630102200502164788
630102200009063350
630102199904126930
630102200406102579
630102200004014648
630102199811042666
630102199804047952
63010220050221735X
630102200207203772
630102200707285815
630102200701073096
630102200401284764
630102200605318081
63010220000203889X
630102200109190998
630102200505066497
630102199911254543
63010220020324186X
630102200404026509
630102199909087918
630102200309135168
630102200502275365
630102200005221980
630102199811224865
630102200610100247
63010220051216479X
630102199806114207
630102200504256651
630102200312048962
630102200008310989
630102200707033976
630102200010053184
630102200106067791
630102200406102149
630102200012170456
630102200511268781
630102200403313987
630102200407273054
63010220020506529X
630102200501163820
630102199905062975
630102200110229968
630102200703033565
630102200008076280
630102199710072882
630102199710172795
630102200008094534
630102200706201851
630102199811267785
630102199901168158
63010219980325719X
630102199802224273
630102199712128974
630102200312017234
630102200307156328
630102200103115305
630102199804267111
630102200006138433
630102200001074266
630102200111128763
630102200502072410
630102200602195549
630102199901206177
630102200708122241
630102200501128689
630102200101094416
630102200409113230
63010220070112683X
63010220030602469X
630102200612279826
630102200603264278
630102199907224341
630102200505129742
630102200303277018
630102200404092557
630102200508230141
630102199807216731
630102200112019366
630102200704072144
630102200206262244
630102199907080608
630102200703014735
63010220070303471X
630102200103309169
630102200306157783
630102200208231353
63010220031014394X
630102200707237506
630102200406246337
630102200301223622
630102199801136781
630102200305258152
630102200104058779
63010220000604375X
63010219971008244X
630102200411118735
630102199904281842
630102200208077237
630102200201052408
630102200501041532
630102200408220667
630102200103288513
630102199806239819
630102200104163341
630102200402259704
630102200503283236
630102200607256902
630102200510223477
630102200611174790
630102200101124435
63010219990304831X
630102200308179177
630102200606016982
630102199904186765
630102200106266432
630102200105250105
630102200601163932
630102199910200658
630102199907049010
630102200312011406
63010220051203707X
630102200406194215
630102200306049707
630102200507264542
630102200608267988
63010219980718686X
63010220070805455X
630102200612122183
630102200005280470
630102200307050646
630102200612151865
63010220050117591X
630102200003061725
630102200406284800
630102200407245715
630102199808042606
630102200001121691
630102200509236115
630102200503288803
63010219980328952X
630102200510193925
630102200307305776
630102200706041018
630102200006174311
630102200510184092
630102199812228796
630102199905031511
630102199807308361
630102199711238768
630102200504084087
630102199903070277
630102200301241273
630102200306264589
630102200104239676
630102199806012868
630102200009280232
630102200412023754
630102200603312081
630102200512059092
630102200506162106
630102200108169038
630102200703275687
630102200505231341
630102200404091992
630102200503316122
630102200606112122
630102200403282850
630102199806147092
630102200609053535
630102200205139922
630102199904241568
630102200702061337
630102200308170244
630102200204102087
630102200604107397
630102200110135697
630102200010204229
630102200608125779
630102199808030533
630102200606119623
630102200502247460
630102200402295086
630102200411030178
630102199712157150
63010220070817763X
630102200703301670
630102200103157185
630102199803285633
630102199810076231
630102200204302652
630102200605164836
630102200406105729
630102200708128811
63010220060621142X
630102200707212210
63010220060619202X
630102200611117497
630102200509069580
63010220001113332X
630102200111066937
630102200704224494
630102199907106601
630102199712155411
630102200208119468
630102199804264594
630102200308062585
630102199803150886
630102200708256450
630102199810315802
630102200701032286
630102200405316006
63010220000317894X
630102199805123435
630102200106284892
630102200105236397
630102200001255788
630102200302279505
630102200706213027
630102200108131419
630102200004028820
630102200706011409
630102200210258512
630102200405015975
630102200609266469
630102199807278596
630102200412310913
630102200007301140
630102200301131541
630102200507310617
63010220040107277X
630102199801044297
630102199806230574
630102200309085893
63010220010822851X
63010219980504813X
630102199901269354
63010219990107715X
630102200603097318
630102200206246025
630102200603017568
630102200004117401
630102200110213886
630102200609134650
630102200311234878
630102200201113354
630102199901108681
630102200602235512
630102200505277411
630102200304137586
63010220021023297X
630102199807173495
630102200109234807
630102200302202356
630102200612161780
630102200004130075
630102199712152501
630102200209191242
630102200505017564
630102199711051506
630102199904294555
630102200709268314
630102200502050895
630102200603302844
63010220001218185X
630102200608202930
630102200604038731
630102200008035569
630102200008231033
630102200411142364
630102200306061853
630102199711257790
630102200002099561
630102199807292013
630102200108132948
630102199908069670
63010220061107006X
630102199806194833
630102200406300460
630102200608124274
630102200008306859
630102200203299690
630102200702141492
630102200303250018
630102200312082941
630102199912056901
630102200606068766
630102200007125968
63010220050305197X
630102200701242216
630102200405080179
630102200106028477
630102200005106181
630102200101211862
630102200302033118
630102199803173172
630102199803101312
630102200301075121
63010219990913506X
630102200401092375
630102200509234320
630102200111139868
630102199903211201
630102199907078241
63010220030913080X
630102200610014488
630102200209093327
630102200701170822
630102200706139752
630102200005231185
630102200512160342
630102200007064405
630102200309067054
630102200612216665
630102200703257649
63010220040809631X
630102200504305433
630102200709276517
630102200312236576
630102199809145180
630102200106257616
630102199911193592
630102199911092046
630102200701282672
630102200112081063
630102200401071902
630102200109292855
630102200202221576
630102200610171766
63010220040227543X
63010220011209266X
630102199903314921
630102200006024794
630102200701146590
630102199904238190
630102200403246489
630102200003059983
630102200110025578
630102199806212368
630102200607239520
630102200504265734
63010220031011476X
630102199712225512
630102199904147942
630102200405157682
630102200002134195
630102200105069058
630102199910203816
630102200112216490
630102200004247062
630102200602087601
630102200604283411
630102200112137426
630102199910050020
630102200208075442
630102200012126666
630102200510244884
630102200608135627
630102200310195133
630102200407109422
630102200704238570
630102200510164171
630102200706023979
630102199811076014
630102200402115735
630102200006305561
630102200403243413
630102200002012374
630102200402182129
630102200611225746
630102200705289871
630102200307224175
630102200706166953
630102200211185028
63010220000502977X
630102200411242509
630102199910152350
630102200707051453
630102199807152846
630102200205010870
630102200612106781
63010220031218127X
630102200204171197
630102200611091370
630102200402059489
630102200106216873
630102199912017910
630102200208293183
630102200411067181
630102200010146022
630102200405127387
630102199802061814
630102200405283515
630102200512114055
630102199907099894
630102200509216122
630102200008301871
630102200103085556
630102199804102966
630102200209081617
630102200609260251
630102199803281608
630102200006185803
630102199711143275
630102200004159812
630102200012077075
63010219980427037X
630102200309143926
630102200510193247
630102200508167971
630102200412072804
630102200407257847
630102200109156036
630102199809055548
630102200704222210
630102200207099717
630102200006083030
630102200604197601
630102200005122341
630102200604219049
630102200401230168
630102200510198881
630102200108144594
630102200506177199
630102200509236334
630102200007114257
630102200102252527
630102200506253075
630102200502036735
630102200012037591
630102200210295049
630102200208235995
63010219991106984X
630102200706129255
630102199901203603
630102200605303357
630102200304272323
630102200111218478
630102200105180100
630102200502130932
630102200012049840
630102200203016494
630102200509027559
630102199806259932
630102200602107908
630102200405210404
630102200004301516
630102200110297872
630102200107205551
630102200408282550
630102200405100440
630102200407186292
63010220060612094X
630102200001257070
630102199902046670
630102199901025886
630102199810025020
630102200203275533
630102200408128983
630102199911268582
630102200512241329
63010220070218429X
63010220011016085X
630102200107177490
630102199808222965
630102200312023167
630102200609255532
630102200410022889
630102200009026701
630102199801266818
630102200610287574
630102200312072436
630102200101097924
630102200101032725
630102199807217961
630102200509133757
630102200005094256
630102200302134242
630102200401065537
630102200603228760
630102200502244518
630102200202238431
630102200304052486
630102200705263946
630102199711114618
630102200608154692
630102200209105498
630102200502137237
630102200612291825
630102200210230528
630102200503032090
630102200508201850
630102200305140293
630102200611241375
630102199903180951
630102200509068473
630102200512139412
630102200502263436
630102200502256113
630102200602020167
630102200006207240
630102199903036335
630102199906148279
630102200204244552
630102200511127655
63010219991123143X
630102200506186423
630102200102189302
630102200212023557
630102200402208085
630102200012317331
630102200008191641
630102200610261059
630102199903254068
630102200512170276
630102199812079110
630102200602262641
63010220020714678X
630102200309222296
630102200207156822
630102200508213368
630102200304120872
630102200102096819
630102200002220595
630102200403044895
630102200003231886
630102199907178410
630102200110034423
630102200403040448
630102200602077921
630102199911041716
630102199904187506
630102200708120326
630102200210308997
630102200505120545
630102200108197477
630102199810073559
630102200202280189
63010220051205665X
630102200705290928
630102200504297306
630102199807259985
63010220010812645X
630102200009051704
630102200608311715
630102200703279557
630102199809157114
630102200706021703
630102200412109144
630102200403198982
630102200511079972
630102200301104981
630102200101127791
630102200209266814
630102200107051302
630102200010185283
630102200401036250
630102200304069448
630102199809194644
630102200003062808
630102200509112833
630102200704236356
630102200103057416
630102200107124217
630102200010258112
630102200007232771
630102200704228014
63010220041217734X
63010219980629675X
630102199810200810
630102200002181987
630102200004294897
630102200612218978
630102200309020184
630102200412244952
630102200211046220
630102200705031619
630102200408273910
630102200306260019
630102200212062425
630102200707057417
630102200609132081
630102200304285909
630102200306161555
630102200609037404
630102200209128390
630102200401158901
630102200510208840
63010220070309179X
630102200604029165
630102200407033683
630102199910031081
630102200605146988
630102200211012311
630102200509148713
63010220040429559X
630102199908061513
630102200402183607
630102200701055779
630102200304188471
630102199908263895
630102200606108959
630102200508314062
630102200305064913
630102200503216121
630102199810213961
630102200708295572
630102200304038692
630102199810295434
630102199907310821
630102200607304468
630102200409073451
630102199805201464
630102200309255864
630102200101103300
630102200111208798
630102199801243907
630102200205197065
630102200309057219
63010220000413528X
630102199710318862
630102199802282369
630102199911072133
630102200412166149
630102200007316414
630102200207129816
630102199902066524
630102200705264834
630102200501216339
630102200401158346
630102200012188779
630102200110124146
630102200706218741
63010220040317872X
630102200002034821
630102199711063224
63010220011114232X
630102200211175858
630102199804202190
630102199712241643
630102200602076320
63010220030515701X
630102199912270051
630102200509070266
630102199908060318
630102200306164959
630102200104181064
63010220050227264X
63010219991118512X
630102200512290518
630102200405074318
630102200401136323
630102200003135261
630102199912034059
630102200409238519
630102200510121753
630102200602121814
630102200308145903
630102200611050587
630102200207216549
630102200001081749
630102199909113098
630102199907244123
630102200306260502
630102200604102721
630102200110070651
630102200010198383
63010220010503658X
630102200706018192
630102200312281158
630102200605092959
630102200109112690
630102200305171807
630102200302135958
63010219981023042X
630102200303254545
630102200107176746
630102200111108703
630102199806111276
630102200404293797
630102200009190149
630102200502082387
630102199809024987
630102200512196927
63010220030122334X
630102199711177336
630102200005305105
630102199904251993
630102200708301178
630102200611302713
630102200408284337
630102200204191235
630102200305223275
630102199808148443
630102199809184147
630102200701080296
630102200307176601
630102200003155203
630102200705092657
63010220000328227X
630102200108222337
630102199811308268
630102200012266829
630102199810279071
630102199910089742
630102200010183763
630102199904177586
630102200410066523
630102200703201848
630102200208258468
630102199807108212
630102199710252162
630102200412173859
630102200609128656
630102200709093892
630102200610191054
630102200706071401
630102199807113943
630102200111114951
630102200705177626
630102199910238744
630102200203104232
630102200109276783
630102200501181922
630102200601068214
63010220000923106X
630102199910107306
630102200409201169
630102200703308493
630102200505070154
63010220030322053X
630102200108256561
630102200301042178
630102200605079981
630102200605110344
630102200002257750
63010220021015297X
630102200105161364
630102200001169177
630102200612278380
630102200611128751
630102200203227937
630102200402243219
630102200208238715
630102200106170019
630102200607209727
630102200410144253
630102200407134652
630102199803262378
630102199905093093
630102200402163737
630102200405076030
630102200209072825
630102200508294129
630102199909080759
630102200403134225
630102200609108866
630102199807227908
630102200406062685
630102200005114640
630102200701189099
630102200006131952
630102200702200130
630102200011101520
630102200708207552
630102200303080899
630102200002165602
630102199908288128
63010219971006142X
630102200412041063
630102200202038739
630102199807049021
630102200007105406
630102199807270631
630102200607064070
630102200402056130
630102200101035424
630102200105118817
630102199803035722
630102200210238642
63010220010626236X
630102200310148775
630102200603219629
630102200008235835
630102200609186565
630102200507222959
630102200312099807
630102200401270215
630102199912249754
630102200102178259
630102200202288834
630102200012120010
630102200708065961
630102200412145516
630102200009131114
630102199911020878
630102200704238255
630102200003154630
63010219991228287X
630102200308254827
630102200503062994
630102200609109746
630102200307137194
630102200109110468
630102200504172247
630102200011079829
630102200008010476
630102200301107090
63010220000213315X
630102200006164551
630102199804019628
630102200602175046
630102200008290359
630102200506031536
630102200107080875
630102200311257834
630102200702196143
630102199710061403
630102200211284464
630102200707297816
630102200208217498
630102199907053888
630102200407212358
630102200307292071
630102200706061123
63010219981106200X
630102200601271386
630102200205089013
630102200108170266
630102200502118853
630102199711040129
63010219980318367X
630102199902215235
630102200102156121
630102200612253941
630102200212084413
63010220041123068X
630102200006155575
630102200202069834
630102200208248569
630102200512073142
630102200401049510
630102200609194709
63010219990912757X
63010220020710183X
630102200703254288
630102200507097924
630102200508163858
630102200102060496
630102200610014699
630102200204115144
630102200312318088
630102199901194006
630102199807137531
630102200606067376
630102200507153287
63010220050602968X
630102200609023600
630102199907122388
63010220040211576X
630102200506137314
630102200203176092
630102199906100232
630102200505090753
630102199712152093
630102200612273192
63010220030604667X
630102200401262792
630102200112107999
630102200611281430
630102200509111830
630102200602191273
630102199904220409
630102200504307711
630102199912287005
630102200111151445
630102200502147283
630102200010273347
630102200611161850
63010220020824519X
63010219980816331X
630102200703222622
630102200408068052
630102200501318968
630102199710257174
630102199812128445
630102200402137467
630102199909140619
630102200002181434
630102200002113976
630102200201286730
630102200209025017
630102199912186618
63010220010510671X
630102199801130697
630102200311120088
630102200708096725
630102199712072130
63010220040430461X
630102200509016243
630102200003091641
630102200206230779
630102199805101359
630102199802113178
630102200107103416
630102199908097014
630102200101061235
630102200612227006
630102200112025547
630102200401038889
630102199910290737
630102200004082683
630102200704168744
630102200208078547
630102200107047709
630102200007118610
630102200305038141
630102200702092803
630102199710120127
630102200105278212
630102200512237418
630102200210190992
630102199910060202
630102200105209794
630102200612211186
630102200303318625
630102199712303314
630102200111280650
630102200705012530
63010219990807316X
63010220050619241X
630102199801194711
630102200404067343
630102200206196611
630102200606015541
630102200011237022
630102200510194901
630102200607022014
630102200502233499
630102200111037079
630102200705272340
63010220010910552X
630102200103138275
630102200601150453
630102199908047105
630102200206045418
630102200504062777
63010220020518757X
630102199711226636
630102200305309351
630102199804090790
630102200004255492
630102200707213109
630102200304270272
630102200206243449
630102199801117564
630102200108258102
630102200301024594
630102199801010628
630102199809248614
630102200507066466
630102200105157170
630102200504297103
630102200301301766
630102200208051627
630102200109105765
630102200508055208
630102200307210857
630102200411123251
630102200601152045
630102200502163654
630102199801166884
630102199804179162
630102200708277470
630102200002100542
630102199810065161
630102200103061378
630102200405258141
630102200008294659
630102200401018538
630102200708246324
63010220010903037X
630102200012094406
63010220030826075X
630102200506025048
630102200305024321
630102199903182930
630102200411172512
630102200601316230
630102200306267747
630102199911087570
630102200010212421
630102200608166028
630102199805055479
630102199910107816
630102200501052303
630102200012116038
630102200106233294
630102200309243097
630102199804149684
630102200102110609
630102200512142419
630102200505125987
630102200404271344
630102200301020841
630102200008027577
630102200512303374
630102200604096114
630102200301255923
630102200301246197
630102200111012752
630102200104080001
63010220020102487X
630102200305316607
630102200410085142
630102199802070745
630102200511101017
630102199906155946
630102200703267548
630102199811019554
630102200311210913
630102200707270322
630102200407105106
630102200408221053
630102199710237931
63010220000702442X
630102200107193204
630102200501020547
630102200111076422
630102200203024478
630102200605199019
630102200612063339
630102200606114179
63010220040316431X
630102200509034986
630102200402166698
630102199910094007
630102199710263400
630102200604030764
630102200210244452
630102200603246037
630102200502122721
63010219980310840X
63010219980405647X
630102199803255709
630102200504012024
63010220001202220X
630102200603021700
630102200212226805
630102199909047641
630102200106113399
630102199809104338
630102200110310408
630102200412144329
630102200508178574
630102200303127175
630102200708099109
63010220000727906X
630102200510055514
630102199806136289
630102199911071720
630102200108188896
630102200007217256
630102199901097898
630102199906199738
630102200611269984
630102200101186919
630102199906156877
630102200601050532
630102200005196842
630102200612169790
630102199907138195
630102199807313902
63010220001014713X
630102200509081037
630102200101269546
630102200602214041
630102200601296081
630102200203111029
630102199912191409
630102200508104479
630102200305304665
630102200209105228
630102199802187361
630102200103135576
630102200002112834
630102200607168419
63010220001014326X
630102200606043868
630102200210089819
630102200507165819
630102200506183417
630102199903248768
630102200011061709
630102199908279395
630102200609222298
630102200307286077
630102200208306992
630102200103149660
630102200503314258
63010219990112602X
630102200512286420
630102200508134504
63010219991202466X
63010220020107800X
630102200205136393
630102200507183988
630102200210182220
630102200604047910
630102200209014430
630102200309203300
630102200703240345
63010220000824490X
630102200201318691
630102200402270460
630102200302267299
63010220070811089X
630102199902138620
630102199904166641
630102200503034387
63010219980205784X
630102200103181871
630102200702169452
630102200302152862
630102200401319496
630102199812304859
63010220030727325X
63010220060122714X
630102200006199252
630102200410157054
63010220041223114X
630102200701293849
630102200502171566
630102200605119939
630102200310244839
630102200208215126
63010220021220784X
630102200110227292
630102199710232217
630102200503123435
630102200606101458
630102200002242866
630102199906269193
630102200301025191
630102200104261566
630102200606195765
630102200405250836
630102200602214797
630102200201039748
630102199901208017
630102200107226053
630102199811228938
630102199904025312
630102200401071769
630102200005074511
63010219981002145X
630102200011184485
630102200407088844
630102200411115059
630102200704042578
630102199808184727
630102200512196222
630102200305230598
630102199710087638
630102200001157299
630102200008245523
630102199802284866
630102200402100568
630102200008295555
630102199808309884
630102200108034897
630102200601218833
630102200206232416
630102200209203768
630102200110196553
630102200505249699
630102199912287769
630102200606100199
630102200411071551
630102200605207234
630102200207222199
630102199808042489
630102199904022015
630102200406069529
630102199901306207
630102200503290137
630102200403048853
630102200604176640
630102200208051707
630102200611203520
630102200706282700
630102200501264285
630102200511064121
630102200604255103
630102200611058597
630102200010097937
630102200709187717
630102200203167196
63010220020704613X
63010220011206372X
630102200212172325
630102200203216488
630102200503090741
630102200308097606
630102200612257678
630102199803036944
630102199906028824
630102200006281547
63010220010607318X
630102200205275473
63010220010826959X
630102200404040183
630102200707130135
630102200704170860
630102200307261136
630102200002228554
630102200612136331
630102200507076445
630102200503231719
630102200406160218
630102200701093847
630102200007165038
630102200504168520
630102200301056713
630102200005192323
63010220050215255X
630102200110165204
630102200001078670
630102200107087970
630102200106253754
630102199808193287
630102200607021644
630102200506016336
630102200010106653
630102200606015250
630102200009032503
630102200408104455
630102200206106786
630102200301215462
630102199911172927
630102200006054918
630102200206168848
630102200306025414
630102200404083298
630102199901156106
630102200606035809
630102200501227994
630102200705140006
630102199903132693
630102200308263758
630102200010298894
630102200006239867
63010220010824718X
630102200102187155
630102200010281611
630102200007039154
630102199802267337
630102200307316678
63010220050212839X
630102199809045286
63010220030120443X
630102200603305295
630102200001270910
630102200309239733
630102200702026996
63010220040402516X
630102200704154932
630102200604145270
63010220060328528X
630102200502139195
630102200206210153
630102200311232880
630102200207217031
630102200109092327
630102200212069192
630102200012060089
630102200402258891
630102200306018329
630102200207305568
630102200404179783
630102200503230900
630102200112223957
630102200608131466
630102200306083198
630102200306170013
630102200612265379
630102200409053207
630102199810046024
630102200706257142
630102200110069829
630102200109241126
630102199710065690
630102200302286246
630102199911040027
630102199912232557
630102200307043745
630102199903096338
630102200709232688
630102200612113770
630102200411025598
630102200207036943
630102200012118279
630102199901103709
630102200312167240
630102200305298808
630102200301039729
630102199712015646
630102199811100280
630102200603101911
630102200102106378
630102199809131483
630102200211293483
630102200501286249
630102200109089582
630102200405262319
630102200501179339
630102200003164089
630102200608021718
630102200704160427
630102199901285602
630102199905284391
630102200012151431
630102200107088455
63010220060626971X
630102200704112142
630102200003010805
630102200102261108
630102200201111949
63010220050602394X
630102200408156909
630102200503237715
630102200302169090
630102200708229997
630102199901210213
630102200307013749
630102199903080467
630102199710196383
630102200205018258
630102199902019306
630102199912144303
630102200012044804
630102199812072074
63010220000829128X
630102200207195717
630102200310099889
630102200402147403
630102199907262938
630102200108308122
630102200305132146
630102199806074380
630102200507024995
630102200205230021
630102200103153432
630102200205301926
630102200106231125
630102200511271972
630102200501100387
630102200101079312
630102200603044590
630102200701289911
630102200611256737
630102200006084711
630102200303203270
630102200404237971
630102200304058765
630102200202207395
630102200410019946
630102200709258888
63010219971114362X
630102199912260216
630102199904069817
630102199906054053
630102200204098946
630102200103065811
630102200706263382
630102200009025987
630102200702125185
630102200005147733
630102200202268614
630102199802190560
630102200402011653
630102200706149811
630102200203223995
630102200607163562
63010220061024593X
63010220020326501X
630102200203112320
630102200312148015
630102200411277154
630102200111288062
630102200401129924
630102200510246054
630102200704046261
630102200604260455
630102200303229489
630102200610244718
630102199810287514
630102200009148768
63010220040615300X
630102200310228812
630102199909290879
63010220030203847X
630102200604034298
630102200707081900
630102200507028267
630102200109016391
630102200606269701
630102200309013005
630102200110124437
630102200612160171
630102199805018133
630102199911120756
630102200209202693
630102200208252138
630102200301058102
630102200406288705
630102200006091823
63010219991106167X
630102200603081500
630102200010318250
630102200308273606
630102200401127013
630102200209254944
630102199710019002
630102200410282357
630102200209137457
630102200311254326
630102200109185021
630102200512190621
630102200409236425
630102200208026288
630102200102114749
630102200504214291
630102200205149784
630102200203117105
630102200612064470
630102200004073031
630102200009261664
630102200001065570
630102200109019613
630102199801209741
630102200502098303
630102199803116813
630102200705016320
630102200512073978
630102200106250174
630102200101094336
630102200701258795
630102200105301582
630102200109164116
63010220021213349X
630102199803116805
63010220051013698X
630102200406170037
630102200412118374
630102200505131113
630102199802269279
630102200405258678
630102200707255763
630102200401101059
630102199910140501
630102200308020246
63010220040720549X
630102199711221691
630102199906088448
63010220060904716X
630102200011299813
63010220051020513X
630102200005319021
630102200010285225
630102200201275775
630102200003277403
630102200301127649
630102199711155962
63010219991201041X
630102200605032657
630102199801200798
630102200209231734
630102200001060702
630102199711138206
630102200702210849
630102200312243477
63010220021111895X
63010220060704669X
630102200407129079
630102199909046710
630102200106138262
630102200209025834
630102200508170636
630102200012140249
630102200203077895
630102199911196005
630102200407174865
630102200607269279
630102200303214498
630102200105282764
630102200501247450
630102200302053784
630102199909259871
630102200407228536
630102200101131926
630102200408062830
630102199901066880
630102200211172083
630102200709087062
630102200706120971
630102199904114163
630102200705269942
630102199905076066
630102200601060773
630102200410276811
630102200605107444
63010220010501046X
630102200105020350
630102199903012608
630102200205182525
630102200603252744
630102199908181961
630102200411233610
630102199710224858
630102200401181888
63010220030619682X
63010219990827923X
630102200706125553
630102200204275332
63010220050207124X
630102200601048096
630102199903071237
630102200308280988
630102200204258970
630102199712129539
630102200307291044
63010220070322277X
63010220030624836X
630102200106161008
630102200412142083
630102200406203660
630102200301090954
630102199806245549
630102200608011157
630102199903285606
630102200106169472
630102200105257470
630102200304203061
630102199902205344
630102200009287530
630102199802126139
630102199711272464
63010220050802310X
630102200708211690
630102200512181194
630102200102241764
630102200305139188
630102200211308630
630102200001144922
63010220021111131X
630102199812193052
630102200501273579
630102200310057339
630102200110023003
630102200502191081
630102200501255063
630102200108040971
63010220001019020X
630102200406205690
630102199710031423
630102200501213066
630102200604274857
630102200704022120
630102199804089618
63010220061016980X
630102199803146350
63010220000426388X
630102200503193812
63010220050607371X
630102199810031834
630102200410098752
630102200004154253
630102200409297113
630102200604095090
630102200703026947
630102199712023785
630102200310036511
63010219971010096X
630102199908131884
630102200410308174
630102199710051424
630102200701198497
630102200608240814
630102200103153643
630102200201159504
630102199902061045
630102200008173726
630102200408306890
630102200509272634
630102200604072358
63010220051026077X
63010220030608799X
630102200004150500
630102199806075295
630102200504178825
630102200411044609
630102200309157375
630102200404128441
630102200511216623
630102200611023677
630102200401111724
630102200602274503
630102200205048326
63010220031004751X
630102200708135026
630102200208299809
630102200108192983
630102200709130446
630102200304071388
630102199801186869
630102199912101960
630102200411296064
630102200309280525
630102199809221964
630102199904026294
630102200401138572
630102200302184581
630102200103242785
630102200507081340
630102200406154416
630102200604235946
630102200005258142
630102199711082062
630102199804250408
630102200203270118
63010220031008242X
63010220060117042X
630102200603271275
630102200005257393
630102200205022097
630102200208056874
63010220000725732X
630102199810297800
63010220021003501X
630102200006010667
630102200706252560
630102199808243424
630102200004110402
630102200404089104
630102200410067366
630102200707015751
630102199908298932
630102200009094368
630102200104288814
630102200110132357
630102200009213769
630102200205161927
630102200708091967
630102199710316429
630102200210053859
630102200010213619
630102200509105852
630102200402158188
630102199812090790
630102200612151056
630102200207089041
630102200604176114
630102200307159190
630102200512086189
630102200709093972
630102200506299719
630102199802211931
630102200212032840
630102199908114240
630102200102199308
630102200401221341
63010220010213087X
630102200601079765
630102200310243094
630102200603250781
630102199811035925
630102200407136690
630102200107023280
630102199905296667
630102200503183585
630102200002140296
630102200105132520
630102200107032304
630102200701309249
630102199802157648
630102200404115552
630102199810208839
630102199809140080
630102200702107235
630102200610130403
630102200505186659
630102200004179418
630102200708180601
630102200310308767
630102199808296542
630102200306052252
630102199906298736
630102199910192838
630102200202056056
630102200102157378
630102200608122949
630102200004120125
630102200508070256
630102200703033709
630102199804263073
630102200708053514
630102200709058034
630102200206148986
630102200708247351
630102199903091481
630102200209237837
630102200207226667
630102199801066963
63010220051223484X
630102200607284604
630102200704178934
630102199902149143
630102200305103812
630102200704288041
630102200012138616
630102200505038496
63010220010304544X
630102200203117850
630102199712318313
630102200509270006
630102200411292215
630102200209197986
630102200611190643
630102200305111468
630102200210066051
630102199809197634
630102199808103181
630102200005162175
630102200605190911
630102200201017119
630102200009295549
630102200108102095
630102200309212688
630102200412076848
630102199808249658
630102200103206784
630102200505033361
630102200311233998
630102199910102601
630102200404115018
63010220010621523X
630102200010221854
630102200305279973
630102200210282053
630102200103193477
630102200207287347
630102200207048039
630102200506054252
630102200308197893
630102200602285587
630102199904203342
630102200306065803
63010220050303941X
630102200111270188
630102200006017906
630102200402298471
630102199912154499
630102200003225005
630102200305117747
630102200001313693
630102200001128914
630102200509286390
630102200412159870
630102200406134845
630102200405108442
630102200001138549
630102200208254440
630102200612043960
630102200108198015
630102200606152511
630102200007149185
630102200407132913
630102200502064074
63010220030106465X
630102200508021120
630102200701314064
630102200003217611
630102200308183010
630102199812089714
630102199801191377
630102200304221235
630102200604075946
630102200205097275
630102200610065779
630102199806040033
630102199809182846
630102200202207205
630102200111109829
630102200409157196
630102200707011013
63010220030314758X
630102200310150031
63010220070904138X
630102200307107681
630102200209059284
630102200610237972
630102200401262514
63010219990126385X
630102200705142271
630102199804127047
630102200209143793
630102200611224698
630102200205283748
630102199805166558
630102200202070907
630102200206029784
630102200301270373
630102199909162471
630102200009178123
630102200709066202
63010220031207284X
630102200002156271
630102200408247149
630102200210017743
63010219990721678X
630102199811296738
630102200707169830
630102200702035905
630102200009070454
630102200109144342
630102200704211271
630102200305057326
630102200009192398
630102199912089244
630102200511209685
630102200009224994
630102200611203563
630102200603112995
630102200103271703
630102200605266904
630102199802068258
630102200003260994
630102200305123450
630102200308036491
630102200206145814
630102200106214165
630102200312056049
630102200602015974
630102199907229409
630102200609034262
630102200101318539
630102200505304790
630102199806043242
630102200406162395
630102200706135591
630102199806134208
630102200205118021
630102199901124331
630102200707086285
630102199801015621
630102200203159647
630102200511070089
630102200308281067
630102200505223376
630102200010055171
630102200308080994
630102199806138532
63010220001122116X
630102200608209710
630102199903261137
630102199808214711
63010220070623010X
630102200703118817
63010220020503651X
630102199905118318
630102200510300073
630102200308284743
630102199710207791
630102200301120228
630102200509236705
630102200201060934
630102200005162095
630102200612276502
630102199812317203
630102199802067597
630102199805279229
63010220050202075X
630102200001289670
630102199910089769
630102199812292296
630102200406018959
630102200303096698
630102200709118770
630102200612184253
630102200403265380
63010220031119532X
630102200405251724
63010220061227921X
630102200707300093
630102199904075221
630102200203288895
630102200609010906
630102200509254188
63010220010911846X
630102200502222837
630102200602117452
630102199902138284
630102200103221589
630102199907121406
630102200302141194
630102200503308923
630102200401268940
630102200012264428
63010220021230368X
630102200202260145
630102199909058711
630102200402203858
630102199903035885
630102200505252265
630102200002035488
630102200003052968
630102200310276363
630102199905150684
630102199905020003
630102200507200661
630102200309022673
630102200004010508
630102200601290851
630102199804223864
630102200204107873
63010220010703561X
630102200010033669
630102200411283538
630102200604118563
630102199802082180
63010220020608314X
630102200212075277
630102200609121411
630102200504020390
630102200106050180
630102200308087379
630102200203236497
630102200004021880
630102200212054724
630102200203306467
630102199909029603
630102200306095551
63010220050829265X
630102199801116983
630102200701127285
63010219991231689X
630102200208191937
630102200701116041
630102200011254404
63010220050104811X
630102200603016960
630102200209220330
630102200702128394
630102199801092635
630102200512200826
630102200002192248
630102200606223551
63010220060704749X
630102200408296426
630102199812214810
630102199802216572
630102200002038443
630102200102124744
630102200309296148
630102200408087579
630102200008231228
630102200312083071
630102200304177748
630102200303139571
630102199906103185
630102200703265622
63010220030822170X
630102200505160707
630102199712033932
630102200208233607
63010220021118886X
630102199806086277
630102200709161963
63010220070818395X
630102199712114249
630102200307173072
630102200204096182
630102199908120894
630102200311156646
630102200610271337
630102200201022049
630102200010268732
630102200005252947
630102200510058213
630102199906165976
630102200010121845
630102200608152873
63010219980911734X
630102200005237237
630102200510189766
630102200508307532
630102199808077059
630102200502158361
630102200204206185
630102200007146662
630102199906209836
630102199910040308
630102200301220069
630102200412157568
630102199910199108
630102200112047201
630102200602097674
63010220040624987X
630102200104043059
630102200607315300
630102200007278403
630102200708317735
630102200105193497
630102200605034396
63010220011219800X
630102200404281876
630102199711202941
630102200409163561
630102199912063052
630102199902281806
630102200008290930
630102200406165246
630102200010087229
630102200311182238
63010220060410011X
630102200309249050
630102200108077184
630102200610175732
630102200707217222
630102199903160504
630102200003027498
630102200502259330
630102200410014950
630102200207054009
630102200605209301
630102200512201562
630102200607072505
630102200102128622
630102200102204517
630102199805212286
630102199907077193
630102199911072125
630102199805227293
630102199808028150
63010219980414375X
630102200512016973
630102200209077431
630102200401180324
630102200406095735
630102200705198371
630102200110249766
630102200203071506
630102200510294005
630102200403045089
63010220050213057X
630102199909030321
630102200704235249
630102200501204055
630102200503138178
630102200505107885
630102200505083713
630102200403211227
63010220050920763X
630102200406065157
63010220031122790X
630102199711203565
630102199906019020
630102200612124189
630102200112049725
630102200301092626
63010219990803868X
630102200509077118
630102200007253441
630102200012122374
630102199801176775
630102200301158381
63010220050428613X
630102200101183080
630102200503287042
630102200002026821
630102200001262910
630102200407036745
630102200406030405
630102199807247271
630102200604053624
630102200501166984
63010220051024557X
630102200709260128
630102200408153265
630102199909097761
630102200305318303
630102200307287467
630102200612196465
63010220060509388X
630102199909270675
630102199801063594
630102200303240979
630102199710059936
630102199806287140
630102200203239161
630102200201015316
630102200402225811
630102200408017239
63010219980719240X
630102200412273489
630102200203264252
63010220001129449X
630102199901039655
630102200012163870
630102200002022652
630102200208073156
630102200602193009
630102199907052287
630102200607087299
63010219990624851X
630102199908236547
630102200502225114
630102199905118772
630102200707139922
63010220060511349X
630102200412033805
630102200004248970
630102200112194121
630102200009229592
630102200206206058
630102200602130999
630102200703285914
630102199902056203
630102200311091432
630102200008318315
630102199902208473
630102200707280985
630102200601200166
630102199805272473
630102200212250477
630102200101222561
630102200004142631
630102200501168197
630102200203210465
630102200212185249
630102199809246395
630102200503205764
630102200305053878
630102200606160060
630102200410014336
630102200104108975
630102200004251803
630102199910184205
630102200601156257
630102200211016574
630102199911224889
63010219980225013X
630102200107241130
630102200208247056
630102200012042606
630102200003063229
630102200512278818
630102200508287770
630102200005267014
630102200410219753
630102199808219950
630102199909207799
630102200109014230
630102199907031080
630102199912129277
630102200604269169
630102200501297298
63010220041230250X
630102200412176638
630102200611258396
630102200512313433
630102199803231280
630102199806103938
630102199807167722
630102199811233542
630102200112083894
630102200012260312
630102199710073164
630102199807137953
630102200503253416
630102200206102574
630102200008077638
630102200409190754
630102200306106521
630102200407250610
630102200510045746
630102199811226019
630102200004232581
630102200305097475
630102200704185499
630102199810016466
630102199809107571
630102200410148270
630102200206035236
630102200709044898
630102200602245681
63010220001119953X
630102200211173887
630102200312041576
63010220050621624X
630102199812138686
630102200311138990
630102200603061075
630102200304050894
630102200212236763
630102200310218526
630102200201190309
630102200310298124
630102200110212568
630102199910168168
630102200308208433
630102200008250453
63010220060830825X
63010220040828998X
630102200608112556
630102200003070277
630102200201242607
630102200409053063
630102200301165338
630102199906033770
63010220040412722X
630102200403290439
630102200007224974
63010220031008015X
630102200610129138
630102200310095511
630102200703270122
63010220061019444X
630102200404135262
630102199805277493
630102200606279176
630102200002236888
630102199905230414
630102200203099429
630102200110105674
630102200603246467
630102199711048075
630102199803177878
630102200612252156
630102200607239555
630102200111026273
630102200312214422
630102199903090163
63010220010907097X
630102199804170889
630102199910088248
630102200507109833
630102200003083107
630102200709028556
630102200603050579
630102200409058665
630102200204248043
630102200108177070
630102200210012555
630102199907319324
630102200302181129
630102200409231026
630102200706272422
630102200410294227
630102200311019326
630102200110140920
630102200011015948
630102199711115442
630102199904307408
630102200311106059
630102200708236118
630102200412243220
630102200203181633
630102199804193976
630102200505313435
63010220010114652X
630102200006204832
630102200209090062
630102199803122578
630102200010081353
630102199806187123
630102199912010874
630102199809301366
630102199911292363
630102199802097219
630102200606198528
630102200408047083
63010220051029163X
630102199805102650
630102200609115126
630102200208299411
630102200203112742
630102199808210251
630102200505131404
630102200706191585
630102200203087110
630102200605133941
630102200005108160
630102200505204220
630102199812251128
630102200306139075
630102200701150290
630102200407230257
630102199710306562
630102200109167798
630102200305192982
630102200201225970
630102200209081887
630102200511040496
630102199905093149
63010220050331774X
630102200011141290
630102200507190192
630102199803039125
630102200002027058
630102200501299023
630102200409031825
63010220041230488X
630102199912264276
630102199801058795
630102200707062582
630102200205254816
630102200012180195
630102200307311076
63010220020618803X
630102200609022085
630102200301248264
630102200105149875
630102199809284527
63010220010907839X
630102200709042868
630102200704308647
630102200112121643
630102200304220777
630102200107051628
630102200008298027
630102200310041265
630102199910181311
630102200207304864
630102200207081293
630102200504276521
630102200306211081
630102200209236164
630102199910225695
630102199907164772
630102200108025413
630102200505026698
630102200409252169
630102200508305422
630102200508046029
630102200211038220
630102200606102565
630102200408254170
630102199911098958
630102200411209987
630102200209252981
630102200705168340
630102199710080997
63010220060324527X
630102200205159552
630102200111254647
630102200412041194
630102200602205161
630102200509146291
630102200006180818
630102200407256449
630102199912105937
630102200512187107
630102200502032486
630102200407256676
630102200111264730
630102200606188629
630102200303101573
630102200412058973
630102199802178174
630102200101124849
630102199908199627
630102200209228172
630102200612216913
630102200511178516
630102200205051664
630102199904262182
63010220030926084X
630102199902026813
630102200604253562
630102199906275446
630102200006067620
630102200303191150
630102200407101770
630102200601299370
630102200411167326
630102200702102346
630102200410297727
630102200704238116
630102200305220437
630102200307027673
630102200407309758
630102200304169190
630102200609095022
630102199804016988
630102200507251290
630102200612049721
630102200304275989
630102199710230158
63010220050630627X
630102200202050295
63010219980901317X
630102199804286195
630102200107110878
630102200111216077
630102200310098907
630102200705181342
630102200702053249
63010220020706248X
630102199904076064
630102200706213748
630102200307053812
630102200309257085
63010220051102244X
630102200601097592
630102199805247200
630102200304172410
630102200002051912
63010220000726700X
630102199912134252
630102200112162816
630102200203165609
630102200203254839
630102200110128796
630102200307095625
630102200310114532
630102200212164288
630102200108305212
630102200201031332
630102200611119177
63010220060730269X
630102200301296127
630102200502058707
630102200212172923
630102200410171681
630102200303193551
630102199903302832
630102200201131755
630102200210077754
630102200605281549
630102199803194790
630102200703173963
630102200010217150
63010220040207198X
630102200501236460
630102200002247827
630102200512247456
630102200502041489
630102200509174567
630102200307053599
630102199904292410
630102200709143909
630102200004287195
630102200507172576
630102200601198692
630102200007088802
630102199802174616
630102200010112068
630102200412042656
63010220011218314X
630102200612047283
630102200512023137
630102200110083938
630102200003130858
630102200409293737
630102200609118888
630102200505076361
63010220030123871X
63010220060522451X
630102200603075637
630102200511129351
630102200311064653
63010219971003419X
630102200105270560
630102200502151733
630102199810111316
630102200508100910
630102200602199072
630102200203069369
630102200111234259
630102199711227209
630102200010241898
630102200210112425
630102199801099423
630102199902184387
630102200206197737
630102199907065483
630102200301043015
630102200306089004
630102200104267757
630102200308109048
630102199912245091
630102200410036359
630102200002161564
630102199909179863
630102200308070323
630102200412262050
630102200208263814
63010220040114055X
630102200512206187
630102200203244470
630102200405155011
630102200510183559
630102200012140513
630102200005104987
630102200102171305
630102200304087259
630102200411125230
630102200112236897
630102199912289879
630102200409073283
630102200207241402
630102200312031984
630102200606219819
630102200605087746
63010220030201059X
630102200411032376
630102200212091541
630102200601050989
630102199807232010
630102200005238061
63010220020403271X
630102200510178020
630102199807240985
630102200504169902
630102200009082498
630102200607115210
630102199906296386
63010219981011092X
630102199901128519
630102200106230026
630102200510308219
630102199807201636
630102199906081430
630102200312245683
630102200112112229
630102199906010528
630102200305267710
630102200401176835
630102200506135271
630102200308093410
630102200602224610
630102199902213467
630102200503192422
630102200301231120
630102200101211678
630102199906012136
630102200410085417
630102200610021610
630102200003195766
630102200605182305
630102200308027392
630102200204202694
630102200210093463
630102200301061117
63010220020217161X
630102200305030852
630102200204283332
630102200401149634
630102200004255193
630102200310231886
630102200002186948
630102200501064144
630102199803093009
630102200007168204
630102199905195655
630102199809190352
630102200504309768
63010220000511806X
630102200701011434
630102199812149019
630102200509021456
630102200405010154
630102200104209733
630102200209194515
63010219980408362X
630102200701204228
630102199804265503
630102199905049885
630102200205272424
63010220050919447X
630102200102244076
630102200112196880
630102200106085404
63010219971102409X
630102199807179715
630102200605206207
630102200310230824
630102200402072827
630102200005318272
63010220051004476X
630102200502269707
630102199909094915
63010220070418770X
63010220070906408X
630102200301156335
63010220000424163X
630102200708107340
630102199806288565
630102200309190933
630102200111079746
630102199712267712
630102200304020038
630102200709171256
630102200307083827
630102200210254183
630102200004181163
63010220000214377X
630102199908272775
630102200604185272
630102200306130580
630102199809016039
630102199803200871
630102199910293815
630102200201059378
630102199907121481
63010220001212111X
630102200006177504
630102199711177061
630102200705015627
630102200506284939
630102200103115292
63010220070720224X
630102200010190445
630102199912039204
630102200004238924
630102199712278956
630102199907294593
630102199902179967
630102200009023973
630102199804152349
63010220060419067X
630102200301260896
630102199901228907
630102200205012374
63010220061023240X
630102200201194027
630102200104300799
630102200202247821
630102200110113594
630102200412081452
63010219990802961X
630102200506262692
63010219991205368X
630102199807079001
630102200210288260
630102200305091209
630102200112291722
630102200110215929
630102200605301917
630102200501230333
630102200212141684
630102200512128086
630102200303073189
630102200310163908
63010219980430500X
630102200103097952
630102200007295051
630102199906054459
630102200007083200
63010220010507325X
630102200603050237
630102199909125777
630102200509223920
63010220050225680X
630102200608207053
630102200307010492
630102200405130914
630102200612289266
630102200410088175
630102200312159101
630102199905120573
630102200506113689
63010220040414330X
630102200304012089
63010220001130562X
630102200112176302
630102200412187740
630102200611148883
630102200309058270
63010220021105348X
630102199806250604
630102200409034292
630102200510183196
630102200401220517
630102199910083439
630102200105203990
630102200301217679
63010219980418755X
630102200610083184
630102199712271383
630102199812143012
630102200203023969
630102200605039875
630102200208289045
630102200112036852
630102200012241111
630102199908011129
630102199803119627
63010220020422341X
630102200505077866
63010220011017942X
630102199804054212
630102199912024002
630102200606032560
630102200204184289
630102199903124343
630102199901020372
630102200705045121
630102200509019567
630102200108031637
630102200307316002
630102200402125482
630102200704032361
630102200509244801
630102200705222861
630102199807260003
630102200408288039
63010220040505523X
630102199908256521
630102200502219507
630102200203090205
63010220051111933X
630102200501039205
630102200702171827
630102200002281507
630102199812195699
63010220040229362X
630102200309193990
630102199802173613
630102200108280799
630102200009213814
630102200001064578
630102200512112412
630102200007191658
630102200102133237
630102200008054815
630102200110276190
630102200205226575
63010219980608778X
630102200512242188
630102200404204889
630102200412300731
630102200304092381
630102200511287835
630102200606084408
630102200009135502
630102200701122759
630102200209094565
630102200201285105
630102199805264449
630102200003185816
630102200503109553
630102200102024508
630102199904190545
630102200010078242
630102200104095721
630102200412010670
630102199909040503
630102200211274135
630102200603028312
630102200609015264
630102200506269982
630102199805175649
630102200103214338
630102199812255487
630102200212059090
630102200609055995
630102200604040858
630102200210017460
630102200007114679
630102200102058708
630102200006123346
630102200210011034
630102200102186494
630102200012306587
630102200306253644
630102200503095374
630102200112068029
63010220030802364X
630102200010168758
630102200503283834
630102199903199871
630102200508308834
630102200603201365
630102200510157510
630102200705179138
630102200202079370
630102200208106675
630102199710302561
630102200407300446
630102200709030365
630102199809117067
630102200107034190
63010220040718000X
630102200608303272
630102199806242858
630102199803315775
630102200608200118
63010220001124955X
630102199903200879
630102200508137895
630102200605163307
630102199908150743
630102200205186104
630102200407310222
630102200507212136
630102199805093694
630102200706286680
63010220060817671X
630102200310082761
630102200610291020
630102200203306934
630102200707080422
630102199807103622
630102199907312528
630102200101285634
630102200605073491
630102200703119457
630102200307245435
630102199901298825
63010220070423297X
630102200608263135
63010219990608480X
63010220070402680X
630102200610121654
630102200304190782
630102199712263826
630102200502230394
630102200007137686
630102200305141069
63010220040303286X
630102199903189868
630102200603043141
630102200112131315
63010220050905838X
630102200611251450
630102199909135908
63010220020630204X
630102200003243588
630102199712087009
630102200009061822
630102199902286148
630102200206215771
630102200007087519
630102200607247926
630102199807157356
630102200508300963
630102200109145484
630102200108054898
630102199907235825
630102200003199820
630102199807141135
630102199907130644
63010220060821304X
630102199910041909
630102199811214843
630102199812113964
630102200106101136
630102200402298885
630102199710039839
630102200407252165
63010219981024889X
630102199901223372
630102199901155357
630102200203033956
630102199901107208
630102200009309410
63010220020210074X
630102200309304259
630102200412266369
630102200005264833
63010220061029001X
630102200207052898
63010220040312115X
630102200505107623
630102200604047814
63010220040402698X
630102200007286200
630102199903118197
630102200309245842
63010220070907013X
630102200408244765
630102199903151843
630102199908205214
630102200209237554
630102200701081555
630102200706131240
630102200511237053
63010219990115387X
630102199909210197
630102200509222493
630102199711112567
630102200506175011
630102200010054013
630102200202152427
630102200102203661
630102199805090880
630102200608284358
630102199810289122
630102200705120478
630102199802222868
630102200403292813
630102200706172931
630102200703030209
630102199905257086
630102200102160585
63010219971211023X
630102200105157445
630102200609247903
630102200607042664
630102200503237213
630102200007293750
630102200404076653
630102200702037775
630102199902109010
630102199803063109
630102200210103094
630102200007206020
630102200705177896
630102199909274019
630102200507236699
630102200207101733
630102200504289488
630102200612261925
630102200311143386
630102200509238196
630102200301067447
630102199811099996
630102200305222029
630102200305115557
630102200310294078
630102200212193134
630102199905226378
630102200206022558
630102200701054397
630102200509127760
630102200709232434
630102200407042993
630102200507031546
630102200106169376
630102200310277526
630102200404160505
630102200107153421
630102200611124347
630102200407302863
630102200105082113
630102200203013947
630102199911183431
63010220021001661X
630102200611061956
630102200301292839
630102200404059722
630102200205305775
63010220060509791X
63010220031217511X
630102200612133878
630102200410177178
630102199905163581
630102200408082348
63010220031129394X
630102200012031704
630102200210169747
630102200406043492
630102199712210513
630102200401027434
63010220000109390X
630102200307304570
630102199912057250
630102200304226976
63010220000603532X
630102200509135453
630102200101155100
630102200009184734
630102200409096469
630102200506291944
630102200410282138
630102200304253480
630102200401196166
630102200206241312
63010219971208692X
630102199712078436
630102200202251433
630102199807110531
630102200408165071
630102200002166170
630102200605300770
630102200205174162
630102200502075937
630102199912235483
63010220070822626X
630102200207052556
630102200502145333
630102199710173974
630102200209184317
630102200309059556
630102200602018489
630102200701046151
630102200402122177
630102200708212642
630102200701167009
630102199911104772
630102199809099954
630102200503035531
630102200509087383
630102200301181186
630102200004224397
630102199903244185
630102200402234945
63010220040608565X
630102199911039536
630102200210269430
630102200110267323
630102200010109926
630102200403213396
630102199907127074
630102200106259064
630102200208206131
630102200510084454
630102199712086479
630102200410105502
630102200611015503
630102199903266712
630102200501173164
630102199802039510
630102200605266920
63010220070923451X
630102200512058268
630102200109026282
630102200405250246
630102200210227636
630102200010157119
630102200604034028
630102200610054869
630102200105226949
630102200603136698
630102199907014467
630102199911182068
630102200009298109
630102200704213066
63010220051228103X
630102200006274574
630102200304289811
630102199805287974
63010220010423826X
630102200509088191
630102200205127868
630102200401183517
63010220070109695X
630102200706086777
63010219990130632X
630102200701165249
630102199805314071
630102200505216539
630102200110251647
630102200104081127
630102200706204876
630102199907087105
630102200010308159
630102199905208356
630102200201277236
630102200311100765
630102199807026671
630102200309218537
630102200612156244
630102200408156853
630102200603304911
630102200507032776
630102200606161071
630102199811215117
630102199908247895
63010220050429958X
630102200405169608
630102200608133007
630102200312187997
630102200701126004
630102200507239996
630102199808246967
630102200308069023
630102200510196464
630102200705316980
63010220060114351X
630102200012290335
630102200610154456
630102200204302492
630102200010285313
630102199902269743
63010219980818070X
630102199712143840
630102200610289078
630102200102175410
630102200708114356
630102200105183870
630102200706225570
630102200104124908
630102200008185399
630102200204121149
630102199807064694
630102200309026762
630102200409094711
630102200608152101
630102200501180209
630102200606190243
630102200206092003
630102199912168604
630102199903173460
630102200604246557
630102200308250586
630102200407254523
63010219980727718X
630102200007036244
630102200211055135
630102200607293631
630102199808318473
630102200602120440
630102200403074488
630102199807147668
63010219980410518X
630102200504297226
630102200107302917
630102200611296472
630102200005316517
630102200401039136
630102199901065992
630102199806058348
630102200206298810
630102200408125934
630102200702019059
630102200110194515
630102199805301254
630102199911252812
630102200510097570
630102200505038517
630102199801277883
630102199907124359
630102200201026568
630102200507304217
630102200011198393
630102200608305518
630102200412143772
630102200010101377
630102200403050267
630102200301301774
630102200605200622
630102200509189072
630102199904123959
630102200212074012
630102200302096573
630102200302269470
630102200110080032
630102200012143984
630102200009102153
630102200309124848
630102199908110530
630102200607274705
630102200605114564
630102200704070421
630102200607304759
630102200203252331
630102200211275760
630102200111226558
630102200704300952
630102200705161624
630102200110179630
630102200204135604
63010219971014708X
63010219980909335X
630102200509050126
630102199807112334
630102200411132342
630102200702073223
63010220020723558X
630102199910153775
630102200503035400
63010220040816268X
630102200706166910
630102200504168109
630102199809245763
630102200204269936
630102200105040685
630102200612262258
63010220010420676X
630102200510050254
630102200108079673
630102199911175300
63010220041009169X
630102199906150897
630102199808045188
630102199901239139
63010219991111361X
630102200212176254
630102199805060200
630102200701285144
630102200503119153
630102199912236929
63010219990419591X
630102199908152888
63010220050925521X
630102200602124302
630102200606242314
630102200409081339
630102200109278308
63010220010629787X
630102199903104668
630102200512285874
630102199805224367
630102200311117292
630102200003194894
630102200401287164
630102199807039966
630102200504210979
630102200009145882
630102200308276428
630102199905291874
630102200211204321
630102200607200781
630102200204028921
630102200410191172
630102200412107288
630102200605243905
63010220020630722X
630102200101061868
630102200310198414
630102200601279118
630102200107137042
630102200002079018
630102199904094318
630102200001284490
630102200306130118
630102200106100424
630102200512238816
630102199804186346
630102199805177142
630102200003307959
630102200006166899
630102200409266608
630102199806288311
630102200508277791
630102200210280656
630102200302174666
630102200506298003
630102200207179725
630102200211066125
630102200302281699
630102200409136133
630102200605024374
630102200701076561
630102200003136977
630102200706209562
630102200707209003
630102200702282092
630102200307279862
63010219981214092X
630102200210079821
63010220020906813X
630102199903274149
630102200708171617
630102200705074678
63010220001103767X
630102200408169515
63010220020627064X
630102200607038243
630102200102055160
630102200203018086
630102199810177489
630102200709250624
630102200404214550
630102200208273318
630102199908154605
630102199810065938
630102200510086732
630102200212295683
630102200605248992
630102200004195143
630102200206269729
630102200411202160
630102200310202989
630102200205092335
630102200406235750
630102199802015412
630102200609064883
630102200112267933
630102200010054304
630102200509070581
630102200107166847
630102199806190736
630102200511104285
630102200206148353
630102200010294367
630102200703022495
630102200501271565
630102199805208666
630102200604051506
630102200601147393
630102200503278330
630102200612046950
63010220040308036X
630102200512277196
630102200506114788
630102200612188350
630102199904183898
630102200402107727
63010220010328212X
630102199811275312
630102200606258674
630102200602064573
630102200110032014
630102200112033918
630102200203056752
630102200507042499
63010220021223942X
630102200208257641
630102200103305467
630102200104029396
630102200007193899
630102199710012863
630102199804179488
630102200009223879
630102199902141299
630102200207014971
630102200603145842
630102200005184681
630102199911039878
630102200503174857
630102200306282680
630102200405258029
630102199912294926
630102200507161447
630102200312310617
630102199812016849
630102199809149325
630102200607084442
630102199801276573
630102200110126731
630102200512019971
630102200304168411
630102200609277272
630102200605274138
630102200109159392
630102199811156268
630102199809213868
630102200206233689
630102200209108461
630102200212316448
630102200501309201
630102200507199971
630102200407010932
630102200103092705
63010220030623745X
630102200501038501
630102199908163616
630102200707023233
630102200004031317
630102200306039701
630102200307120149
630102200208079670
630102199909151799
630102200109123605
630102200606140123
630102199802214630
630102200506206973
630102199901207217
630102199807183431
630102200308200343
630102200308015666
630102200704213736
630102200602229980
630102200012197085
63010220020701439X
630102199911273058
630102200601098552
630102200105209006
630102200607047596
630102200503179324
630102199903242884
630102200511112752
630102200605236975
630102199901096158
630102200407226477
630102199712257557
630102200503164157
630102200612205966
630102199803256146
630102199712048464
630102200011211148
630102200407181176
630102200112257604
630102200010054873
630102200007036949
63010220040117408X
63010220050214981X
630102200309025778
630102199902242954
630102200103064501
63010219990821265X
630102200510084681
630102200708211121
630102200404094552
630102200505205645
630102199911269227
630102200509195333
630102200112035294
630102200409272258
630102200510278232
630102200609198355
630102200601121513
630102200006193109
630102200211111993
63010220030318003X
63010220050112264X
630102200502118028
630102199912192946
630102200606239764
630102200005081295
630102199912184831
63010219971012104X
630102200508292414
630102200001011548
63010219971029184X
630102200002172300
630102199805118513
630102200603283241
630102200406084227
630102200310023518
630102200703244872
630102200503306223
630102200311141356
630102200212268503
630102199806045774
630102200002191229
63010220040217353X
630102199808032272
630102200502221594
630102200409156193
630102200110204912
630102200307095684
630102200101130181
630102199710273123
630102200309245973
630102200703307845
63010220020921618X
630102200007076107
630102200308274182
630102199712189128
63010220020828181X
630102200309119811
630102200203140305
630102199907097901
630102200410150370
630102200311136784
630102200707167317
630102200103038282
630102200703154690
630102200408065783
630102200003164222
630102200002138524
630102200012275856
630102200606064458
630102200701253169
630102200611157608
630102200305219487
630102200702190956
630102200109163877
630102200112028203
63010219980201484X
630102200404242199
630102200303265674
630102200504082188
630102199712302397
630102200303121662
630102200106117576
630102199712287588
630102199911077401
630102200310108044
630102200004102680
630102200408042848
63010219981031667X
630102199901192182
630102200601187635
630102199911097170
630102200506166596
630102200202241243
630102199912132281
63010219991205683X
630102200003181559
630102200303269835
630102200005119564
630102200501178125
63010219991031484X
630102200601222883
630102200311172339
630102200101258097
630102200708070277
630102200207052775
630102199906214299
630102199911236820
630102200304012986
630102200601080221
630102200009286183
630102200502165756
63010219980728120X
630102200001283391
630102199801178260
630102199803097317
630102200509267456
630102200406295956
630102200009038905
630102199710111386
630102200601274886
630102200706147728
630102199803099750
630102200110195593
63010219990310705X
630102199806243404
630102199808201865
630102200211013453
63010219990404920X
630102200505208969
63010219980627901X
630102200211090838
630102199712176394
630102199807202882
63010220050602255X
630102199905052339
630102200109279554
630102200401258320
630102200302027068
630102200204131208
63010220040117563X
630102200405193552
630102200103234793
630102199902131867
630102200707233919
630102200601082446
630102200707169179
63010220040613065X
630102200006170601
630102200302227908
630102200302094295
630102200303116521
630102199907124594
630102200111243163
630102199805201229
630102200709041531
630102200001069766
630102200601026727
630102199903175503
630102200309254191
630102199901070898
630102199803231803
630102200305122546
63010219990228437X
630102200104182614
630102200404091861
630102200206049195
630102200406126554
630102199803303360
630102200702146779
630102200405050332
630102200208058343
630102200412255280
630102200212144471
630102200111166241
63010220030105673X
630102200102208913
63010219990625360X
630102200301169080
630102200402087324
630102200501049163
630102200606178703
630102200602191986
630102199807091369
630102199910031735
630102200201104255
630102200106096277
630102200003128336
630102200011247570
630102200703074105
630102200410224616
630102200206196080
630102200708109581
630102200401297389
630102200210291021
630102199810227335
63010220040721613X
630102200008268768
63010219981214519X
630102200404197981
630102200503276052
630102200311077446
630102200611138570
630102200010202661
63010220010912208X
630102200302117311
630102200009228856
630102199802101820
630102200311202438
63010220031215284X
630102199801031402
630102200312181480
630102200302132116
630102199810078747
630102200205170225
630102199807027674
630102199806221619
630102200408105271
630102200007131145
630102200702011698
630102200012274802
630102200310180353
630102200409281939
630102200007243462
630102200504249005
630102200602107924
630102200203281909
630102200403048802
630102200307249401
630102199801202005
630102200211113200
63010220061222493X
630102200409249816
630102200304157237
630102199810272822
630102200708022144
630102200512203015
630102199802223510
630102200005227012
630102200006296685
630102200509071760
630102200503263470
630102200604259454
630102200403028262
630102200201101695
63010220060317466X
630102200702267319
630102200401191648
630102200005153308
630102200012023624
630102200602064282
630102200301079069
630102200707319392
630102200401074476
630102199903057443
630102200010169750
630102200512065177
630102200707091834
630102200109034012
630102200101196447
630102200709055669
630102200312024020
630102200112248097
630102199807310656
630102200407041245
63010220001104209X
630102200012284891
630102200105215190
630102200703289720
630102199810187644
630102200304296501
630102200705285985
630102200102236738
630102200304054836
630102200401109683
630102200210260778
63010219991013702X
630102200108155250
630102200512084693
630102199904293536
630102200608277107
630102200507070334
630102200303196963
630102200605059112
630102200410178437
630102200708043535
630102200304052339
630102200311250667
630102200303141524
630102200203014229
63010220030110827X
630102199804261975
630102200501312822
630102200106197107
630102200012079142
630102200506218595
630102200303293659
630102199811133867
630102200007310805
63010220050908254X
630102200405153198
630102200701209571
630102200601103091
63010219980731354X
630102200610103405
630102200107071928
630102200105234121
630102200104301046
630102200111143197
630102200311276656
630102199807075035
630102200705270273
630102200507181851
630102200301183034
630102200112255887
630102199904206076
630102199902116624
630102200409035949
630102200501134456
630102199710214019
630102200508100689
630102200607278407
630102200604090521
630102200603167603
630102200408104703
630102200301019576
630102200401271891
630102200706062812
630102199901295173
630102199804205260
630102199905056460
630102200204108673
630102199903106807
630102200409179651
630102200301303868
630102200304178206
630102200505126234
630102200106161091
63010219980714490X
630102200311079070
630102200409121687
630102199909215916
630102200407100102
630102200601030929
630102200508187163
630102199801254665
630102200209250839
630102199712120681
63010220060720001X
630102200504131031
630102200610316355
630102200004193324
630102199805252835
630102200610283194
630102200605043700
630102200311174705
630102200202106754
630102199912123799
630102200701023937
630102200405063985
630102200112160431
630102199901185767
630102200008186551
63010219980529084X
630102200002229004
630102200011270615
630102200308167678
630102200310046904
630102200108305714
63010220020621412X
630102200705198793
630102200607223422
630102200311101311
630102200511143305
630102200211128736
63010219980910352X
630102199802209639
630102200606136669
630102200405169501
63010220011210435X
630102200303051983
630102200101198725
630102199808278432
630102199805267164
63010220060408333X
630102200506224602
630102200607122867
630102200212214222
630102200009277092
63010220010205036X
630102200102130941
630102199907191332
630102200003197171
630102200507133083
630102200205307690
630102200302233515
630102200510132989
630102199806156669
630102200207191484
630102200109047059
630102200201215975
630102200308206964
630102200606194164
630102200708135093
630102200408057943
630102200708118584
630102199811256023
630102200202211562
630102200209209131
630102200003054314
630102200212216754
630102200202239776
630102200103057475
630102200306124519
63010220020617544X
630102199810015180
630102200704232822
630102200109092503
630102200407174734
630102200707248133
630102200205220966
630102200610095134
630102200112070030
630102200011028159
630102199906041236
630102199910097216
630102200412024618
630102199804085473
630102200009202701
63010220070515503X
630102200512184862
630102200510028145
630102200702129645
630102200301205125
630102200210196251
630102199904266423
630102200312178425
63010220050606184X
630102200604300365
630102200303059416
630102199904213874
630102199712076078
630102200109134099
630102200302119157
63010220011222217X
630102200701042206
630102200202076137
630102200305275753
630102200502221105
630102200211142263
630102199908104173
630102200211170715
630102200105081399
630102200501312005
630102200409180652
630102199910213248
630102200407040621
630102200706045799
630102200502202289
630102200511276159
630102200604015636
630102200104197330
630102200305135144
630102199802155378
630102200101318205
630102199812030413
630102200106129745
630102200001116833
630102200302287871
630102200305171612
630102199912213225
630102200704103246
630102200406043484
630102200511011476
630102200606106398
630102200606115497
630102200403118292
630102200301260087
630102200103315737
630102200111043436
630102200709128637
630102200109142128
63010220041210989X
630102200507312938
630102200402166401
630102199806019146
630102200709119271
630102200609104208
63010220021229893X
630102199801304829
630102200506286950
630102200108293848
630102199909094624
630102199904177359
63010220020101409X
630102200612279738
630102200609103037
630102200001198680
630102200202211546
630102199912033259
630102200111235374
630102200501067070
630102200302256389
630102200701023291
630102200203212591
630102200306146726
630102200503018109
630102200203313632
63010220051122819X
630102200005133809
630102200205242452
630102200504010723
630102200403054110
630102200511028606
630102199809301673
63010220031221481X
630102199901294859
630102199910177224
630102200107293010
630102200706301916
630102200107211476
630102200012294328
63010220041025337X
630102200207224717
630102200007247017
630102200303291557
630102200205042901
630102199901238216
630102200207084064
630102200606189752
630102200708031745
630102199809269343
630102200302120983
630102200512210629
630102200704059425
630102200010091420
630102199811176939
630102200106215440
630102200608301154
630102200010069485
630102200403127893
630102200007101747
630102200409014806
630102200008242699
630102200303096110
630102200103098533
630102200607181082
63010220020818186X
630102200609214407
630102199906274793
630102200505025062
630102200403312546
630102200204171525
630102200406075101
630102199809199218
630102200512206427
630102200102103118
630102199807199548
630102200007086938
630102200103012832
63010220070911207X
630102200108263059
630102200408031508
63010220020326771X
630102199907174014
630102200502252083
63010220060925525X
630102199811036207
630102200307129311
630102200512306938
630102200707241281
630102200702166112
630102200204238961
630102200104204975
630102200205218559
630102200009089622
63010219980716939X
630102200508219268
630102200112122144
630102199710164752
630102200511221588
630102200206217726
630102200503291148
630102200610036206
630102200402130468
630102199802065364
630102200205242153
630102199712023427
630102200108134978
630102200301216852
630102199912084523
630102200112049901
630102200005207644
630102199906256587
630102200703145524
630102199806107226
630102200103179130
630102200607108264
630102199806071534
630102200009106824
630102200006112858
630102200201144839
630102200601218198
630102199911292021
630102199710032215
630102200003303296
630102200202041786
630102200206276304
630102199910226540
630102200310193154
630102200308109902
630102200007319762
630102200304211600
630102200104177786
630102199907256597
630102199806078154
630102200310297332
63010220011106486X
630102200212105341
630102200608170481
630102200009204475
630102199902270066
630102200401033076
630102200306215461
630102200303186087
630102200508097010
630102200009219554
630102200504149629
630102200105021177
630102200611309755
630102200402138902
630102200708272303
630102200007237644
630102200407294138
630102200205169419
630102200312105496
630102200510010068
630102200303191556
630102199901191577
630102200604270151
630102200707106549
630102200207031544
630102200602090173
630102200102038598
630102199805215129
630102199712145600
630102200411103111
630102200002132122
630102200606161258
630102200606180950
630102199809035221
630102200209063718
630102200608221859
630102200411091464
630102200008246462
630102200310069276
630102199902026434
630102199904233285
630102200505237954
63010219991220138X
630102200504066292
630102199812163144
630102200009217022
630102200607271459
630102199801069427
630102200107285416
630102200101113605
63010220011202283X
63010220060405837X
630102200406044858
630102199904048135
630102200110153035
630102200006193045
630102200101129236
630102199810277818
630102199905087910
63010220070703600X
630102199910119921
630102200201146084
630102200407051603
630102200302211527
630102200207060492
630102200505051770
630102200205068271
630102200105050779
630102200111159041
630102200301201335
630102199712037546
630102200304054334
630102200401151451
63010220051006770X
630102199807170331
630102199811035167
630102200007220834
630102200411257743
630102200503132075
630102200104049135
630102200601033951
630102200009290641
630102200107222984
630102200502110798
630102200302088362
63010220030713265X
63010220030309107X
630102199811021291
630102200509087033
630102199901245774
630102200409076628
630102200604072497
630102200603221585
63010220021004870X
630102200212197821
630102200001315920
630102200701034433
63010220001220680X
630102200010100286
630102200107165051
630102200609229991
630102200403095756
630102200403223703
630102200609151979
630102200409104836
630102200501062608
630102200201128900
630102200209141480
630102200411187255
630102200512308140
630102200602232987
630102199803049200
630102200309042666
630102200507166352
630102200701111734
630102200305175218
630102200402172043
630102200307214700
630102200008068854
630102200208061243
630102200104177428
63010220060703383X
630102200202133656
630102200108228237
630102199811306553
630102200404260880
630102200104112616
630102200309307345
630102200601088717
630102200304085202
630102200002205141
63010220010601338X
630102200502160365
630102200201119369
630102200706203961
630102200112058998
630102200306112809
63010220031116024X
630102200209162054
630102199806229178
630102200204078718
630102199805100911
630102200605155673
630102200507256198
630102200007280925
630102200109189591
630102199908303965
630102200309220792
630102200609190943
630102200207186802
63010220030922518X
630102200204077299
630102200002182533
630102200410246014
630102200110067735
630102200405025807
630102200610070236
630102199909167643
630102199907105502
630102200507157077
630102200111064595
630102200311095951
630102200412090842
630102200411299679
630102199911018495
630102200610053890
630102200612024786
630102200403307130
630102200603185078
630102200309023836
630102199906258400
630102200111138865
630102200306032120
630102200102041682
630102200707283924
63010220060912919X
630102199712107778
630102200601013707
630102200605305686
630102199710234386
630102199810174982
630102200208076664
63010220051222238X
630102200105031009
630102200104055586
630102200111115014
63010220050325796X
630102200603028080
630102200311300767
630102200408236933
630102200101276674
630102200702151105
63010220070531597X
630102200106043343
630102199806065222
630102200403030522
630102200503270697
630102200407025018
630102199801156731
630102199911080862
630102200405128646
630102200102269134
630102200601190359
630102200706219808
630102199712019217
630102200007012963
630102200511308595
630102200608092081
630102200006174557
63010220030728555X
630102200307080685
630102200611188770
630102200110068359
630102199901272190
630102199901226215
630102200110309044
630102200501192162
630102200202013953
630102200008248409
630102200003045821
630102200311281981
630102200411108393
630102200010037360
630102199806148271
630102200310015307
630102199905046529
630102199907225280
630102199803127184
630102200412274043
630102199909106453
630102200206071544
630102200111054856
630102199907192968
630102200605072018
630102200005301390
630102200012016846
630102200502100493
630102200105081209
630102200006254709
630102199801183967
630102199801037900
630102199809200645
630102200602107174
630102199909263547
630102200612218476
630102200707286850
630102200301127921
630102200703306375
630102200002192563
630102200208296499
630102200304100935
630102200405062886
630102200111207189
630102199803294468
630102200201306818
630102200704141955
63010220031205692X
63010220060601643X
630102200609069676
630102200003284849
630102200309297474
630102200205152182
630102200208106480
630102200504309725
630102200308210058
630102200410261601
630102200409139246
630102200602182553
630102199905207118
630102199910066727
630102200604152999
630102200512253602
630102200308232847
630102200111299693
630102200508233668
630102200508276182
630102200103263949
630102200104284231
630102200602111667
630102199810151350
630102200509252094
630102199808308144
630102200209066820
630102200603050050
630102200003046509
630102200001252958
630102200603014594
630102200606246278
630102200010179609
63010220050527806X
630102199907034791
630102200510183655
630102200410202898
630102199903132917
630102200503029289
630102200701198155
630102200212033536
630102199911053530
630102199909248929
63010219991118475X
630102200407184254
630102200609016814
630102200105010996
630102199904021864
630102200008187909
630102199711095189
630102200001251242
630102199901319382
630102200204158128
630102200707191253
630102199710265617
630102199805063575
63010220070716866X
630102200408191763
630102200003186122
630102199908163800
630102199804155398
630102200310193541
630102200512194577
630102199710239355
630102200011106399
630102200612116517
630102200006061261
630102200101302748
630102200111099990
630102199806282868
630102200105199776
630102200303118885
630102200009060336
630102200709091598
630102199812115329
63010220020710423X
630102199805271673
630102200108059533
630102199909152708
630102200607051501
630102199710265190
630102199901112058
63010220070819259X
630102200109201546
630102200107177191
630102200501299154
630102199904266263
630102200407114715
630102199809296958
630102200605251040
630102200010288901
630102200706217837
630102199801054153
630102200601134170
630102200206030646
630102200011185197
630102200510149051
630102200510273044
630102200312296122
630102200410314400
630102200306114089
630102200611302908
630102200401291550
630102199810202322
630102200604302619
630102199804224402
630102199912292445
630102200512225863
630102199711286196
63010220070416951X
630102200206082681
630102200401274902
630102200209245263
630102199710264147
630102200303088559
630102200203117973
630102200601056686
630102200312162968
630102199801225725
630102200005079283
630102200307118567
630102200504117344
630102200601055536
630102199905080671
630102200007285806
630102200607235175
630102200310030953
630102200312306917
630102200405093885
630102200703229752
63010220010413679X
630102200608080486
630102200604169555
630102200205079018
630102200411223105
630102200708096186
630102200209077722
630102200306016147
630102200511111020
630102200107170002
630102200704077674
630102199902079624
630102199808078094
630102200208043328
630102200406304621
630102200301046275
630102199810052205
630102200706188327
630102200612262469
630102200708020173
630102200109270541
630102200101287023
630102200501034164
630102200002224860
630102200204207225
630102200510093131
630102200404235474
630102200010030871
630102200103141618
630102200204077985
63010220030831130X
63010220040314743X
630102200102074804
630102199902226567
630102199905111431
630102200309228735
630102200403267351
630102200005063409
630102199910249769
630102200605033262
630102200102166936
630102200312224794
630102200408220827
63010220060801901X
630102199805155058
630102200007097127
630102200607248793
630102200509239180
630102200409013731
630102200309293924
630102200107154045
630102199803042383
630102199905173827
630102199909216580
630102200604210562
630102200708181540
630102199903018815
630102200201196559
630102200312089588
630102199809105293
630102200607103033
630102200707201992
63010220040322516X
63010220060306417X
630102200503255905
630102200007261257
630102200208222457
63010220051113314X
630102199809157528
63010220011117337X
630102199711305537
630102200110280093
630102199912273500
630102200103128739
630102199710229421
630102200702141628
630102200510271903
630102199802018218
630102200512089793
630102200503114977
630102200408222005
630102200011156214
630102200006247576
630102200604140461
630102200301065599
630102200506056266
630102199809146378
630102200001298673
630102199907133669
630102200410285822
630102200101094096
630102200408079579
630102199801063682
630102200208123969
630102199810154180
630102200701157556
630102199812185079
630102200304270424
630102200604227719
630102199905191136
63010220050717415X
630102199904048610
630102200410258437
630102200103278323
630102200510281394
630102200412208118
630102200201151705
63010220020612639X
630102200612050992
630102200109284724
630102199911220087
630102199812254265
630102200112039826
630102199906203899
630102199912294889
630102200609142052
630102200412054956
630102200703180717
630102200009230606
630102200410197208
630102200305148033
630102199801096089
630102199809274919
630102200509102846
630102199811034527
630102200611192657
630102200605046901
630102200408013131
630102200703258078
630102200704085009
630102200410121027
630102200207298978
630102200408199175
630102200604039128
630102200302274333
630102200104248062
630102200309268366
630102200107234344
630102200607173162
630102200509061212
63010220061004285X
630102200207207757
630102200211102130
630102199910171885
630102199806051226
630102200007204711
630102200304286004
630102200204190371
630102199908119690
630102200102218791
630102199912285464
630102200408127307
630102200704034455
630102200210144339
630102200103128763
630102200607041768
630102200502203986
630102200301149848
630102200201199979
630102200507145658
630102199801101482
630102200607112511
630102200402039875
630102200601302592
630102200510122895
630102200201154850
630102200611072276
630102199906233043
630102200108056770
630102200109019330
630102200103155534
630102200401093167
63010220010925033X
630102199907210601
630102200310156257
630102200303160717
630102200412223633
630102200410074697
630102200610061364
630102200703264443
630102200402031558
630102200102244105
630102200111188280
63010220060530566X
630102200112185487
630102199806259625
630102200611231353
630102200607301144
630102200004262238
630102200301143550
630102200111103742
630102200311081795
630102200512185937
630102200608317623
630102199810238923
630102199811022980
630102200004032133
630102199803266782
630102199810036686
630102200211135733
630102200405318386
630102199809216911
630102199801221978
63010220060602988X
63010220060729241X
630102199712053896
630102199710099751
63010220031121667X
630102200203220380
630102200108278074
630102200701267528
630102200211213447
630102199801307210
630102200210108135
630102200402175551
630102200609087655
630102200405085658
630102200203032451
630102200210011325
630102200412146084
630102200311104280
630102200410199588
630102200703184566
630102199803080929
630102200309218422
63010220011216861X
630102200402206979
630102200202289183
630102200509147585
630102200003021950
630102200106185456
630102199903033054
630102199903097066
630102200003140570
630102200308068653
630102200501069922
630102200704285131
630102199808289131
630102199910042856
630102200211283277
630102200009221718
630102200605215824
630102200404047879
630102200209242695
630102200203168308
630102199911237444
630102200411078921
63010220070604792X
630102199901061561
630102199911141784
630102200301251471
630102200606028086
630102199805037107
630102200702162066
630102199808019895
630102200701192319
630102200011174711
630102199907193493
630102200206163641
630102200704010998
630102199710314765
630102200308218113
630102200402221634
630102200008077734
630102200605241491
630102200606246454
630102200708248346
630102200211133295
630102200212241415
63010219981124994X
63010220010725293X
63010220060705709X
63010220050809918X
630102200409094180
630102199805034520
630102200608052135
630102200110229183
630102200012309964
630102200604214985
630102200702228897
630102199808012327
630102200708059502
63010220000816159X
630102200707317813
630102200101187452
630102200005188156
630102199912086158
630102200606209725
630102200407310986
630102200601012165
63010220000316381X
630102200004244232
630102200107017358
630102200205295992
630102200104013474
630102200404035800
630102199907076596
630102200104192628
630102200307239940
630102200308272064
630102199912168225
630102200207304389
630102199907024788
630102200210291080
630102200304223580
630102200509048851
630102200204241992
630102199904062949
630102199904030795
630102199901122328
630102200002205838
630102200102252359
630102200202041559
630102199807264290
630102199901140913
630102200306084764
630102200612288968
630102200303268381
630102200010236298
630102200501208099
630102200702101677
630102200701186357
630102199711220066
630102200604253650
630102199810153794
630102200009292217
630102200202143862
630102200109053897
630102200404106859
630102200405239098
630102200702076176
630102199910253354
63010219980412417X
63010219990409801X
630102200707245768
630102200509120868
63010220000630338X
630102200210025890
630102199810018103
630102199903295396
630102200311190529
630102200503312287
630102199902068191
630102200011022742
630102200209241641
630102200610284349
630102199911193920
630102200011012317
630102200309124004
630102199811129534
630102199807249832
630102199901200197
630102200405146553
630102200312201007
630102200606161768
630102200508028461
630102200008233039
630102200612265555
630102200409178026
630102199807120887
630102200412293287
630102200110286639
630102200611295306
63010220020303908X
630102199807264880
630102200102224227
630102199803313825
630102200205036915
630102199812263364
630102200304116697
630102200006062125
630102200312226554
630102200212171808
630102200412134550
630102200003114604
630102199906044189
630102200012102859
630102199804194573
630102200403166833
630102200610018470
630102200612240972
63010219980706706X
630102200007311971
630102200102081414
630102200707233329
630102200606258957
630102200011309903
630102199903096733
630102199906222731
630102199902152000
63010220010227673X
630102200010110740
630102200607047860
630102200608175645
630102199711264261
630102199801018048
630102200308257294
630102200511303604
630102200508145780
63010219971122362X
630102199810150390
630102199905198960
630102199812024865
630102200306272933
630102199907248757
630102200208118916
630102200411026689
630102200404048564
630102200601143667
630102200707140309
630102199711205456
630102200709032213
630102200001073351
630102199711095525
630102200709191708
630102200706304746
63010219990127855X
63010219981121486X
630102200211068243
630102200210265616
630102200405070720
630102200603170028
630102200205124579
630102200510250264
630102200502129093
630102200310233486
63010220030323806X
630102200207067520
630102200004286811
630102200202078511
630102200305223187
63010220030718592X
63010220051219995X
63010220030502644X
630102200309226174
63010220061106839X
630102200607267687
630102200604231005
630102199907218515
630102200011208918
63010220060914375X
63010220000617432X
630102200105101839
630102199811240929
630102199908252256
630102200604220672
630102200201177024
630102200107181502
630102200404229074
630102200104058242
630102200309191127
630102200611125921
630102199902235922
630102199901265249
630102200708223683
630102200708243190
630102200511257492
630102200605122206
630102200707306938
630102200103312894
630102200002020243
630102200004043406
630102200401154812
630102199907314013
630102200108099711
630102200701310303
630102199807050348
63010219990419452X
630102200102141093
630102200207057533
630102199910180458
630102199711032858
630102200612095541
630102200303012837
630102200207217971
630102200610292947
630102200103202249
630102200106080718
63010220020905861X
630102200706136746
630102200001051961
630102199807136045
630102199904303976
630102200007114396
630102200203247452
630102200207182537
630102200608205613
630102200511095411
630102200109096555
630102200402023371
630102200001308851
630102200012312629
630102200312310801
630102200402160122
630102200406058977
630102200307043411
630102200507238491
630102200304164533
630102200111260238
630102200001021586
630102200509298236
630102200011230437
630102199906180498
630102200404012166
630102200506167708
630102199903141709
630102200507079697
630102200501300573
630102199908207279
630102200707172052
630102200307079721
630102200303167011
63010219980108642X
630102200512238138
630102199907047373
630102199809191208
630102200007116316
630102200603263726
630102199902110329
630102200107230212
630102200202057243
630102200404263096
630102200410057918
630102200007027639
630102200705113729
630102200103026345
630102199712159711
630102200705107556
630102200002048561
630102200112220772
630102200001306426
630102200307032317
630102200108054556
630102200005232903
630102200012028505
630102199912318676
630102200008098455
630102200702066808
630102200103137002
630102200104029265
630102200402026222
63010220021107722X
630102200307303818
630102200601092978
630102200608075070
630102200611207492
630102200407123240
630102199912089009
630102200109148474
630102199801240888
630102199902036798
630102200209258822
630102200709289262
630102199808063554
630102200610090974
630102200302195053
630102200505132538
630102200402291026
630102200201274721
630102200603033672
630102200101049519
630102199910039462
630102200111173572
630102200503131224
630102200601148441
63010220050729176X
630102200606116991
630102199801276127
630102200411177487
630102200503150222
630102200210194694
630102200302137339
630102199811117170
630102200408150865
630102200307040114
630102200501275873
630102200108245889
630102199901062265
630102200501249675
630102200406183583
63010220040110185X
630102200212272481
63010220070112712X
630102200401068797
630102200301308706
63010220050826398X
630102200308303000
630102199811071467
630102199808021354
630102200609073237
63010220010603421X
630102200701040307
630102200305272405
630102200707111700
630102200202176488
630102199801102872
630102199806240828
630102200105203720
630102200108049028
630102200308228194
630102200409128280
630102200512084976
630102199903241179
630102200309226780
630102200508310301
630102200508249344
630102200207292250
630102199905114261
630102200403269429
630102200303012378
630102200005112506
630102200207271353
630102200409021846
630102200110253407
630102200704215467
630102199805275252
630102199902262955
630102200507195145
630102200407301588
630102199712170806
630102200004277077
630102200512151462
630102200503040808
630102199907240958
630102200211296158
630102199901120795
630102200207085411
630102200503080164
630102200203211898
630102200510037519
630102200208065252
630102200701314515
630102199908297542
630102200306114150
630102200701124738
630102200305061341
63010220000926470X
630102200706204534
630102199907142944
630102200701050206
630102200011157700
630102200511079112
630102200206085962
63010220031004241X
630102199810034138
630102200304300398
630102200303279822
630102200608192031
630102200705300874
630102199801032595
630102200105030591
63010220011225741X
630102200107240031
630102200702219720
630102200104231359
630102200608270909
630102199905173421
630102200605087914
630102200105302032
630102199811273499
630102200212011978
630102199710318467
63010220010608468X
630102200308116061
630102199901013519
630102199912205639
630102200409123228
63010220000420074X
630102200603212283
630102200305240980
63010220020327504X
630102200403084205
630102200407022343
630102200701105481
630102200309213074
63010220060917357X
630102199905046860
630102200011165444
630102200007238428
630102200204023477
630102199811073569
63010220020305399X
630102200601163211
630102200009103834
630102200103167009
630102199908012826
630102200103038805
630102200608120839
630102200601249218
630102200106155302
63010219980801674X
630102199710161551
630102200211104662
630102199906270194
630102200103156078
630102199909063705
630102200503196466
630102200612316025
63010220020622589X
630102200401258494
630102200009181250
630102200603255240
630102200208301972
630102200601218219
630102200412315028
630102200701104067
630102200301076175
630102199811010250
630102200305250484
630102200104259036
630102200612231005
630102200110147110
630102200304045737
630102200101307565
630102199809220232
630102199807278983
630102200308076071
630102200411245101
630102200104221572
630102200210218318
630102200512146970
630102200112227827
630102200107297994
63010220051213171X
63010220020420258X
630102200704113102
630102199906245650
630102200701269064
630102200303163141
630102200412215924
630102200409104350
630102200502246046
630102200010087501
630102200102186419
630102200410165003
630102200501296551
630102200001083218
630102200604264974
630102200509060789
630102200209061114
630102199711087146
630102200012215650
630102200308203050
630102200103125175
630102200208034069
630102200112040501
630102200111113174
630102200005274433
630102200402288919
630102200207148822
630102200612224948
630102199908054671
630102199907304114
630102200706084181
630102200210159725
630102200011084441
630102200308092143
630102200303037698
630102199808138835
630102200304119863
630102200708235836
630102200304120530
630102199905308736
630102200204045115
630102200207096815
63010220051023482X
630102199908217880
630102199910176002
630102200004068507
630102200604195198
630102200204137204
630102200609234491
630102200507186177
630102199910128043
630102200210248218
63010220041203754X
630102200103196125
630102200302148476
630102200703142518
630102199805011708
630102200502085975
630102200605062215
630102199905041015
630102200408183173
630102200501200054
630102200109272475
630102199812133375
630102200102121332
630102199911173292
630102200102060525
630102200403208095
630102200102217692
630102199807150760
630102200706288125
630102200504188070
630102199911269235
630102200512260183
63010219990111167X
630102199904226130
630102200511040920
630102200004277026
630102200203114000
630102200403209880
630102200608065104
630102199710029032
630102199806106952
630102200704303133
630102199804223039
630102199801118508
630102200501084882
63010220070910941X
63010219980607767X
630102200205148626
630102200310135384
630102200310157321
630102200612218847
630102200112238526
630102200004044492
630102200311095046
630102200612164762
630102200602253219
630102200004059221
630102200210022067
630102200301144721
630102200409224395
630102199903079028
630102200705302466
630102200107300209
630102199807298810
630102200202208603
630102200708284670
630102199811244516
630102200503319112
630102200305084535
630102200706256625
630102200112228643
63010220041220984X
630102200110166485
630102200706219613
630102200411259992
630102200205117002
630102200411230102
63010220010819548X
630102199908017870
630102199805309459
630102200007021907
630102199805208957
630102200402053757
630102199710237077
630102199803281341
630102200304102500
630102200401202888
630102199808124898
630102199811120249
630102200308276727
630102200309155986
630102199912263345
630102200311108791
63010220040709657X
630102200106293131
630102200301238306
630102200301303761
630102199907164342
630102200309098790
630102200110137406
63010220050923358X
630102199806047681
630102200403131948
630102200008114240
630102200701114257
630102200212036884
630102200212179308
630102199812084200
63010219980806205X
630102200409017206
630102200201024933
630102200603098206
630102200209118942
630102199808192145
630102200607034154
630102200504156650
630102200704215969
630102200512269647
630102200607139693
630102200405239354
630102200303241437
630102199807120094
630102200201178828
630102200302119659
630102200312152567
630102200604254899
630102200103168431
630102200705217157
63010220070518181X
630102200512074196
630102200504087616
630102199911109899
630102200211044479
63010220031118492X
630102200307047164
630102200206288997
630102200409256821
630102200211103168
630102200407023258
630102200101081690
630102200608079813
630102200402022934
63010220070709607X
630102200504095667
630102200005212363
630102200312151513
630102200411288988
63010219980131076X
630102200505074024
63010220041125813X
630102200008175377
630102199905207855
630102200502260251
63010220010124228X
630102199903260388
630102200604079947
630102200106235791
63010219990709839X
630102199808120600
630102199907265928
630102200403302479
630102200009086579
63010219980921414X
630102200311052337
630102199907288900
630102200606247924
630102200205106725
630102200507011801
630102200005107897
630102200006104735
630102200004250173
630102200204211320
630102200611085739
630102199812090002
630102200006246637
630102199808224637
630102199804292659
630102199801200085
630102200610241605
630102200311090923
630102200404014866
630102200004238166
630102200310309014
630102199806083033
630102200007110993
630102200105134673
630102200611155856
630102200706178321
630102199901308456
63010219990619649X
630102200108282129
630102200107234125
630102200206304467
630102200205060034
630102199811075193
630102200509215517
630102200306043778
63010220010111398X
63010220061230442X
630102200009094659
630102200112025731
630102200311068814
630102199807047464
630102200607310569
630102200608027415
630102200205245880
63010220040225636X
63010220040323818X
630102200606297753
630102200212272211
630102200003042284
630102200108156245
630102200702015701
630102200305144315
630102200211037172
630102200012288577
630102200103218363
630102200707248870
630102200408268214
630102200106288025
630102200107170459
63010220030114502X
630102200107083064
630102200504246920
630102200502065229
63010220060330863X
630102200410217029
630102200110168966
630102200110139727
630102199803249878
630102199802054702
630102200109078808
63010220070323245X
630102200211107724
630102200706167606
630102199807224045
63010219990505852X
630102200006283243
630102200504019146
630102200007053538
630102200508216171
630102200011068759
63010220011114072X
630102200402139139
63010220061223170X
630102200704092292
630102199901099025
630102200103010407
63010220060526794X
630102199710135919
630102200308025581
630102200105113469
630102200004105590
630102200106124266
630102200302216731
630102200408050143
630102200504275756
630102200606072378
630102199812308876
630102200205240617
630102200201094464
630102199803316620
630102200503307779
630102200503085571
63010220000110121X
630102199809167945
630102200508092017
630102199711212146
630102200006228981
63010220021217526X
630102200702063527
630102200009183045
630102200101273449
630102200212180659
630102200007118987
630102200212315832
63010220021101371X
630102200207262334
630102200209042917
630102200001293135
630102200408179692
630102200007011354
630102199912242499
630102200405263282
630102200501120257
630102200109086242
630102200109075375
630102200208309632
63010220030830840X
630102200009076469
630102200403264943
630102199912169754
630102200202079581
630102199804283218
630102200201272224
630102199911132650
630102200611043192
630102199902116886
630102199907100496
630102200207109786
630102200112235341
630102200612292131
630102200410149476
630102200107029738
630102200304203520
630102200510118378
630102200701155024
630102200208266695
63010220060422338X
630102200304232380
630102200402239818
630102200107290872
630102200003082315
630102199807073435
63010220031110693X
630102199809153623
630102200203121497
630102199912111683
630102199808116679
630102200110261052
630102199903232336
630102200410249143
630102200503090338
630102200201013046
630102200606227632
630102200506105443
630102200608290651
63010219981117081X
630102200703195951
630102200707068554
630102200511267084
630102200003080790
630102199912138536
630102200206259483
630102200303080522
630102199807129638
630102200607120909
630102200202138852
63010220011130101X
630102200103292301
630102200702011612
630102200311011703
630102200305113017
630102200007310696
630102199802272515
630102200006124453
63010220010327957X
630102199801227974
630102200508182397
630102200205193056
630102200401130597
630102200201108037
630102200408093557
630102200110319090
630102200312190600
630102200706041595
630102199901041763
63010220010619933X
630102200408082882
630102199812127602
63010219980421110X
630102200309272672
630102200306100920
630102200109174226
630102200301229899
630102200311280057
630102200311210809
630102200612035821
63010220000918593X
630102200303161736
630102200106182888
630102200108173758
630102200103049088
630102200308249163
630102200109283975
630102200703194377
630102200508288968
630102200602222834
630102200606198042
63010220041102400X
630102200305109499
630102200403124588
630102199909064687
630102200205216334
630102200107179269
630102199901120779
630102199908250963
630102199901187498
630102199803196577
630102199912023237
630102200306131452
630102200408266921
63010220061209918X
63010220010903387X
630102200408283086
630102200608302317
63010220040312262X
630102200511037326
630102200212186372
63010219980603088X
630102200401068519
630102200608203546
630102199811118704
630102200405064419
63010220031025720X
630102200510264586
630102200502166038
630102200109233281
630102200102109368
630102200511072041
630102200311277448
630102199902232975
630102200103317791
630102200207129883
630102200411272177
630102200509267229
630102200307211542
630102199802146869
630102200505253735
630102200509062530
630102199904161066
630102200609283509
630102199812101074
630102199911309356
630102200105180784
630102200007034249
630102200002073708
630102199911046250
630102200507243426
63010220070303199X
630102200704274088
630102200302117792
630102199802053937
630102200211167903
630102200403266391
630102200201120554
630102199801204908
630102200305052779
630102200501019925
630102200609132049
630102200510056584
630102200605271615
630102200401224614
630102199908215332
630102200005167427
630102200107126466
630102199808025451
630102200308013943
63010220020131915X
630102200411143746
630102200505171166
630102199806204886
630102199903275811
630102200304246918
630102200105219159
630102200105069883
630102199901126775
630102199805180042
630102199812265423
630102200307176572
630102199902038371
630102200703178502
630102200701142485
630102200008175035
630102200302114989
630102200109266833
630102200701098912
63010219990730195X
630102200311235141
630102200010205643
630102199711225158
630102200302223974
630102200301211816
630102199712115436
630102200704100678
630102200009134083
63010220051126836X
630102200609137755
630102200208262846
630102200605039488
630102200406137114
630102200709044556
630102200303121814
630102200401219946
630102200211052006
630102200709285798
630102200204228405
630102200408094197
630102199804097976
630102200512097339
630102199809155442
630102199904158270
630102199901241626
630102200103284838
630102200310127130
630102200201204205
63010220000426708X
63010220020516225X
630102199902243607
630102200110049043
630102200209080438
630102199804079575
63010220020522211X
630102200011106006
630102199712143066
630102200104240247
630102200408244757
630102200003138817
630102199909187628
630102200605128800
630102200704309463
630102199712142901
630102200206094850
630102199711167074
630102200305192536
630102200003283416
63010220070724479X
63010220020531142X
630102200605172051
630102200408079608
630102200207216995
630102200706139058
630102200612314652
63010219971227471X
630102200209299763
630102200008088492
630102200409131463
63010219971130303X
630102200103096001
630102199710244904
630102200403072247
630102200406084809
630102199805245627
630102200604273117
630102200408168053
630102199805045537
63010220000713440X
630102200212309977
63010220030806787X
630102199803151598
630102200412131982
630102200312273262
630102200209284115
630102200007055162
630102200704160179
630102199809028136
630102199711100603
630102200504298771
630102199809109112
630102200512054718
630102200207266650
630102199901032963
630102200204295173
630102200502035484
63010220060805646X
630102199903100317
630102200211141113
630102199711116111
630102200507201947
630102199802122998
630102199807159968
630102200609145333
630102199810311369
63010219990221403X
630102199806190744
630102200501017735
63010220010302901X
63010220060311857X
630102200409273680
630102199801069240
630102200602245825
630102199912160370
63010219980729131X
630102200412042226
630102200510109594
630102200105303537
630102199804120443
630102199902137978
630102200508055339
630102200202237383
630102200406030077
630102200306091198
630102199710232284
630102200609265212
63010220050319599X
630102200603266310
630102200009038710
630102199812082600
630102200407131478
630102200501218967
630102199712305459
630102199802080089
630102200506206914
630102199906090097
630102200412093816
630102200309104644
630102200709126965
630102200005071353
630102200009227060
630102200101136057
630102200411077136
630102200101244760
630102200010298368
630102199902134654
630102200604257344
630102199810283273
630102200505014507
630102200504276150
630102200609024363
630102200206154040
630102200310187627
630102200312076568
630102200504254381
630102200211260577
63010220000702821X
630102200412309883
630102199901029094
630102200212163402
630102199806040797
63010219971120922X
63010220070816787X
630102199904161904
630102200608225964
630102200105082711
630102200409135026
630102200605131807
630102200512278236
63010219991230870X
630102200510219005
630102200708267424
630102200708012747
630102199811225200
630102200609207282
630102199712316932
630102200312148963
630102200503235525
630102199905113584
630102200207125444
630102200603310879
630102200706189653
630102199808136653
630102200110199834
630102200303188234
630102200103030838
630102199712093089
630102200205167173
630102200305022879
630102200304096008
630102200402119779
630102200004168794
630102200202097675
630102200207188533
630102200412178115
630102200609181115
630102200107071493
630102200312182010
630102200611202659
630102200604175621
630102200401130028
630102200307148555
630102199901108008
63010220070928324X
630102200401205974
630102200505277243
630102200605168538
630102199912172777
630102200308210090
630102200209244797
630102200004085964
630102199905108785
630102200301096635
630102199710192083
630102200505031542
630102200306232034
63010220010208341X
630102200602138667
630102200508217262
630102200006100494
630102200412200976
630102200311139598
630102200105278941
630102199911156433
630102200607093680
630102200505195774
630102200508220103
630102200502270097
630102199801010361
630102200408043031
630102199801273137
630102200501173826
630102200402212527
630102199710059995
630102200308043202
630102199712252967
630102199809222764
630102199801123665
630102200703319686
630102200301090284
630102200010122629
630102200010251973
630102200101126617
630102200609216656
630102200502064189
630102200002220093
630102200605131276
630102199901273732
630102200612251938
630102199804264682
630102199909239416
630102200707300878
630102200402227286
630102200005014703
630102200504169881
630102200507204486
630102200612275411
63010220050824747X
63010220031023047X
630102199902011822
630102200709232856
630102199710047863
630102200501046317
630102200503015098
630102200701230741
630102200405023182
630102200111209205
630102199710183662
630102200404060424
630102200702144052
630102200209066118
630102200702100316
630102199810169745
630102200507289387
630102200110298779
630102200009238499
630102200012179178
630102200602097105
630102200012104109
630102200305097088
630102199710261018
630102200706148552
63010220070110303X
630102200109109125
630102199712027778
630102200210319960
63010220070323165X
630102200305238936
63010220060819423X
630102200411147579
630102200408276572
630102200409182228
630102200608211642
630102200610011957
630102200409096266
630102200104129290
630102200204125027
630102200211232541
630102200604028349
630102200005297790
630102199908033870
630102200510103125
630102200010061838
630102200407146995
630102200706202619
630102200211237801
630102200503059736
630102199910244159
630102200310239765
630102200507310860
630102200410057125
630102200111058398
630102200610250333
630102200303146122
630102200112105467
630102199910116587
630102200609147910
630102200301289517
630102200403179781
630102200009066914
630102200603120880
630102200508311902
630102200210226115
630102200010247552
63010220010418429X
630102200312083485
630102200209096210
630102199909284700
630102200103295596
630102199710104581
630102199808078043
630102199807118779
63010220060828020X
63010220060329707X
630102200701060324
630102200410122767
630102200108060016
630102199911144635
630102200604241924
630102200701240771
630102200705190011
630102200311075416
630102200201064484
630102200309067994
630102199810197121
630102200402051436
630102200511156253
630102200309102040
630102200006063013
630102200308261891
630102200209103433
63010220030518259X
630102199811195814
630102199911260222
630102200004058122
630102200610089623
630102199804261676
630102200703189105
630102200009204504
630102200402063525
630102200408318226
630102200407249302
630102200603134887
630102200206121214
630102199907283683
630102200705280885
630102200201014743
630102200512045774
630102200110262960
630102200704159151
630102200206223448
63010220020429762X
630102200005239590
630102200001255411
630102200205055999
630102200409033484
630102200403191051
630102200708203359
630102200211236788
630102200107150757
630102200310036968
630102200307139771
630102200007267894
630102200308319854
630102200310115658
63010220040217636X
630102199812136154
630102200502049392
630102200307146082
630102200103201385
630102200502192578
630102200704192824
630102199801088951
630102199803086212
630102199801137944
630102199908085283
630102199910090444
63010220061203786X
630102199810022866
63010219981031587X
630102200305143371
630102200103170064
630102200401155444
630102200606272644
630102200108027021
630102199804012557
630102200008281612
63010220040420554X
630102200707179991
630102200703110671
630102200305143304
630102200503196335
630102199906151873
630102199803164292
630102200010216676
630102200212077491
630102200403075712
630102200405116485
630102200309294118
630102200206062963
630102200401094098
630102200303274132
630102200007272036
63010220061021413X
630102200405276286
630102200207231976
630102200411083499
630102200705299674
630102200502241026
630102200508095306
630102200201127692
630102199802157621
630102200608189852
630102199906141704
63010219980811936X
63010220030331013X
630102200109182736
630102200608238060
630102199910259457
630102200205206830
630102199902054865
630102200404121418
630102200709152135
630102200107220575
630102200311035879
630102199901205924
63010219971011400X
630102200401093466
630102200111070733
630102200310287775
630102199908306648
630102200505263212
630102200206220490
630102200701243593
630102200006198161
63010219990708588X
630102199807275141
630102200007263340
630102200702074672
630102200309309738
630102200007246882
630102200508233924
630102200701194541
630102200008251026
630102200610273017
630102200310099985
630102200509054282
630102200007019321
630102200708290237
63010220051011895X
630102199807183730
630102200511064324
630102200001079921
630102200606271713
630102200308307730
63010219971005326X
63010220010318575X
630102200005061489
630102199907318129
630102200705042991
630102200009024132
630102199903114954
63010220041016107X
630102200106136371
630102200608202279
630102200111266787
630102200210238562
630102200601173137
630102200111280204
63010219980516929X
630102200603286450
630102200602017195
630102200702274455
630102199710116873
630102199911204095
630102200506014138
630102200508266814
630102199803244516
630102200310284144
630102200203015344
630102199810046550
630102199810123974
630102199911188208
630102199911025636
630102200609301447
630102200501227871
630102200405221728
630102200201319803
630102199712280570
630102200112268426
630102200406085828
630102199710273756
63010220021108311X
630102199712137512
630102200404132475
63010220040303964X
63010219971113036X
630102200206170817
630102200707078461
630102200001215567
630102199801095721
630102200601185752
630102200409233363
630102199902198885
630102200612115434
630102200402269136
630102199911280020
630102200709175476
630102199809031984
630102200511291527
630102200201204416
630102200405214552
630102200402278120
63010220010917850X
630102199907067083
630102199807224723
630102200105102022
630102200303287136
630102200107094580
63010220001106802X
630102200302166666
630102200407181977
63010220011231228X
630102200509064288
630102200312140355
630102200609120523
630102200205192985
630102200306096407
630102200311309980
630102199908072052
630102200208178740
630102200409214138
630102200009206323
630102199907085505
630102199710226968
630102200612175963
630102200307081637
630102200008171931
630102200003030136
630102200608033778
63010220010316510X
630102200003052810
630102199808056020
630102200309096883
630102200607178924
630102199806048262
630102200302209953
630102200708170964
630102200109227009
630102200702107665
630102200706069352
630102200601091844
630102199809130560
63010220021026340X
63010220040627950X
630102200107028663
630102200109031962
630102200701278972
630102200011010397
630102199908269824
630102200106085252
630102200705259728
630102200307160378
630102200605191324
63010220010412086X
630102200105152468
630102200207083301
63010220050727285X
630102200410275181
630102200401262362
630102199810297384
630102200708203586
630102200302273787
630102199806091834
630102200708193189
630102200311220775
630102200310182922
630102200709086596
63010220051108910X
630102200203155793
630102200705192789
630102199710017314
630102200306068422
630102199710235186
630102199901104891
630102199806084423
630102200204219533
630102200702224298
630102200305138409
630102200112268135
630102200411184281
630102199904219424
630102200211249415
630102199912139109
630102200604215689
630102199904255345
630102200112218509
630102200102287877
630102200104091325
630102200709050446
630102199812179103
630102199911085639
630102200305103919
630102200012161154
630102200504128641
630102200106118130
630102200307309662
630102200508193440
630102199710312508
630102200509127963
630102200209296036
630102200202145796
630102199908155077
630102200303206818
630102199908114080
63010220021112716X
63010220060615682X
630102199801136597
630102200109088002
630102199907279991
630102200703225946
630102200704237148
630102200001082450
630102199908249911
630102200510279091
630102200106114631
630102200207143394
630102200408221651
630102200211160584
630102200004137023
630102200112024915
630102200309194926
630102199811094730
630102200406269491
63010220010804813X
630102199908191350
630102200506233074
630102200204183024
630102200604238565
630102200207094115
630102200204185142
630102200305213456
630102200405287989
630102200709067782
630102200002010117
63010220030321077X
630102200205062443
630102200404297675
630102199710077237
630102200605166524
630102199903316281
630102200305264157
630102200408315308
630102199812161720
630102200112211921
630102199806278340
630102200705302407
630102200308107923
630102200512026143
630102200709077219
630102200207290095
630102200004138202
630102200303123895
630102200312163522
630102199809289205
630102200506158545
630102200706110570
630102200306287967
630102200410213829
630102200005156453
63010220020730774X
630102199903044319
630102199902288995
630102199901238531
630102200607029144
630102199711206993
630102200308054577
630102200307259343
630102200708197753
630102200703271328
630102200301126507
630102200001287640
630102200202217630
630102199906099593
630102200603248569
630102200004189405
630102199811141701
630102200212171779
630102200411189621
630102200707022193
630102199801033547
630102200610264305
630102200411307835
630102200001065044
630102199812200849
630102200703108205
630102200204027662
630102200404184996
630102200012128573
630102200609197045
630102200408239771
630102200401076973
630102200106275398
630102200110116592
630102200308270894
630102200403118786
630102200112210996
630102200512256168
630102200110063988
630102200003185955
630102200102037464
630102200201270165
630102200407051291
63010220041123666X
630102199909206016
630102200310054816
630102200604080657
63010220000630530X
630102200210016927
630102200701027639
630102199812073739
630102199803122850
630102200006289477
630102200112123059
630102200610017849
630102200203017809
630102200409019164
630102200002101107
630102199905066095
630102199908015293
630102199803282440
63010220001101075X
630102200403125927
630102200409016254
630102199907113596
630102200310030734
630102200601085006
63010220031009392X
630102200312069034
630102200611050181
630102200102054862
630102200701274189
630102200002209599
630102199901011038
630102200109093178
630102200605048624
630102200505271642
630102199802054665
630102200611267647
630102199803116688
630102200306162136
630102200611167398
630102200011273525
630102200209094282
630102200602156582
630102199908282017
630102200701062215
630102200007046872
63010219980317380X
630102200504198914
63010220050526379X
630102200303097914
630102200001186102
630102200103242224
63010220070826424X
630102199911285227
630102199811202180
63010220000510889X
630102200202221795
630102200006026685
630102200709155504
630102199910249187
630102200608086116
630102200102281774
630102200408064422
630102200002188871
630102200009205515
630102200005279525
630102200102231128
630102199810098238
63010219990317464X
630102200007249071
630102200307076264
630102200101252437
630102199907101771
630102199802192427
630102199804038968
630102199712136659
63010220070914221X
630102199906114124
630102200206032123
630102199712061087
630102199912057023
630102200504151411
630102199802010021
630102200101274708
630102200206091625
630102200009023674
630102200402238284
630102200109052114
630102200509252676
630102200602042999
630102200309064881
630102200303199873
630102200401185280
630102200702159190
630102200107202350
630102199807262762
630102199901190400
630102200706048359
630102200401205261
630102199902041079
630102200009258959
630102200512050143
630102200306261740
63010220060904150X
630102200002270672
63010220000829267X
630102200106308786
630102200410212279
630102199908312482
630102200604301800
630102200210226326
630102199904066472
630102200003096944
630102200405015086
630102200106080523
630102200410113377
630102200104014960
630102200109214275
630102200103097282
630102200010196273
630102200509302370
630102200603141112
630102200409196857
630102200606081952
630102199909056054
630102200503280553
630102200212302177
630102199805102642
630102200306219649
630102199803054261
630102200306131495
630102200005220590
630102199712216982
630102199910053192
630102199905129199
630102200408276855
630102200104229718
630102200008176214
630102200206222453
630102200307270913
63010220061130281X
630102200203220882
630102200412096750
630102200601020309
630102200706293776
630102200505190121
630102200401247015
630102200401089547
630102199805013340
630102199807095757
630102200411054217
630102200104145012
630102200105305049
630102200510082141
630102200002036683
63010220000123598X
630102199903272098
630102199711039857
630102200307141636
630102200408173901
630102200610235862
630102200110185387
630102200505153822
630102200211231602
630102200001083699
630102199902063171
630102200606256433
630102200406165828
630102200401026810
630102200603049383
630102200203134562
630102199906289610
630102200311257543
63010220020128898X
630102200607080468
63010220010105297X
630102200701207904
630102200203270927
630102199812231127
630102200309139054
630102200203020960
630102200506106219
630102199812126896
630102200508194216
630102200001035777
630102200105040861
630102200301088897
630102200511150329
630102200011157196
630102200708215384
630102200210311379
630102199801251106
630102200502162627
630102200105018832
630102200509283122
630102200704134632
630102200206119675
630102200105013898
630102200405300610
630102200201234252
630102200403256433
630102200010295466
630102199810034787
630102200709115852
63010219971019007X
630102199906249571
630102200703308063
630102200010211971
630102200005065789
630102200011134736
630102200603319072
63010220020817415X
630102200010063315
630102200402166380
630102200207075416
630102200407109166
63010220010903125X
630102200103121537
630102200703067474
630102199903199724
630102200606027083
630102200509146347
630102199801030987
630102199908272484
630102200304114560
63010220070727119X
630102200411192249
63010220050904018X
630102200208100361
630102199804124022
630102200501133728
630102199912113275
630102200611038238
630102200306163374
630102200109011179
630102200308175344
630102200606080992
63010220001106052X
630102199812242694
630102200001197194
630102200007112382
630102199807042866
630102200706148448
630102200211280615
63010220070201002X
630102200302037610
630102199803311598
630102200507015917
630102200508020945
630102200512126873
630102200601054664
630102200507182950
630102200506269376
630102200606145434
630102200706242303
630102200508218492
630102200006074919
630102200307061900
630102200601164898
630102200408133715
630102200308225954
630102200705025331
630102200204208543
630102199804058539
630102200511031477
630102200006177408
630102200511102562
630102200202263207
630102199805145941
630102200404302083
630102200101179428
630102200209174805
630102200612113076
630102200510175495
630102200309102702
630102200201240839
630102200506221284
630102200309110964
63010220020716876X
630102200502209333
630102200607037785
630102200605294374
630102199809046799
630102199812096535
630102200704035407
630102199711217721
630102200206286043
63010220001211354X
630102199909258916
630102199907201692
630102199801317515
630102199812061113
630102200401055080
630102200011202241
630102200307255262
63010220061004875X
630102199909291572
630102200207154325
630102200203211716
630102200505277665
630102200211278822
630102199909276735
630102199907171622
63010220061217969X
630102200409022283
630102199801151682
630102200511236157
630102200303210083
630102200503048543
630102200509142530
630102200704039512
630102200408062021
630102200411154787
63010220011018531X
630102200108212999
630102200007159404
630102200503127831
630102199909043413
63010219980106815X
630102200301057740
630102200007195851
630102199904067491
630102200508132664
63010220001104647X
63010220041112596X
630102200207280620
630102200301102388
63010220060615535X
630102200306303007
630102200304128073
630102200206213274
630102200601086527
630102200501215774
630102200305218265
630102200703271053
630102200609034529
630102200508278209
630102200707281603
630102200503059867
630102200609164243
630102200206131199
630102200211036436
630102199803174255
630102200110162804
630102199710061809
630102200303044070
630102200602075061
630102200307191772
630102199803079151
630102200707080967
630102199907264415
630102199802220424
630102200308038665
630102200706122504
630102200602139731
630102200708238615
630102200003144782
630102200001041632
63010220041122452X
630102199906039590
630102200502214730
630102199808150965
630102200306136691
630102200004232418
63010220021112345X
630102200105277498
630102200304275452
630102199802064978
630102200406222853
630102199903263925
630102199905130560
630102200611081551
630102200607106066
630102200602249463
630102199910048529
63010220040823994X
63010220020623514X
630102200612065975
630102200309167071
63010220050302033X
630102200610233138
630102200703221208
630102200704309252
630102200301067076
630102200208080305
630102200203137560
630102199812158767
630102200402195552
630102199807041679
630102200406114342
630102200112206815
630102199809280606
63010220040427115X
630102200306118653
630102200406185837
630102200211302175
630102200708110515
630102199911203041
630102200407203603
630102200205235682
630102200312280147
630102200609257378
630102199801146576
630102200301125600
630102200211168076
630102199908082605
630102200412315554
630102200009154439
630102200311174326
63010220000827712X
630102199907158719
630102200202253789
630102199712258517
630102200607010777
630102199802141646
630102200501216996
630102199910254111
630102200409259694
630102200601106604
630102199902196986
63010220040404888X
630102200611193916
630102200410200059
630102199801078411
630102200503104189
63010220011201176X
630102200011282974
630102200608203343
630102200206051690
630102200112262980
630102200510319700
630102199808265551
630102200512031495
630102200503184772
630102199711092252
630102200011071384
630102200506074616
630102200106108637
630102200109307156
630102199812020426
630102200112155819
630102200502266338
630102200601119309
630102200301274366
630102199903169293
630102200312096331
630102200507151126
630102200008196370
630102200611288042
630102200301306057
630102200301044958
630102200306129942
630102199810112060
630102200501188067
630102200312210317
630102200604020259
63010219981026198X
63010220040519466X
630102200602223853
630102200008227640
630102199806266104
63010220040704848X
63010220051031255X
630102200408189145
630102200606257145
630102200410162881
630102200308091570
630102200112267984
630102200511189565
630102200408098569
630102200103091753
630102200509146603
630102200203054503
630102199808031288
630102199802043624
630102199903110945
630102199711048227
630102200111289727
630102200411062268
630102199711110692
630102199709304367
630102200707219252
630102200111133474
630102200507047046
630102200304146335
63010220061222979X
630102200701263244
63010220010610066X
630102199806129249
630102200108227816
630102199803319733
630102200602126906
630102200309103430
630102200204276423
630102199903270084
630102199808256612
630102200605040059
630102199804048058
630102200409212351
630102200307278894
630102200506267178
630102200605260430
630102200509200681
630102199903273453
630102199807015294
630102200008081485
63010219980304301X
630102200401272309
630102200503302556
630102200112202435
630102200006196123
63010220020911372X
630102200104059819
630102200508024065
630102200104042320
630102199906279332
630102200403270382
630102200301261290
630102200011205047
630102199711015206
630102200607253752
630102200303241111
630102199905139557
630102199911125784
630102199905244592
630102200008118583
630102200209068973
630102199812273183
630102200205224107
63010219990102914X
630102200306030360
63010220011030629X
630102200101278733
63010220030425941X
630102199710127839
630102200507301518
630102200111174575
630102200604133691
630102200308300029
630102200302268443
630102200708078519
630102200002086349
630102199805021551
630102200401050474
630102200706140147
63010220021221488X
630102200410151066
630102200412295004
630102200501309594
630102199810146172
630102200506034649
630102200108042344
630102200102128286
630102200609053164
630102200001307410
630102200406019353
630102200408118750
630102200105139378
630102200302170278
630102199801170330
630102199811194803
630102200702200683
630102199807230680
630102199711242310
630102200508173562
630102199802137524
630102200301176272
630102200605021835
630102199806289541
63010219981205698X
63010220010711166X
630102199906224147
630102199810178676
630102199904024299
630102199908235245
630102200008112237
630102199807156054
630102200402020306
63010220070721024X
63010220010511164X
630102199801153039
630102199801053839
630102200506175273
630102200602255388
630102200608245551
630102200610223204
630102199912014840
630102200007077978
630102200008033870
630102200004216282
630102200505201708
630102199912041582
63010220011118364X
63010220000518493X
630102200511151049
630102200311227141
630102199910246373
630102200508047494
630102200411157240
630102200310074286
630102199908111998
63010220060127224X
630102200709244371
63010220010518649X
630102200501304590
630102200407096377
630102199805153423
630102200010199730
63010220070627660X
63010220000229560X
630102200007227059
630102200510145966
630102200703264590
630102200304306351
630102199904241349
630102200306023523
630102200103118004
630102200506154974
630102200604245386
630102200001216359
630102199712196125
630102200106282168
630102200604255066
630102200603267735
630102200705260796
630102200302186616
630102200101213649
630102200502160808
630102200307033213
630102199911098907
630102200512202741
630102200007142688
630102200507194820
630102200212281740
630102200401311857
630102200405176429
63010220031210539X
630102200106095477
630102200508242070
630102200708084142
630102200310230138
630102199909015893
630102200310050268
630102200111295991
630102200704214130
630102200511127866
630102200612039013
630102200402019567
630102200202253826
630102199911187336
63010220050205647X
630102199812061084
630102199805080439
630102199903187248
630102199805150919
630102199911054832
630102200012266095
63010219990506783X
630102200310210460
630102200312048946
630102200111022547
630102199711069028
630102200302013889
630102199710126713
630102200107041278
630102199910082815
630102200602253753
630102200112070057
630102199711223793
630102199805159374
630102200104249209
630102200407300892
630102200002187617
630102200007076174
630102200201059132
630102199808171723
630102200703043763
630102199902017765
630102200409169605
630102200407065087
630102199912022998
630102200311276576
630102199909059511
630102200407303508
630102199911111083
630102200011307828
630102200705027871
630102200008231199
630102200008314242
630102200602031827
63010220060620115X
630102199906182426
630102199906178849
630102199806126654
630102200007213992
630102200508043696
630102200112195853
63010220050125946X
630102200508044576
630102199907208691
630102200105314981
630102200409128950
630102199903184100
630102200301205037
630102200106308145
630102200603091514
630102199903128766
630102200007248001
630102200706275148
630102200503311276
630102200506098351
630102199903127667
630102200211276536
630102200504166437
630102200309131052
630102199801141361
63010220000217105X
630102200008308504
630102200302268523
630102200112035702
630102200502137704
630102200003180783
630102199809246694
630102200109055788
630102200706192895
630102200408242663
630102200203034617
630102200108054572
630102199907084561
630102200006291227
630102199901064308
630102200008118575
630102200708135886
630102200709109428
630102200104193110
630102200303263142
630102200003052669
630102200501141752
630102200509067657
630102200705271372
630102200407289363
63010220070430956X
630102199801036633
630102200507292148
63010220070724903X
630102200005049332
630102199909225364
630102200301313580
630102199912204003
630102200303281703
630102200109115533
630102200605217010
630102200403161397
630102200412079109
630102199803219564
630102199909016167
630102199711068287
630102200508121295
630102200002094672
630102199711291382
630102200607222577
630102199903041054
630102200709282052
63010219980528663X
630102200406062116
630102199712257717
630102199801265639
63010220000416497X
630102199909244127
630102200605189996
630102200006173044
630102200401163428
630102200606179394
630102200206120465
630102200206250083
630102200601072723
630102200606308651
630102200002149936
630102200104013968
630102200701290584
630102200406171355
630102200605210070
630102199801265145
630102200610143810
63010220050329682X
630102200111307972
630102200109180634
630102200305131194
630102200506300548
63010220020622757X
630102200107270580
630102200001022810
630102200001094312
630102200411253259
630102199807212693
630102200708224627
630102200509097055
630102199903269972
630102200305147102
630102200506262764
630102200311137074
630102200505131885
630102200005106085
630102200707185072
630102200404271889
630102200007186867
630102200009270210
630102200505060458
630102200204199245
630102200212112920
630102200505200203
630102200104231308
63010220060106896X
63010220060613492X
630102200509273784
630102200607140192
630102199905288448
630102200505202399
63010220030520121X
630102200412099898
630102200506023771
63010219990910233X
630102200205057441
630102200411261101
630102200510311936
630102200506093104
630102200506154763
630102200001159120
630102200312050114
630102200501288746
630102200302077831
630102200508125851
630102200408134339
630102200612314409
630102200010168846
630102199812031854
630102199805163795
630102200507284500
630102200011118517
630102200708032975
630102200206063640
630102200507126895
630102199803316583
63010219980627602X
630102200104228694
630102200101164883
630102199801185866
630102200008124190
630102200102230088
630102200602225795
630102200708161822
630102200010307404
63010219980904542X
630102200504095253
630102199912065939
63010220070308010X
63010220070729114X
630102199901016541
630102200105294175
630102200405141381
630102200701229302
630102200410258170
630102200107294582
630102200607072839
630102200609217042
630102200508227364
630102200612194988
63010219991125261X
630102199710022754
630102200105176582
630102199906057422
630102200704076436
630102200410059614
630102200509105510
630102200503208738
630102200201218551
630102200202032580
630102200408082620
630102200406071872
630102200509101114
630102200411196653
630102200206175079
63010220030417933X
630102199902107218
630102200401271728
630102199805094558
630102200504157282
630102200612078389
630102200702108617
630102200212126134
63010220040417670X
630102199911216766
63010220000125892X
630102200602092777
630102199908299484
630102199901077969
630102200501024118
630102200609017083
630102200403169495
630102200404226543
630102199711109034
630102199902105802
630102200204240295
630102200010095536
630102200706164966
630102200607303078
630102200101139223
630102199811156911
630102199903067393
63010220050421235X
630102199810016888
630102199904246959
630102200611017373
630102200303282175
630102199912276621
63010220050225728X
630102200708179707
630102200204039903
630102200207040774
630102200503184430
630102200012182756
630102200602171109
630102200406178266
63010220000620498X
630102200605088204
630102200603129818
630102199912081779
630102199710074220
630102200706075293
630102200208304460
630102200508236711
630102200012038025
630102200204219541
630102200505260951
630102200104279467
630102200605038813
630102200401232024
630102199805236325
630102200301233855
630102200106215344
630102200407050870
630102200103307649
630102199711153916
63010219980405524X
630102200507073586
630102200404019106
630102200005263937
630102200502152584
630102200708096047
630102200101011545
63010219971018469X
630102200208202544
63010220010410427X
630102199908296961
630102200101040370
630102199909082594
63010220050531258X
630102200011047106
630102200301172917
630102199903175108
630102200708104158
63010220030218926X
630102200408091324
630102200009157525
630102200007065475
630102200304060005
630102199805093870
630102200306248714
630102200308279434
63010220030529476X
630102200302022697
630102199901255171
63010220010327316X
630102200106010322
630102199807203762
63010219990225244X
630102200708202583
630102200512313310
630102200405149682
630102199812194303
630102200005303994
630102199902201829
630102200610026868
630102200106108266
630102200203182118
630102200507137826
630102200708113265
630102200504239587
630102200403048247
63010220061201780X
630102200507178468
630102200605170240
630102200206077209
630102200104095684
630102199906159963
630102200412257390
63010220030202852X
630102199910112068
630102200607101839
630102200512306970
630102199805098348
630102200611141796
630102200407217730
630102200401183584
630102199712208878
630102200104028879
630102200702091050
630102200006114546
630102200005317712
630102200507107563
630102200205275238
630102199810041709
630102200701125888
630102200007084860
630102199909180645
630102200202198185
630102200103122580
630102200405142333
630102200402071066
630102199909084151
630102200011097517
630102200509090435
630102200601246439
630102200209044357
630102200509060359
630102199810164530
630102200207160821
63010220010726608X
630102199808257236
630102200504178593
630102200403032982
630102200110137289
630102199902059834
630102200507288173
630102199910154997
630102200301220974
630102200001074354
630102200311044257
630102200103142813
630102200605105262
630102200007244318
630102200208067274
630102200701158524
630102199908135439
63010219981025638X
630102200505019084
630102200504182074
630102200211261641
630102200511095868
63010220050413171X
630102200607109849
630102200502274119
630102200311137189
63010220010601805X
630102199804101859
630102200509161256
630102200402022125
63010220061218427X
630102200504113175
630102200203160162
630102200501056347
630102200303287638
630102200105301777
630102199711238389
630102200205312422
630102200403074832
630102199902077688
630102200212129562
630102200708098624
630102200501152689
630102200207174879
630102200604278364
630102200603185289
630102200110167023
630102200105056492
63010219971026952X
630102199910118654
630102199905236330
630102200504211912
630102200110093036
630102200609227830
630102199906201156
630102200209143769
630102200310139692
630102200312083995
630102200103083323
630102199712273194
630102200204261766
630102200112180176
63010220011114582X
630102199910177478
630102200202037023
630102200010296127
630102200309080793
630102200704109111
630102200105296760
630102200312242933
630102200412134489
630102200702241645
630102200608198214
630102200008088935
630102200311274407
630102199812143477
630102200501123415
630102199812140233
630102199903098720
630102200105031666
630102200310278158
630102199902217038
63010220060823289X
630102200005045411
630102200509139139
630102200307248951
63010220010704353X
630102200312087136
63010220031029780X
630102200207171483
630102200203183874
630102200511219111
630102200707174189
630102200309134122
630102200102067188
630102200011213848
63010220030905048X
630102199711272624
630102200509253062
630102200701046274
63010220000911906X
630102200507277060
630102200202158511
630102200508308287
630102200605047082
630102200111130310
630102199909045558
630102200308057786
630102200305115725
630102200410303605
630102200409064782
630102200511253002
630102200703154957
630102200410157791
630102200104218429
630102200611030017
630102200602055634
630102200308275804
630102200606301054
630102200508142520
630102200108195607
630102199902247149
630102199806023372
630102200306056413
630102200609096084
630102199904308865
630102200111183527
630102200207112280
630102200310254201
630102199710111677
630102200207068814
630102200607231975
630102200104114048
630102200702056933
63010220040224916X
630102200112092889
630102199910252319
63010219980831312X
630102199712208317
630102200503319163
630102199905319558
630102200512079122
630102200601150015
630102200412166093
630102200210175717
630102200501270159
630102200403094630
630102200106246490
630102200305119654
630102200512203381
630102199804284165
630102199711246717
630102200003085807
630102199811081315
630102200608275822
630102200407211320
630102199811278492
630102200709122550
630102200008032851
630102200208156920
630102200704234289
630102199909071406
630102200009049233
630102199801107091
630102200406013701
630102199911226390
63010220010527668X
630102200302047691
630102200011039181
630102200107196616
630102200010207390
630102200708145304
630102199812057376
630102200301201685
630102200411227587
630102200310150867
630102200403027139
630102200108074098
630102200610015130
630102200704121911
630102200001063663
630102199901200904
630102199911308257
63010220040717024X
630102200104190905
630102200204122854
63010220000601887X
630102200501218537
630102200610100845
630102199807289658
630102200307073282
630102200105016407
630102199806012622
630102200602017363
63010219990314597X
630102200705204997
630102199805044016
630102200507181915
630102200504093178
630102199912295099
63010220040228781X
630102200501314844
63010220021224611X
630102199812150773
630102200609114684
630102199911280370
630102200705045850
630102199908085515
630102200602109807
630102200512305820
630102199912174051
63010220001005489X
630102200403185583
63010220010804290X
630102200006210722
63010220060326776X
630102200703316944
630102200004147416
630102200109011953
630102200609077393
630102199906237271
630102199804137173
630102200104091640
630102200409156345
630102199901164704
630102200105171693
630102200705115177
630102200504198332
630102199811163732
630102200512074495
630102200701094110
630102200302255714
630102200208018608
630102200702224706
630102200605184001
630102199802265606
630102200503238507
630102199907174612
63010220021118288X
630102199910063497
630102200110259235
630102199810077218
630102199902148183
630102200702214081
630102200002076095
630102199802158958
630102200208225885
630102200606042988
630102200503061588
630102200512287861
63010220041004579X
630102200610115000
63010219990420648X
630102199806022249
630102200706056818
63010220061122599X
630102200603188957
630102200403243202
63010219990705467X
630102200201022110
630102200511050432
630102200201112167
630102200102089002
630102200309227062
630102199710102594
630102199902203517
630102199809033808
630102200207284912
630102200704261121
63010220041120852X
630102200312030850
630102200012070463
630102200009304978
630102200208012230
630102200401116103
630102200705162889
630102199911306278
630102199803219388
630102200608089261
63010220040203293X
630102200707298480
630102200305037085
630102200204088043
630102200109212157
630102200708017679
630102200207299719
630102200610052185
630102200602045890
630102200109100315
630102199809266214
630102200405117576
630102200610248014
630102199912273068
630102200409192450
630102200501277422
630102200301095114
630102200610304338
630102200709029989
630102200012251678
630102200007142223
630102200005010251
630102200207022891
63010220060620000X
630102199712010407
630102199908190366
63010220030731308X
630102199902130581
63010220070814597X
630102200112259482
630102200011052781
630102199803242430
630102200509242128
630102200210190706
630102200403118532
630102200704036776
630102200012087767
630102200108283789
630102200110191189
630102200404024298
63010220050111915X
63010220040128465X
630102199908036625
63010220020801579X
630102200401185942
630102199910023815
63010220020927059X
630102200202084102
630102199810117806
630102200709258212
630102200212238953
630102200505204001
630102200603020871
630102200205241919
630102200305087971
630102199912089981
63010220010223920X
630102199910165637
63010219980219553X
630102199906128593
630102200212094101
630102200109016148
630102200707198252
630102199812099090
630102199809229958
630102200212041923
630102200611276578
630102200411184222
630102200608246677
63010220060314492X
630102200503212569
630102200202075660
630102200003027527
630102200304163370
630102199808082878
630102199804115679
630102200004157235
630102200606132668
630102200606283239
630102200010076773
630102199812280439
630102200307059288
630102200408028018
630102199906122327
63010220060711842X
630102200204169783
63010220010530226X
630102200106145980
630102200002252546
630102200207022023
630102200409267766
630102200306062928
630102200507086563
630102199711131039
630102199908082090
630102200108174582
630102199901181897
630102199712125415
630102200110212074
630102200010157493
630102200503238363
630102200403185700
630102200408224369
630102200403269074
630102200302014769
630102199810131392
630102200507068672
630102200108142433
630102200510284843
630102200612282822
630102199712036295
630102200603280796
630102200411276856
63010220031203304X
630102200501272998
630102200607117179
630102199803194598
630102200405073171
630102200201040802
63010220050827198X
630102199807268750
630102199806102804
630102199908122929
630102200512285292
630102200708070795
630102200606229961
630102200212049562
630102200002032797
630102200211087954
630102200509114898
630102199806043883
63010220020217049X
630102200104202195
630102200208270547
630102200305179577
630102200006024292
63010220040311972X
630102200709205946
630102200212261790
630102200011086463
630102199809182547
630102200005092808
63010220010126434X
630102200006135945
630102199710154845
630102200411303105
630102200510278486
630102200110293548
630102200404231828
630102200204214652
63010220001227444X
630102200706290241
630102200307287432
630102200301041802
630102199809289782
630102200107105382
630102200101281932
630102200309095338
630102200306082953
630102200506231087
630102200504082356
630102200605212375
630102200610216450
630102199902022951
630102200601090390
630102199810240142
63010220041201951X
630102200510123046
630102200209298007
630102200406305149
630102200105208214
630102200107077940
630102200412049698
630102199805061932
630102200007274744
630102200508054520
630102200009138228
630102199904159206
630102200310176645
630102199809228779
63010220040712039X
630102200501137657
630102200504141993
630102200709213962
63010220010410638X
630102200602130921
630102200506197157
630102199805316624
630102200207156160
630102200105110495
630102200005218917
630102200104188928
630102200305099104
630102200507072698
630102200512264141
630102200202228145
630102200405173367
63010220000430643X
63010220000530265X
630102200307054014
630102200210283128
630102200003111067
630102200009213435
630102200003224985
630102200005052726
630102200412097534
630102200510100805
630102200004054260
630102200104111082
630102200507177844
630102200707313898
630102200502013189
630102200411026726
630102200204233191
630102200407222708
630102199712171585
630102200706118353
630102200406148999
630102199804176578
630102199909184291
630102200103300826
630102200705062810
630102200502079823
63010220031020030X
630102200706011871
630102199808071984
63010220041221725X
630102200601079693
630102199905153973
630102199911257146
630102200508261781
630102200507176614
630102200408312991
630102200104070655
630102200604065799
630102200201015308
630102200402066451
630102200612242433
630102199901200138
630102199710186775
63010219971030150X
63010219990713440X
630102200409241240
630102200509291077
630102200606167684
630102200304121007
63010220010626850X
630102200505226198
630102200502078388
630102199807135798
630102200307281057
630102200301242030
630102200312019758
630102200610269894
630102200111173679
630102200103251040
630102200303103069
630102200601271757
630102200508285249
630102200107301762
63010220021102032X
630102200505061960
630102200101304647
630102200412278474
630102200707225054
630102199807101491
630102199901065116
63010220011204262X
630102200403121168
630102200403111605
630102199806204309
630102199712113457
630102200412074041
630102199812126028
630102200611091821
630102199712188491
63010220021224187X
630102199810107050
630102200509129694
630102200609246230
630102199710224559
630102200309238570
630102199912012829
630102200701158794
630102200312127265
630102200009054067
63010220011002564X
63010220041111710X
630102200008283693
630102199805303284
630102200310103833
63010219980922142X
630102200306023697
630102200411085259
630102200707276337
630102200204127196
630102200412272363
630102200307218760
630102200109086939
630102199903017775
630102199910098614
630102199710154271
630102200206187635
630102200007306136
630102199806308220
630102200210317252
630102199712305985
630102200007182612
630102200010095042
630102200405060039
630102200312300822
630102199904083678
630102200304011633
630102200403292768
630102199804044460
630102200207301671
630102200005128663
63010220050310092X
630102200510218651
630102200310218294
630102200206169285
630102200107130641
630102200502224170
630102200707163260
630102199901030749
63010220070806597X
630102200408281662
630102199911101360
630102200210162617
630102199904201267
63010220030914622X
630102200511190347
630102200704179726
630102200503241570
630102200104276645
630102200109060480
630102200008213206
630102200109188724
630102200309143328
630102200305094071
63010220050924385X
630102200306224907
630102200301298819
630102200310143990
630102200110075081
630102200506299321
630102200011138286
630102200111083980
630102199910089355
630102200506222703
630102200611218546
630102199801097903
630102200605239543
630102200304166328
630102200701117351
630102200303059002
630102200601198983
63010220060714365X
630102199801174817
63010220000325851X
630102200103058849
630102200501099240
63010220000716051X
630102199905053366
630102200601194157
63010220050806901X
63010220061216309X
63010220021112839X
630102200405037218
630102200505019703
630102200307305194
630102200502112793
630102200610305330
630102200701015726
630102200305074855
630102200512119219
630102200104031277
630102200408171834
630102200609303565
630102200011129187
630102200307088169
630102200206136838
630102199711255154
630102200201287805
630102200304097174
630102200504139770
630102199905010294
630102200701027778
630102200309243054
630102200002165856
630102200306114986
63010220051203440X
630102199908047439
630102200004251061
630102200302145056
630102200301206259
63010219991220912X
630102200411202662
630102199806219922
630102200012139854
630102200411255502
630102200104207017
630102200604133050
63010219971217070X
630102200408120316
630102200603055150
630102200112310620
630102199809050691
630102200310223552
630102200410284395
630102200311137306
630102200103305571
630102200304159603
630102199808142754
630102199912215976
63010219980204036X
630102200205272766
630102199912217154
630102200609242678
63010220050728026X
630102200503201835
630102200003192143
630102200112257831
630102199909254923
630102199808118666
630102200203255567
630102200701225547
630102200312140574
630102200612106490
630102200709287881
630102200409030347
630102200410063680
63010219991226599X
630102200112191393
630102200704160857
630102199907126901
630102199908040413
630102200412170869
630102200509107022
630102200602214666
630102200603288675
630102200412067853
630102200410294163
630102200510298217
630102200402035372
630102200201065030
630102200503162741
630102199802174122
630102200403121010
630102200510101410
630102200201083714
630102200211199649
630102199812021699
630102200503214097
630102199911219916
630102200505095394
630102200107077385
630102200607114437
63010219990125235X
630102199801166403
630102200006193942
63010219981228996X
630102199710063003
630102199712263711
630102200509137918
630102200412293789
630102199909264611
630102199811151432
630102200602113718
630102200708083676
630102200108092245
630102200607069234
630102200611200012
630102200004219774
630102200208117825
630102200112110856
630102200208075231
630102199909188786
630102199811118317
630102199812046917
630102200410291499
630102200704086327
630102200108097249
630102200504201116
630102200004275864
630102200409295249
630102199909062542
630102200009123034
630102200004157411
630102200403111576
630102199802099089
630102200105012983
630102200112275263
630102199808043609
630102200701015830
630102200210281261
630102200306035161
630102200503215014
630102200010049409
630102200601177840
630102199901216519
630102200105314391
63010220070808322X
630102200402119963
630102200203202879
630102199711011977
630102199803097093
630102200203245027
630102200310041820
630102200104249102
630102200104252221
630102200705280391
630102200601268494
63010219980916164X
630102200510181107
630102199908082533
630102200602197018
630102200008088417
630102199812080509
630102200703306156
630102200112075931
630102200405289829
630102199908133556
630102199907166129
630102199912122921
630102200604096966
630102200705259664
630102200603071302
630102200205114979
630102200206015171
630102200106086888
630102200210052258
63010220010606577X
630102200403158884
63010220041215667X
630102199711190979
630102200109303008
630102200708249410
630102199906100419
630102200308052651
630102200302197585
630102200405203941
630102200502161958
63010220001211370X
630102200503026934
630102200106238853
630102200204090450
630102200207078334
630102200407211945
630102200509298623
630102200611132945
63010219971102978X
630102200707087931
630102199811275208
630102200501279890
63010220010530322X
630102200605268985
630102200702101140
630102200306098007
630102200110129342
630102200407231698
630102200011213274
630102200404041063
630102199712186664
63010219990119273X
630102200303271505
630102200006287973
63010220040202354X
630102200208066175
630102200603102578
630102199907242849
630102200109124931
630102200102208809
630102200001116112
630102200004291311
630102200603129041
630102200605071437
630102199803191565
630102200405108469
630102200010061117
630102200502084702
630102200004044513
630102199711046475
630102199808079337
630102200112249786
630102200103178488
63010220041225582X
630102200612275112
63010220020612516X
630102200512149856
630102200611017066
630102199812238310
630102200708064934
630102200703297122
630102200607164071
630102200108265820
630102200010134224
630102200203194469
630102200612295308
630102200606188055
630102200104247385
630102200506175054
630102200511047225
630102199809240532
630102199901314274
630102200210193747
630102200409148839
630102200604175760
63010220001204867X
630102200605141749
630102199911248792
630102199807231552
630102200512208211
630102200108086021
630102200703217700
630102200302266317
630102200102156092
630102200511208471
630102200601128280
630102200111138849
630102200011019906
630102200210232208
630102200301154532
630102200408178278
630102200708169621
630102200407226581
630102200206061848
630102199905072081
630102200605241336
630102199909189623
630102200205109360
630102200210145411
630102199803066166
630102199807165700
630102200612250441
630102200612149589
630102200307316109
630102200510053674
630102199904106307
630102200604113236
630102200103308764
630102200310272338
630102200305215320
630102200511075541
630102200310202751
630102200701259878
63010220051128399X
630102200607260004
630102200106051597
630102200405228102
630102200509154750
630102200411145899
630102200109123939
630102200203170782
630102200108077387
630102200509137440
630102200701129096
630102200011208491
630102200007075278
630102199902026012
63010220050817889X
630102199809099217
630102200409017417
630102199803167215
630102200512289138
630102200102186785
630102200209086290
630102200511221051
630102200103222688
630102200307282690
630102200107171742
630102200204164720
630102200111097821
630102199902237848
630102200307255043
630102200310283379
630102200609138635
630102200609305536
630102200211218168
630102200512155842
630102199905105509
630102199902145193
630102200004023173
630102200507309923
630102199912066456
630102199804090133
630102200504101772
630102200303160303
630102200403272521
630102200701266701
630102200105021492
630102199902021529
630102200005105752
630102199909116037
630102200108277354
630102200104221775
63010219981004634X
63010219980323203X
630102200612127080
630102199810252442
63010220020714344X
630102200503199720
630102199810237242
630102200102090185
630102200005153527
630102200107210633
630102200411256652
630102200701011899
630102200402010298
630102200407117844
630102200108063153
630102200104122400
630102200702082293
630102200705021496
63010220070316299X
63010220030402977X
630102200105290406
630102200701312798
630102199909111068
630102199711239955
630102200110262047
630102200705246265
630102200011305777
630102199801113600
630102199712079252
630102200405156241
630102199908049143
630102200206050807
630102200410040905
630102199901012671
630102200407137722
630102200311170886
630102200707087851
630102200203252905
630102200101188156
630102200606290498
630102200608054982
630102200105154754
630102200310203615
630102200206101942
630102199805176211
630102200703035974
630102200604158311
630102199808106788
63010220061005798X
63010220030327233X
630102200311218253
630102200406117404
630102200610090819
630102200102149300
630102200112212596
630102200103170566
63010219971201984X
630102200207076216
630102199805216949
630102200308196460
630102200604187382
630102200103108068
630102200403243894
630102200411154808
630102200004221567
630102200207270895
630102200004257092
630102200501193886
630102200210209008
630102200307260766
630102200302125282
630102200507166088
630102200104184265
630102200011086359
630102200212042192
630102200305190135
630102200106115247
630102200403020834
630102200304212777
63010220050420347X
630102199910291350
63010220010704871X
630102199804254214
630102200207024926
630102200106074529
630102199801085136
630102200005299753
630102199907216392
630102199809026683
63010219990605976X
630102200410306240
630102200001226514
630102200111303787
630102200204048877
630102200703284380
630102200106112425
630102200705120603
630102199907074988
630102200512285604
630102200507293044
630102199908171181
63010220000411426X
630102200203150693
63010220050608526X
630102200603098900
630102200606119068
630102200004019393
630102200207187979
630102200106237367
630102200508211573
630102200406093561
630102200705227515
630102200709229964
630102200311214682
630102200010291502
630102200304261923
630102200707204835
630102200512025511
63010220051025795X
630102200101010155
630102200411065063
630102200211077414
630102200409232678
630102200411094841
630102199711236965
630102199901134476
630102200007050839
630102200707299264
630102200303110621
63010220060605193X
630102200508174012
630102199809049498
630102200312112477
630102200002190488
630102200709155766
630102200602094342
630102200002070371
630102199803138115
630102199907182997
630102200706092042
630102199910152553
630102200408220368
630102200611022092
630102199906078151
630102200004134367
630102200609246441
630102200506158107
630102200003302349
630102200210034615
630102200707197743
63010220030906219X
630102199904126535
630102200303055626
630102200405156989
630102199903116431
630102199805293995
630102200108206724
630102199812044161
630102199711253087
630102200602133129
630102200204110503
630102200403011751
630102200603132208
630102200406103934
63010220060126790X
63010220040207382X
630102200008159385
630102200512015962
630102200003218251
630102200502139056
63010220070310911X
630102200101222078
630102200301312668
630102200208170036
630102200301169638
630102199804115695
630102199805261811
630102200301311868
630102200603124304
630102200506060169
630102199804100995
630102199802017434
630102200012200424
630102199712151349
63010220030627420X
630102200102072075
630102200310011824
630102199907247009
630102200208069253
630102200311036679
630102199811272242
630102200704257624
630102200302123279
63010220030414564X
630102200604023150
630102200308287442
630102200612087912
630102200001058565
630102200009287311
630102200508032305
630102200410075358
630102200411063228
630102200304036646
630102199810183950
630102200405225200
63010220040219359X
630102200608184533
630102199901076296
630102200210106535
63010220050129912X
630102200007213482
630102200010079704
630102200701185565
630102200111080448
630102200203217202
630102200208254221
63010220050414481X
630102200011169533
630102200707252394
630102200112213353
630102200202230085
630102200212131195
630102200001146717
630102199805050264
630102200103211305
630102199711116226
630102199908205337
630102200112287942
630102200610243133
63010219971115517X
630102200110116146
630102200701147665
630102199901093723
630102199812166871
630102200608109680
630102200310104908
630102200009025645
63010220050411678X
630102200603309472
630102200402247383
630102200502179250
630102200410136587
63010220040714114X
630102200501126376
630102199712140236
630102200702094200
630102199802262413
630102199910158293
630102200703035907
630102200308184793
630102200005264817
630102200704150069
630102200111281151
630102200203147312
630102200112124289
630102200606144896
630102199805034125
630102200406146109
630102199908313442
630102200611167283
630102200204176553
630102200203228702
63010220070426455X
630102199801178359
630102199906259155
630102200109024754
630102199909191045
630102200305191752
630102200212303874
630102200707215673
630102199710221171
630102200611234116
630102200708136424
630102200312068154
630102200101078600
630102199909062817
630102200310280071
630102199809147995
630102199911032246
630102200709082878
630102200303247783
630102200109137038
630102200708062015
630102199804265458
630102200108219023
630102200701043524
630102200405220231
630102199806034805
630102199903080766
630102199901147883
630102200209063419
630102200102231371
630102200104120798
630102200111279801
630102200003149655
630102200302276486
630102200707037766
630102200102185440
630102200605010511
630102199912015667
63010219980912198X
630102200012014402
630102199808118367
630102199901140809
630102200609163160
630102200108160789
630102200110285783
630102200210190167
630102199908135754
630102200506232127
630102199810240994
630102200203029869
630102200312078969
630102200506277819
630102200312228904
630102200709029620
630102200403211083
630102200405211263
630102200412285658
630102200507222457
630102200410250582
630102200509258605
630102200602010882
63010220060210116X
630102200609240496
630102200401300808
630102200202239485
630102200004255150
630102200608087338
630102200709069550
630102200305056737
630102200110113228
630102200607025688
630102200603263347
630102200507042042
630102200202190810
630102199901035865
630102200612120399
630102199812234723
630102200312080049
630102200210146107
63010219981220855X
630102199712293566
630102199805266671
630102200402196715
63010220070125097X
630102200103170080
630102200609104267
630102200304149878
630102200401149191
630102200201226826
630102199901232279
630102200607239598
630102200302061418
630102200205260159
630102200708259395
630102199802115296
630102200510174281
630102200010184942
630102200311299575
630102200510155742
630102200412094835
630102200201287899
630102200002216983
630102200008195458
630102200001031346
630102199811042770
630102200109105300
630102200002272547
630102200408134558
630102200306297620
630102200003174930
630102200606219472
63010220070430198X
630102200107122887
630102200109182728
630102200404193112
630102199812213121
630102200702253718
630102200301151956
630102199910077290
630102200602283725
630102199808088110
630102200002223155
630102200404117865
630102200108109000
630102200301065142
630102200303055415
630102199903306198
630102199810185323
630102200408245055
630102200410083243
630102200704094271
630102200205195764
630102200306121596
630102200707162866
630102200010158533
630102200004057576
630102200408104500
630102200512105028
630102200103093513
630102200708210030
630102200507179989
630102199911288073
630102200307263094
630102200312176286
630102200708268144
630102199711186638
630102200507215089
630102200604109122
630102200208242028
630102200403034005
630102200008195570
630102200106044493
630102200106022788
630102200612285791
630102199805256190
630102199805095155
630102200311209584
630102200005225324
630102200009116010
630102200104095895
630102199902091674
630102200503207479
630102200002020657
630102200707028392
630102199903214621
630102199812286531
630102199907181767
630102199801081813
630102199909155773
630102200302167028
630102199803046421
630102200405202623
63010220070603183X
63010220070715927X
630102200702021706
630102199907104606
630102199805189119
630102200006164789
630102200003135536
630102200212317301
630102200704233665
630102200508150707
630102200309210076
630102200707019496
630102200506113232
630102200401275470
630102199812212874
630102200604181458
63010220060117202X
630102200002084554
630102200410138048
630102200608144742
630102200103193231
630102200112311682
630102200106269676
630102200403154680
630102199901316712
630102200308302542
630102200203201681
630102200510143020
630102200210110294
630102200411140430
630102200405225649
630102200507128583
63010220050710352X
630102200310316855
630102200612272878
630102199802060790
630102199810087627
630102200201055123
630102200603086571
630102200001307322
63010220000622872X
630102200010024770
630102200511139920
630102200408239499
630102200011062074
630102200109214937
630102200507235979
63010219990126481X
630102200201079248
630102200302044722
630102200604223347
630102199904018833
630102200611101495
630102199902081812
630102200701081045
63010220041202284X
630102200406260446
630102200509092617
630102200002270330
630102200111017182
630102200610236048
630102199904228814
630102200305235954
630102199805300323
630102200204126919
630102199905204662
630102200306122820
630102200502175727
630102200105186430
630102200212291885
630102200703187185
630102200708174957
630102200508169205
630102200408284556
630102200003123180
630102200302036378
630102200501248066
630102199906203426
630102199912123019
630102200012121152
630102200208160356
630102200702171931
630102200007314857
630102200707310937
630102200309028434
630102199810112597
630102199803265288
630102200104078630
630102200102118993
630102199908087641
630102200410311525
630102200111068123
630102199710084760
63010220060710807X
630102200004087345
630102200702134786
630102199906229378
630102199908063199
630102200403194463
630102200708217865
630102200008303551
630102200009165058
630102200410192757
630102200601094623
630102200007011311
630102199811155871
630102200301103663
630102200510138475
630102200403308117
630102200701147075
630102200309242879
630102200202031449
630102200105317891
630102200112047412
630102200511071321
630102200206239204
630102200412085795
630102200707016981
630102200701011100
630102200204087585
630102200502104312
630102199903175554
630102200309172217
630102200310103374
630102199804261262
630102200501284366
63010220061216843X
630102200404119027
630102200010041108
630102200407188781
630102200611293888
630102200409028861
630102200511125297
630102200204187340
630102200403312853
630102200103214522
630102199806116042
630102200408198623
630102200504180191
630102200310171860
630102200511242434
630102200208288528
630102200308232580
630102200304121891
630102199803025647
630102199711043514
630102200309080646
630102199712078962
630102200605027137
630102200611060486
630102200202073825
63010219971002926X
630102200003016262
630102200410307315
630102200405242748
630102200303202825
630102200009030866
630102200506301188
630102199811266029
630102200001234581
630102200609307937
630102200602183281
630102200205064780
630102200207132839
630102200610029639
630102200507029841
630102199903312547
630102200312123790
630102200502238513
630102200107161675
630102199807212503
630102200505214381
630102199909135588
630102200611267858
630102200606147341
630102200401050669
630102200101159144
630102200103096474
630102200609212137
630102200012170181
630102200705091101
630102200703295231
630102199908201539
630102200303066069
63010220020906514X
630102200001304244
630102200111135904
630102200612199535
630102200606010863
630102200201011550
630102200301293794
630102200003012421
630102199912013709
630102200506231589
630102200702163384
630102200702105627
630102200605301642
630102200603237878
630102200306120091
630102200001082725
630102200705132495
630102200701281151
630102200503143233
630102200704192963
630102200208128217
630102199812063282
630102200401224315
630102200205124552
630102199801218699
630102199808147942
630102200512178251
630102200704159952
630102199809130691
63010220040705517X
630102200203304381
630102200609223207
63010220010706164X
630102199909074324
630102200409273699
630102199810108651
630102199812285563
630102200002145046
630102200303126164
630102200310232424
630102200012261841
630102200110142387
630102200310258317
630102200402223816
630102200508228498
630102200502279809
630102199807271570
630102199911136205
630102200312083936
630102200203116743
630102200404215051
630102200412206825
630102199812186338
630102200401222301
630102200601078017
630102199806080377
630102199805235277
630102199807029717
63010220040403842X
630102200412160521
630102200201185737
630102200410103988
630102200006080032
630102200011137099
630102200512060667
630102200407278920
630102200106170107
630102199912286950
630102200001282022
630102200102188262
630102200004297596
630102199907100971
630102200110092316
630102200004163002
630102200409026292
630102200703099230
630102200406037447
630102200103259827
630102199811222659
630102200606141337
630102200006135718
630102200705260454
630102200412185884
630102200201019122
630102200512116050
630102200703242199
630102200301100868
630102199905245640
630102200709250368
630102200605293304
630102199910056131
630102200111056907
630102200307054874
630102200208166598
630102199901204323
630102199902105298
630102200007132316
630102199711069386
630102199908182075
630102200303037831
630102200311215642
630102199912252638
630102199809136129
630102200305094530
630102200010229178
630102199809258847
630102199710227530
630102200105094659
630102199908294093
630102200503092595
630102200610163766
630102200403242795
630102200106304232
630102200111212420
630102200206011218
630102200609109631
630102199901255737
630102200608035976
630102200011262447
630102200609060292
630102199901072324
63010220070304730X
630102200411158526
630102200608283865
63010220010918191X
630102200708082753
630102200610192540
63010220070729050X
63010220010617495X
630102200302123471
630102200203065288
630102199807304934
630102200606145012
630102200010262795
630102200305221202
63010219981120512X
630102200503318515
630102200508165263
630102200004190035
630102200610301161
630102200403165048
630102200404096769
630102199801012762
630102200010155527
630102199906176624
630102199807202743
63010220040113247X
630102199903178069
630102200410310557
630102200506298951
630102199804240365
630102200010179430
630102199710206465
630102200509136480
630102199711288044
630102200010016981
630102200001268191
630102200705060663
630102200408296493
630102200104136263
630102200702010556
630102199803313518
63010219971218073X
630102200512235746
630102200405048902
630102200112075958
630102199902034178
630102200504080545
630102200002208967
630102199903177971
630102200008080271
630102200608206640
630102200409131092
630102199909166229
63010219990217041X
630102200412257489
630102200605261417
630102200011043412
630102200603250909
63010219990504518X
630102200403139210
630102200504267043
630102200606248070
630102200308278466
630102200601094009
630102200210036338
630102200012309198
630102200110223988
630102200010195713
630102199801258009
630102199803156786
630102200707019189
630102199810177542
630102200702067341
630102199910141504
630102199905262731
630102200109208035
63010220060109050X
630102200002227076
63010219980305750X
630102200409063253
630102200110049609
630102199812263719
630102200101296317
630102200611219135
630102199812027118
630102200003113425
630102200502035214
630102200510317246
630102200411136044
630102200612270354
630102199807306104
630102200512249179
630102200005054801
630102200511278461
630102200602120053
630102200004243221
630102200601188670
630102200003125741
630102200102237554
630102200709117858
630102200503221975
630102200512116931
630102200107317879
630102200707018821
630102200311174721
630102199802186641
63010220041031518X
630102200610091870
63010219990402589X
630102199803099646
630102200706161968
630102200502203978
630102200308043210
630102199901187228
630102200705158214
630102199906018474
630102200102154492
63010220001006289X
630102200312082079
630102200509182313
630102200301166680
630102200312039898
630102199808137656
630102199902159181
630102200307294800
630102200201312126
630102200206148177
630102200606257823
630102200004088110
630102200209014270
630102200311264655
630102200505206277
630102199807115383
630102199910179991
630102199904116994
630102200412213793
630102200308312564
630102200407111741
630102200307154269
630102200104139341
630102199805094267
630102200004090173
630102200612212525
630102200103202708
630102200708046269
63010220000709900X
63010219990608915X
630102200112209629
630102199910105255
630102200502143557
630102200009239344
630102200104112595
63010219980128969X
630102199802188698
630102200311229315
630102200511127356
630102200011030849
630102199711043979
630102199804071397
63010220030805477X
630102200305190266
630102200408091308
630102199809290628
630102199901097580
630102200605026521
630102200709015210
630102199801303826
630102200106145630
630102200002163391
630102200406148040
630102200312207724
630102200604052277
630102200602062770
630102200601035172
630102200203301711
630102200709178060
630102200604131135
630102199903213282
630102200105312441
630102200508310213
630102200305096536
630102200306105801
630102200310085292
630102200409081937
630102200607222964
630102200511174339
630102200110062950
630102199905095849
630102200306189347
630102199905168729
630102200608139265
630102200105108846
630102200707144246
630102200312091709
630102200706062126
630102200212014781
630102200103131268
630102200304017824
630102200402285793
630102199901121376
630102200403222006
630102200108023661
630102200508304649
630102200705299156
630102200404085138
630102200612319154
630102200508022027
630102200104032966
630102200004182115
630102200307178746
630102199803150499
630102200609245473
63010219990118764X
630102200207286213
630102199907103670
63010220020803523X
630102200210110235
630102200407169003
630102199802063094
63010220000728351X
630102200201119019
630102200510202051
630102200102254610
630102200311308355
630102200609196579
630102199810219888
630102200007173599
630102199710053761
630102199904150199
630102200311079054
630102200411021095
630102199808231861
630102200204291711
630102200401056710
630102200209237730
630102200606041803
63010220021108688X
630102200605163323
630102200602133153
630102199712036551
630102200207202104
630102200608238490
630102200005109649
630102199810142972
63010220001113391X
630102199811270941
630102199908102063
630102200101153586
630102200007089151
630102200504209652
630102200302254826
630102200203289986
63010220010526251X
630102200407212489
630102199812017286
630102200105231529
630102200009011323
630102200102245060
63010219990717687X
630102200308298774
630102200603039118
630102199912280559
630102199710261587
630102200404090690
630102199912120707
630102200708099096
630102200305318020
63010220011102346X
630102200305251022
630102200704212477
630102199906123223
630102200607209794
630102200606106531
630102200306213749
630102200505045434
630102200002075332
630102200009152337
630102200609137544
630102200203086310
630102200007016198
630102200206298298
630102200408282139
630102199812239604
630102200504282411
630102200110010237
630102200705231055
630102200304181923
630102199710188834
630102200206082649
630102200303102963
630102200702010927
630102200311031165
63010220000530679X
630102200107196448
630102200301277639
630102200412036993
630102200504251738
630102200011121687
630102200009085429
630102199903215341
630102200603141585
630102200610065859
630102200603314183
630102199907170574
630102200603281684
630102200404252418
630102200001022730
63010220050422668X
630102200704198804
630102200504248299
630102199908163480
630102199812055071
630102200704064128
630102200503239593
630102200510019628
630102200705173780
63010219971201925X
630102199904187549
630102199906175699
630102200505116511
630102200701308190
630102200604182346
630102200501089747
630102200307211008
630102200311224944
630102200605166014
630102200507303871
630102200201228231
630102199902151489
630102199804080306
630102200404018752
630102200508297290
630102199711014895
630102200410281151
630102200408293612
630102200612206424
630102199903157786
630102200008212449
630102200212279835
630102200311275178
630102199802223131
630102200509237871
630102199905113381
630102200510055100
630102200506240477
630102200206287687
630102200512064342
630102199810069795
630102200401161414
630102199912043086
630102199804039258
63010220040328942X
630102200102227962
630102200601224387
630102200111073133
630102200701153256
630102200105142454
630102200508198516
630102200507026974
630102200103053597
630102200310098659
630102200301309119
630102199710195516
630102200002078824
630102200709255425
630102199902269313
630102200705319233
630102200212222943
630102200507212726
63010220011026371X
630102199803293510
630102200704179603
630102199806265291
630102199908269904
63010220001121834X
630102200403307069
630102200302014144
630102199904166828
630102200002129425
630102199810129612
630102200007012066
630102200511131988
630102200207082405
630102199807152053
630102200507242597
630102200307248281
630102200109097347
630102200303171096
630102199901172878
630102200507094758
630102200304110076
630102200503282049
630102200502023627
630102200505234550
630102199802122218
630102200310248784
63010220021205680X
630102200406090301
630102200407084499
63010219991221894X
63010220070406083X
630102199910137388
630102200201294466
630102200409282077
630102200309304806
630102199806040578
630102200107083494
630102200707114899
630102200509214426
630102200604198620
630102199809292623
630102200210116258
630102199904099434
63010220060607180X
630102200402011258
630102199911254682
63010220000104039X
630102200708215018
630102200203038538
63010219981020976X
630102200006288562
630102200208150836
630102200409272645
630102199912238545
630102200112306146
630102200207275100
630102200102015388
630102200505227932
630102200411137581
630102200011226403
630102200008301134
630102200503049343
630102199808093817
630102200512101879
630102200203307259
630102200111242451
630102200603015749
630102200307215658
630102200608069092
630102200005190790
630102200502107759
63010220051116857X
630102200004287216
630102199908143690
630102199802228071
630102200704286636
63010220011010046X
630102200107097781
630102199909086624
630102199812314387
630102199802260530
630102200504262517
630102200009296840
630102200001078355
630102200410113254
630102200304199998
630102200312125198
630102200611281828
630102200212169257
63010220001117296X
630102200308269949
630102199903131682
630102200304286864
630102199908144028
630102199801046858
630102200705200347
630102200312240700
630102200205306831
630102199812194653
63010220000817194X
630102200108191921
630102199805038150
630102199711308682
630102200406224357
630102199810242711
630102200407130002
630102200412295135
630102200612246610
630102200205260925
630102200110309095
630102200505305072
630102200502022376
63010220011220545X
630102200212205676
630102200505115041
63010219981115457X
630102199906266937
630102200502092518
630102200406042430
630102200208078133
630102200202054245
630102199909115878
630102200503154362
630102200107117412
630102199908126444
63010220001230491X
630102200212020612
630102200409220677
630102200108127639
630102200112132473
630102200405287102
630102200010305003
630102199805066629
630102200005014711
630102200010023890
630102200307037847
630102200609219056
630102200501120898
630102200607167598
63010220000610273X
630102200101307514
630102200207279443
63010219980721068X
630102200311122737
630102200210195347
630102200707044827
63010219990617950X
630102200302213522
630102200407068675
630102200610074982
630102199806055665
630102200703172370
630102200401266320
630102200210277190
630102199804069852
63010219980708138X
630102200009113514
630102199801227202
630102200409020966
630102200302175343
630102200112131374
630102200611198979
630102199903182287
630102199907079738
630102200012028193
630102200508135144
630102200604277353
630102200103152800
630102200307248265
630102199805112242
63010220020223027X
630102200105310622
630102200704018826
630102199712193098
63010220050401170X
630102199909211202
630102200605307016
630102199902158429
630102200601160061
63010220030316227X
630102200401090409
630102199905220005
630102200005110068
630102200503280350
630102200103053626
630102199803132944
63010220060824345X
630102200708243975
630102200403246286
630102200701230311
63010220020226703X
630102200004196082
630102200111117247
630102200107235734
630102199812150917
630102200302264215
63010219991116517X
630102199902047956
630102200307096994
630102200110163313
630102200003185971
630102200303141380
630102200005203635
630102199806216633
630102200506059862
630102200503166283
630102199806174023
630102200103202564
630102200203070183
630102200308272339
630102200609172542
630102200404020318
630102199902087456
630102199812044073
630102200606063834
630102199809296843
630102200606172424
630102200502084307
630102200403034531
63010220050820316X
630102200207208418
630102200709021557
630102200302101774
630102199710143396
630102199804077318
630102200606121395
630102200204081263
630102200007067032
630102199809114341
630102200603181800
630102200108035355
630102200202081964
63010220030522901X
63010219990210616X
630102200207270553
630102199907263682
630102200506066392
630102200706107873
630102200111065803
630102200308258852
630102200201224652
630102200210059214
630102200705228542
630102200402104323
630102200709051625
630102200209292713
630102199802125590
630102200411141927
630102200205215075
630102200004097615
630102200109165848
630102200104181582
630102200409163537
630102199804147881
630102199909234906
630102200103211559
630102200103313870
630102200208221892
630102200006099948
630102200503035726
630102199808075512
630102200408218487
630102200510163240
630102200108283738
630102200603276105
630102199912042307
63010220020625325X
630102200003145777
630102200611166643
630102199801319094
630102200411098981
630102200602183716
630102200005138036
630102200111296767
630102199812221869
630102199808316945
630102200405277094
630102199911027084
630102200301248520
63010220070205855X
630102200310162796
630102200704117453
630102200606153389
630102200003015454
630102200502240007
63010220050308822X
630102200707048094
63010219990405018X
630102199908172547
63010219980619434X
630102200612199703
630102200212192633
630102200611208516
630102200306085388
630102200108263235
630102200311163774
630102200005142430
630102200002188679
630102199809094969
630102200207196971
630102200601206517
630102200104237339
630102199810203886
630102200209240761
630102200206306278
630102200608029074
630102200606069072
630102200103304050
630102200301146831
630102199903092003
630102199910226284
630102200403256003
630102199908074015
63010220021225825X
630102200407216439
630102200412120116
630102200304307290
630102200306209213
630102200011210882
630102199804027214
630102200302117135
630102200706016744
630102200512077119
630102200411058963
630102199904085454
630102200707258497
630102200508092500
630102200102087883
630102200501210308
630102200107120881
630102200402165142
630102199811249368
630102199801252758
630102200503260827
630102200002252781
630102199801273655
630102199811215395
630102200303111042
63010220011221230X
630102200310180310
630102200501056558
630102199904015093
630102199904190641
630102199804056402
630102200001062679
630102200511012591
630102199912073787
630102199911021491
630102200602010620
630102200510031440
630102200405068452
630102200410159009
630102200308090738
630102200604226134
630102200204041691
63010220040513910X
630102200407023602
630102200103158225
630102199804050182
630102200506222690
630102200406019134
63010220040319085X
630102200305135865
630102200207300230
630102199805225191
630102200205031137
630102199805020938
630102200311298839
630102200104136861
630102199801098316
63010220020826098X
630102200306135744
630102200304062254
630102200606199109
630102200005195970
630102200312147039
630102200611232452
630102200206139203
630102200208075936
630102200301153337
630102200504236597
630102200306073221
630102200308107931
630102200201164514
630102200107097650
630102200110058388
630102200312127310
630102200404155706
630102200007016067
630102200306201975
630102199810040423
630102200604283382
630102200503072674
630102200603153375
630102200205240510
630102200112153776
63010220060703906X
630102200206081515
630102200708211279
630102200008171149
630102200702212393
630102200506233760
630102200604191082
630102200107055071
630102199811146924
630102200309281659
630102199906212365
63010220030817793X
630102200009231289
630102199811019327
630102200501178467
630102199906139540
630102200410260668
630102200111246006
630102200101281609
630102200610296980
630102199803039758
630102199907287780
630102200704090406
630102200208204048
630102200402250494
630102199809106042
630102200207233605
63010220010908620X
630102199905134481
630102200609222124
630102200702197998
630102200505302242
630102200311059280
630102200312122739
630102200207161939
630102200604308949
630102200203125551
630102200204069563
630102200008292805
630102199910302064
630102200609255962
630102200005133817
630102200605198999
630102200605251198
63010219981101135X
630102200103147307
630102200401046440
630102200505079693
630102200511160615
630102200701117052
630102200308223836
630102200701218320
630102200208190037
630102200609242133
630102200003119472
630102199808153082
630102200705054802
630102200105308979
630102200703126323
63010220020205857X
630102200701249477
630102200401022780
630102200510099242
630102200707236300
630102200502209878
630102200703015244
630102200602058974
630102200308114541
63010220021015799X
630102200704237295
630102200409280821
630102200003059254
630102199910291289
630102200007251913
630102199904208565
630102200502126028
630102199901176721
630102199805042707
630102200504193478
630102199805167200
630102199812278718
630102200408135155
630102199903287812
630102200510309123
630102199710099938
630102200708065371
63010220010705700X
630102200203111360
63010219981021282X
630102200109173573
630102199909280363
630102200401246936
630102200506248102
630102199811284200
630102200310300925
630102200208299008
630102200406289361
630102200203258346
630102200008278552
630102199906043987
630102200108161589
630102199801216060
630102200009246958
630102200506021741
630102200607031404
630102200302176661
630102199912144194
630102199806116915
630102200105013804
630102199906287682
630102200310098632
630102199903119616
630102200211048808
630102200506171045
630102200306263834
630102199802134868
630102200107021752
630102200404168849
630102200010211963
630102200209093458
630102200111156043
630102200201311094
630102200410031662
630102200106175688
630102200404111455
630102199811053015
630102200603200987
630102200509216050
630102199912053196
630102200301107496
630102200101222086
630102200704247194
630102199908104747
630102200106034113
630102200002196847
630102200209174047
63010220040809180X
630102200301289066
630102200208141788
630102200102263306
630102200501261818
630102200511080375
630102199804112419
630102200003133135
630102200404099329
630102199811081497
630102199811217024
630102200510283568
63010219990817274X
630102200504195342
630102200108041974
630102200504273101
630102200206263466
630102200207189106
630102200703202787
630102200309172436
630102200705136015
630102199907211815
630102199910283721
630102200609076016
630102200005178660
630102199902161791
630102200511097644
630102200603267962
630102200110311128
630102199807077786
630102200508275251
63010220051023773X
630102200104113854
63010220020327379X
630102200604302053
630102200405170182
630102199906298859
630102200305149810
630102200612294129
63010220000227776X
630102199801113934
630102200706038361
630102199912298230
630102199909178211
630102200409298386
630102200709097068
630102200304183697
63010220070721868X
630102200103017553
630102200206244900
630102200303220505
630102200303202032
630102200311208936
630102200104053003
630102200310194085
630102200008039746
630102199801045126
63010220011228627X
630102200504242276
630102200407204163
630102200709286440
630102200204242565
630102200205223833
630102200001063823
630102200007308158
630102200005268519
630102200310098114
63010219980425904X
630102199910147631
630102200604169061
63010220070227544X
630102200001113624
630102199801300895
630102200002048318
63010219991118141X
630102200307152722
630102200109244896
63010220000416227X
630102200404300993
630102200104276004
630102199808207044
630102200408080473
630102200208049690
63010219980723207X
630102199901258321
630102199711149642
630102200704154537
630102200402040294
630102200405310181
630102200503238312
630102199903313400
63010220000528309X
630102200101076488
630102200706110730
630102199911164791
630102200704168330
630102200306179763
630102200308132280
630102200512191819
630102200609080920
630102200206252484
63010220000306669X
630102200206129187
630102200606218381
630102200401283876
630102200301253936
630102200607302892
630102200408110433
630102200010206865
630102199811078474
63010220000916926X
630102199904180531
630102200109189663
630102200203227822
630102200504078090
630102200601079722
630102199906133894
630102200112044705
630102200701098031
630102200410020461
630102200601214824
630102200202015537
630102200007115305
630102199911133872
630102200701070688
630102200411297227
630102200412141718
630102199905167419
630102200106268091
630102200602267733
630102199810294175
630102200006087058
630102199907186779
630102200602088233
630102200607112706
630102199902090110
630102200506033291
630102200107180358
630102200707108261
630102200205219391
630102200511069037
630102199802259847
630102200005286952
63010219980606510X
630102200702190681
630102200412276823
630102200108031661
630102200607261349
630102199812139726
630102199807023083
630102200511172499
630102200209264018
630102200701214207
630102200504250559
630102199908157814
63010220011018275X
630102199803064873
630102200011286203
630102200402296767
630102200510234088
63010220020524460X
630102199806238314
630102200508167904
630102200107229828
630102200209255808
630102200309143467
630102199909274473
63010220051111255X
630102200508318485
630102200407191227
630102200202258416
63010220020601673X
630102200212316798
630102200003267125
630102200503276159
630102200111123428
630102200011187205
630102200106232857
630102200508243495
630102200203274944
630102200303280225
630102200703070147
630102200412308848
630102200704128750
630102199809233447
630102200002268759
630102200212304527
630102200609016531
630102200309137139
63010220000804633X
630102200104014469
630102200511296475
630102200409122487
630102199811179208
630102200307060350
630102199711235962
630102199811013638
630102199804254919
630102200310113062
630102200106068954
630102200706059015
630102200708173401
630102200405010883
630102200704286783
630102199810190595
630102200007299378
630102200411215340
630102200412227319
630102200701144640
630102200402194154
630102199911127085
630102199810246229
630102200708184944
63010220070619468X
63010220040719433X
630102200012020968
630102200011242403
630102200506302164
630102200707041706
63010219991017914X
630102199811096146
630102200007102416
630102200001121309
630102200301224625
630102200504239093
63010220000401869X
630102200503032859
630102200008161872
63010220040825826X
630102200006086565
630102200105148389
630102200009282609
630102200509283712
630102200207029153
630102199812279913
630102199904072266
630102199909118614
630102199912155758
630102200007045431
630102199901218231
630102199912019238
630102200203203249
630102199806230646
630102199811095645
63010220010120083X
630102200002216764
630102200012176057
630102200407284474
630102200605317513
630102199910030644
630102200707182509
630102200212211857
63010219990503806X
630102200310168127
630102200610224194
630102200612285388
630102200304191558
630102199711195980
630102200708307895
630102199912301794
630102199805015848
630102200511120437
630102200606140422
630102200208178257
63010220060119750X
630102200508159584
63010220001222221X
630102199907024761
63010220011017176X
630102200604264608
630102199905117235
630102200304175136
630102200002011718
630102199710193668
63010220070822220X
630102200510107337
630102199908043315
630102200410287959
630102200211200259
630102200302198641
630102200106056013
630102200101106309
630102199802022962
630102200412283011
630102199809123096
63010220020129399X
63010220070702165X
63010219990425457X
630102199812174863
630102200511131427
630102200403067528
630102200302021483
630102200001210168
630102200703094616
630102200001315146
630102200403068889
630102200502281829
630102200602147889
630102200009302091
630102200305071881
630102200311185789
63010220050721385X
630102200407198066
63010220050306093X
630102200205286922
630102200407051064
630102199809042253
630102199910084247
630102199901185716
630102200402117730
63010220070110629X
630102200103080245
630102200210259961
630102200403293146
630102199909131878
630102200202245324
630102199902228239
630102199901125027
630102200310300853
630102200004105013
630102199808100669
630102200212140315
630102200003228177
63010219991109632X
63010220040724654X
630102199712220738
630102199902124253
630102200001169150
630102200208199189
630102199908304837
630102200510093000
630102200202113639
63010220050618409X
630102199902061037
630102200112176353
630102200003246439
630102200303129891
630102200703152679
630102199712312819
630102199911100050
63010220030409589X
630102199811018877
630102200209165466
630102200603311572
630102200604157490
630102200703095838
630102200510010500
630102199710231265
630102199907030686
630102200003158375
630102200005311521
63010219981219109X
630102200311057066
630102200503125983
630102200304210130
630102200610212126
630102200310124167
630102199911218008
630102200002214486
630102200602045997
630102200501289423
630102200007070960
630102200211157430
630102199904176428
630102200107191524
630102200310259512
630102200408245653
63010220031124200X
630102200107078775
630102199804053367
630102200607020844
63010220011002492X
630102200103212762
630102200112166032
630102200305134723
630102200310020878
630102200201227896
630102200610231239
630102200304142246
630102200006185731
630102200110221958
630102200108305730
630102199807292849
630102200203254767
630102200301287677
630102199811142237
630102200304192980
630102200004020730
63010220000819050X
630102199712217037
630102200106130121
63010219980930388X
630102199808078529
630102200404013548
630102200606248556
630102200706103936
630102200208150043
630102200208084496
630102199911219975
630102200603267540
630102200704083484
630102200402218347
630102200604046555
63010220000829400X
63010220040710447X
630102200607129065
630102200109257398
630102199804116057
630102200405194563
630102200403209071
630102200704139636
630102200702134073
630102200307078630
630102200006061026
630102199804036567
630102200307080220
630102200404072660
630102200601210495
630102200503299748
63010220001013606X
630102200304081252
630102200010035103
630102200010318170
630102200405114121
630102200204142038
630102200204282110
630102200508227217
630102200005010462
630102200701141837
630102199909049276
630102199911132095
630102200611196981
630102199809032709
630102199906243540
63010219991103871X
630102200105093293
630102199905075995
630102199712233125
63010220040406680X
630102200503265919
630102200101316082
630102200509258584
630102200405098942
630102200407088238
630102199810183934
630102200303198969
630102200702144503
630102200401182346
630102200402085011
63010220020911620X
630102200706186209
630102200509233264
630102200508235444
630102200011241507
630102199801049274
630102200408012403
630102200103017182
630102200207313111
630102199801018443
630102200605203815
630102200306284600
630102200401240825
630102200107010893
630102200410085353
630102200307243253
630102200101143206
630102200611264382
630102200612215160
630102200603189087
630102200307060721
630102200308182843
630102199901210854
630102200201168283
630102200610123019
630102199905235717
630102199901116198
630102200705116954
630102200208215767
630102200102207259
630102200011035076
630102200105224222
630102200410087914
630102199804166193
630102200106279743
630102200504265718
630102200008231850
630102200602013506
630102200006254071
630102200311291346
630102200708146788
630102200512128924
630102200205255309
630102199903255191
630102200709140062
63010220060716491X
630102199802165795
63010220040517401X
630102200108045094
630102200511138514
630102200408302371
630102200507104805
630102200307141361
630102200208160890
630102200108083904
630102199711235196
630102199907216763
630102200308140504
630102200601222023
63010220001105180X
630102200510177423
630102199904087492
630102200504181725
63010219991106124X
630102200209249299
630102199812141834
630102200004237761
630102199907126063
630102199712156887
630102200108106694
630102199712104964
630102200411196215
630102200411152351
630102200111124471
630102199904167361
630102200410297532
630102200505047173
630102200610255409
630102200704161577
63010220001018319X
630102200305076375
630102200401242433
630102199809087603
63010219981202016X
630102199712114783
630102200405150165
630102200401235620
630102200601129339
630102199901130117
630102200302063878
630102199901304578
630102199808118551
630102200107278195
63010220010902544X
630102200009102540
630102200211197598
630102200608090588
630102199710153092
630102199806303171
630102200108203515
630102200305197839
630102199808184890
630102200508307778
630102200706221932
63010220021107538X
630102200411253013
63010220001001736X
630102200302279484
630102199710213374
630102200106237375
630102199905055548
630102200206144926
630102199804267664
630102200404046833
630102199801022581
630102200410282437
630102200111300658
630102200204183307
630102200702220449
630102199904084574
63010220060222301X
630102199912150631
630102199808238860
630102200410226291
630102200409142250
630102200410295756
630102200007200489
630102200606153450
630102200112091691
63010220060310643X
630102200606194375
630102200210015473
630102200412309453
630102200010163455
630102200303261956
630102200605245185
630102200201188233
630102200507260613
630102200403034611
630102200106299314
630102200309073614
630102200004282095
630102200105197420
630102199907010618
630102199912019334
630102200011036028
630102200203303741
630102200202177587
630102200310102486
630102200503072420
630102200706209925
63010220031031581X
630102200411073872
630102200403315560
63010220011222671X
630102199712174348
630102200408127067
630102200109232123
630102200601276259
630102199910116958
630102200408266729
630102200706047575
63010219971003478X
630102200704267929
630102199911252601
630102200008300932
630102200101211846
630102200312131416
630102200610084267
630102200403230153
630102199803286118
63010220070815792X
630102200105212328
630102200501139492
630102199811027431
630102200110083153
630102200209099462
630102200610090413
630102199805220964
630102199811178942
63010220060516203X
630102200605215103
630102200507110607
630102200207157606
630102199807233785
630102200412097788
630102199809277909
63010220060915693X
630102200404133873
63010220050421999X
630102200203140751
630102200203241982
630102200009013791
630102200402075382
630102200610198301
630102200307279141
630102199908293752
630102200105185876
630102200208084365
630102200212017923
630102200207112918
630102199907205415
630102200008212334
630102200306120024
630102200408251770
630102200508066302
630102200701222442
630102200006122028
630102199909194334
630102200505128352
630102200108063495
630102199807220415
630102199906221683
630102199909243052
63010220010212885X
630102200503212331
630102200312166299
630102200512302160
630102200407240519
630102200212193265
630102200702051032
630102200004204126
630102200204148202
630102200106246167
630102200302264709
630102200601189016
630102200212214230
630102200602226472
630102199912275362
630102200503246160
630102200110154564
630102199908299441
630102200206199599
630102200205310996
630102200309015967
630102200307095094
63010220050702221X
630102200702133011
630102199809131125
630102200609013568
630102200405301859
63010220020204029X
630102200602071167
630102200401256894
630102199801129987
630102200012023771
630102200310100130
630102200609113147
630102200311100319
630102199908019884
630102200402205183
630102200612125659
630102200111096829
630102199809154079
630102200105130525
630102199910213950
63010220030125113X
630102200208110201
630102200310197155
630102200608319274
630102199806230910
630102200411040165
630102200501049649
630102200408157864
630102200706294410
630102200010102943
630102200611189722
630102200610236873
63010220011129223X
630102200409306163
63010219990615410X
630102200010062312
630102200202179734
63010220031218557X
630102199804031598
630102200002095974
630102200707038718
630102199908111816
630102200205068458
630102200007015160
630102200703020860
630102199803088197
630102199803275558
630102199912139758
630102200011036263
63010220020812497X
630102200209120567
630102200112163800
630102200306070186
630102200301117029
63010219980809940X
630102200402091649
63010219980208029X
63010220010216544X
630102200601036802
63010220000707884X
63010220010426306X
630102200704057753
630102200002053459
630102200312119484
630102200004253200
630102200407208789
630102199802124272
630102200002144756
630102200510259453
630102200404047799
630102200507293183
630102199908218971
630102200608179152
630102199906304681
630102200101257940
630102200606238497
630102200508085933
630102199711160243
630102200001053801
630102200001224017
630102200407021113
630102200203203265
630102199901166654
630102199812017307
630102199710247152
630102200004166916
630102200208024899
63010220060426806X
630102199912132409
630102199805296504
630102200212232092
630102200111177581
630102200009077066
630102199809025920
630102199809090730
630102199801027921
630102200510247153
630102200701123305
630102200507115694
630102200601226307
630102199804227814
630102200601077268
630102199712184538
630102200109290462
630102200109185478
630102200509038725
63010220070918839X
630102199812240023
630102200205227842
630102200604183138
630102200202271565
630102200404025821
630102199805152906
630102200703271934
630102200401046598
630102200409302808
630102200409237882
630102200109128449
63010220041208571X
630102200103207525
630102200407072316
630102199911237735
630102200303094887
630102200405285916
630102200412263563
630102199905217690
630102199804168658
630102200303087994
630102199808291645
630102200508172148
630102200407304543
630102200502125543
630102200301246429
630102200405214501
630102200208106421
630102200307109206
630102200303172240
630102200607217698
630102200203030368
630102200409187758
630102199901015282
630102200009187468
630102200001169214
630102200401186822
630102200209092850
630102200301240262
630102200208091936
630102200111186365
630102200503309811
630102199807294414
630102200203134773
630102200708241187
630102200402293830
63010220040418358X
630102200506262668
630102200309208099
63010219990226140X
630102200505272290
630102200001067023
630102200608243513
630102200110208972
630102200307108510
630102199910064713
630102199909264953
63010220050615005X
630102200503266292
630102199906141042
630102199809194070
630102200008223025
630102200606016675
630102199803258272
630102199812238177
630102200110135072
630102200003113740
630102200301202389
630102200511306530
630102200207020669
630102200001045991
63010219980419272X
63010220020904527X
630102199803041751
630102200009086675
63010219971117782X
630102200107109412
630102199809068218
630102200411067501
630102200401277951
630102200209131215
630102200509107575
630102200306083710
630102200012263134
630102200407140438
630102200501023641
630102200704066086
630102200011112756
630102200301045811
63010220030123214X
630102200210074641
630102200404167985
630102200405155783
630102199908225143
630102200210062894
630102200510068104
630102199903126525
630102199809229421
630102200507036734
630102200501296754
630102200209260463
630102199711015855
630102200704144283
630102199911112721
630102200312206916
630102200504076730
630102200302228222
630102200004273746
630102200610050892
630102200207176612
630102200404088398
63010220040612425X
63010220020822804X
630102200009093672
630102200609206458
630102200304196041
630102200201047553
630102200208232030
630102200012029575
630102200506236566
630102199710106341
630102200605191252
630102200008202793
63010220010514509X
630102200103068553
630102200406303442
630102199712251833
630102200204232009
630102200704117867
630102199809266425
63010220020302403X
630102200409184899
630102199909170180
630102200104134049
630102200306119576
630102199908249612
630102200410017270
630102200107229633
630102200212092413
630102200504211058
630102200610313250
630102200505315908
63010220031115208X
630102200304189124
630102200209271883
630102199812086927
630102200111291907
63010220070211753X
63010220070402795X
630102199812163785
630102200510049878
630102200205151390
630102200609116815
630102200409102371
630102200104034371
630102200709250632
630102199901274866
630102200103020699
630102200610194909
63010220010429873X
630102200504146583
630102200101226271
630102200304041429
630102200009044176
630102200704286230
630102199803063539
630102200207142738
630102200308244928
630102200501292905
630102200303283688
630102200405311184
630102200010086381
630102200204205748
630102200202254319
630102200611233287
630102200706248553
630102200401179091
630102200411134065
630102200003129160
630102200308164565
630102200604090994
630102199806129820
630102199711227110
630102200403258498
630102200508101825
630102199805022079
630102200512177961
630102200611060048
630102200205292652
630102200704059003
630102200305310950
630102199810208310
630102200401144614
630102199903207341
630102200212290444
630102200503174486
630102200311252080
630102200007298527
630102200612045368
630102200512295239
630102200512301192
630102200503116454
630102200011301880
630102200501043036
630102199805186823
63010220020522633X
630102200305319867
630102199903109178
630102199711164527
630102200206056619
630102200410228350
630102199711293134
630102200004080469
630102200306309134
630102199907039445
630102200009100289
630102200003264231
630102200506228435
630102200003286190
630102200011027797
630102199807227668
630102199802110460
630102200001220964
630102200304159064
630102200001291797
630102200312262459
630102199908014506
630102200610179362
630102199711145676
630102200204052219
630102200010306276
630102200012301743
630102200604256624
630102200012214797
630102200102186611
630102200704145462
630102200205146495
630102200006043071
630102200102026888
630102200002169996
630102199712178824
630102200110057203
630102199711060330
630102200209208569
630102200605120788
630102200706132323
630102200602151204
630102200003234489
630102200201288218
630102199808043457
630102200708160723
630102200502283103
630102199905098310
630102200209075911
630102199901098372
630102200605232536
630102200512216967
630102200410216480
63010219980309612X
630102200107308104
63010219991209203X
630102200411068651
630102199911024932
63010220020505753X
630102200205067076
630102199801174403
630102200303074915
630102199905314394
630102200505169138
63010220000317712X
63010220070614085X
630102200012188605
630102199805182494
63010220060208294X
630102200101061171
630102199807237866
630102200302075414
630102199904219336
630102200510124727
630102200408154620
630102200302228898
630102200108248019
63010220060702938X
630102200106252815
630102200602262190
630102200201016482
630102199711228404
630102200209296263
630102200509063218
630102200506041275
630102200411194535
630102200110072438
630102200404054649
630102200604266515
630102200004096356
630102200301034557
630102200406262695
630102200612099235
630102200605309337
630102199907014715
630102200302033281
630102200303226288
63010220070926329X
630102200502134407
630102200501175581
63010219991216366X
630102200008171536
630102199912253454
630102200202071539
630102200603202026
630102200405231096
630102199803244807
63010220000830567X
630102200411116115
63010220050912050X
630102200607239942
630102200511102079
630102200002242954
630102200406240752
630102199805211953
630102199711135267
630102200407047057
630102200201027042
630102200312026341
630102200310082411
630102200402166460
630102200610284453
630102200101172883
630102200504118793
630102200507084007
630102199803239936
630102200305188190
630102199901142986
630102199801143543
630102200612164391
630102200104219237
630102200503054943
630102200708094607
630102199710127361
630102200702196805
630102200605145598
630102200004134623
630102200009133099
630102200212311719
630102200401255306
630102199804230044
630102200203266557
63010219980908092X
63010220020405541X
630102200201098254
630102200404207430
630102200004130833
630102200112193778
63010220060614647X
630102200002183974
630102200108029780
630102200502252008
630102200304276252
630102200310189235
63010220000910962X
630102200212308333
630102200105172338
630102200306078006
630102200702276880
630102200003040254
630102200102067962
630102200304015909
63010220050426888X
630102200301269858
630102200303074114
630102200611285239
63010220030809777X
630102200411212502
630102200505131607
630102200009268655
630102199809169481
630102200207235360
630102199710281545
630102200601051316
630102200003192389
63010220070723919X
630102200512010950
63010220050418909X
630102200701062477
630102200709110517
630102200106148700
630102200304304743
630102199908019526
630102200603187591
630102200310135341
630102200305201949
630102199801241450
630102200509169864
630102200611291188
630102199803210615
630102200610191441
630102200304177502
630102200707039075
630102200512236175
63010219981031982X
630102199808144303
630102200408238429
630102199801134743
630102200704106500
630102200412117312
630102200603013700
630102200307245291
630102200603180891
63010220051020898X
630102200501046173
630102200506070922
63010219990821062X
630102200010197428
630102200303042673
630102200604178216
630102200607021994
630102200310305398
63010220020328611X
630102200401038221
630102200007306312
630102200012151626
630102200109081492
630102200104269445
630102200406017139
630102200003088397
630102200708065654
630102199908314736
630102200611176948
630102200304306124
630102200401124429
630102200312316357
630102200106102999
630102200307013802
630102200212195754
63010220060109990X
630102200003228695
630102199807261970
630102200012117866
630102200107131150
630102200411229830
630102200209145190
63010220060405554X
630102200503030394
630102199812230407
630102200411263772
630102199811083345
630102200002028632
630102200407192713
630102200405154203
630102200103066371
630102200010097443
630102200103192589
630102200307290623
630102200011049101
63010220020620727X
630102200204157483
630102200603227178
630102200506167409
630102200706142708
630102199904140142
630102200612288554
630102200201030604
630102200508111097
630102200309024177
630102200409015817
630102199809240938
630102200003076177
630102199804206431
630102199906150395
630102200408316087
630102200006024890
630102200702120472
630102200201094288
63010220060726235X
630102199808021493
630102199805236448
630102200302219449
630102200303214180
630102200201110356
630102200503075234
630102200309123941
630102200306078890
630102200308315511
63010220060523796X
630102199801263991
63010220060105017X
630102200208247443
63010220031007725X
630102200311292859
63010219981120416X
630102200205235244
630102200408178198
63010220010711190X
630102200203142036
630102200211291963
630102199809157915
630102200510053623
63010219990819392X
630102200705190812
630102200303090712
63010220050215511X
630102200108164376
630102199903148003
630102200708230832
630102200706155242
630102200301012673
630102199910305396
63010220040201992X
630102199812317465
63010220070627679X
630102200603081519
630102200101072727
630102200110129924
630102199909109128
630102200311068830
630102200506087177
63010220000521772X
630102200101066861
630102200706242020
630102200210117859
630102200302140925
630102200601272653
630102200212139496
630102200512113386
630102200201045806
63010220000814014X
630102199902167413
630102200609186151
63010219990901003X
630102200111269187
630102199806173063
630102200103093601
630102200612209801
630102200509164510
63010219991005753X
630102200702221863
630102200410173732
630102200412259409
630102200007211698
630102200205097945
63010219980619805X
630102200109277196
630102200106224099
630102200001168043
630102200107289994
630102199710093317
630102200105151297
630102200204027187
630102200008308395
630102200403074787
630102199903126461
630102200705045375
630102200002269428
630102200704203853
630102200605288070
63010220070428397X
630102199807310613
630102200311076769
630102199911279003
630102200512314671
630102200707280846
630102199904257172
630102200011232192
630102200506061217
630102199904014920
630102200703269412
630102200204244157
630102199911103913
630102199711050546
630102199911066980
630102200409030232
63010219990401498X
630102199903074104
630102200703312409
630102199803231985
630102200006070512
630102199801231922
63010220050307352X
630102199807061899
630102199908277955
630102199809073041
630102200504165805
630102199801047818
630102199910017036
630102200506066405
630102200105265665
630102199901239120
630102200202203183
630102200408183931
630102200607014882
630102200704066895
630102200702189517
630102200601046250
630102199710119353
630102200608307273
630102200202068786
630102200004202796
630102200105167977
63010220000229819X
630102200708235844
63010220070207711X
630102200111155681
630102200106044231
630102200605106257
630102200302076716
630102200307151244
630102200703138869
630102199812098223
630102199811280015
630102200204072842
63010220010224499X
630102200511022415
630102199712028228
630102200612210036
630102200104275255
630102200212187682
630102200011252337
630102200311093024
630102200101202800
630102200007048210
630102200109284185
630102200310257402
63010219990302318X
630102200112313426
630102200103022299
630102200401011328
630102200203283496
630102200107312357
630102200207221268
630102199811059185
630102200501061373
630102200408097339
630102200503155760
630102200107260892
630102199711094645
630102200212104576
630102199808071917
630102200703305030
630102200008184468
630102200708294860
630102200012291776
630102200611194759
630102200007122222
630102200205300966
63010220070325726X
630102200708137128
630102200608298805
630102200507162546
630102200702061572
630102200501041591
630102200108198605
630102199910274497
630102200208174301
630102200511169687
630102200707134590
630102200305187374
630102200103270567
630102200707159712
630102199710057017
630102199710290759
630102199903248290
630102200011187889
630102200110020611
630102200110140242
630102200408210442
630102200309221058
630102200102017105
630102200702196784
630102199912030883
630102200211094767
630102200601212650
630102200504289402
630102199905302086
630102199807102814
630102200107043986
630102199809126019
630102200405033743
630102200703109064
630102200206290472
630102200706042926
630102200301253629
63010220031024541X
630102200511063575
630102200009077947
630102200401042378
630102200210010277
63010220040119585X
630102200412200132
630102200203016814
630102200703252995
630102200509163243
630102200307251931
630102200111099122
630102200409220271
630102200501017321
630102200011112123
630102200207259100
630102199805090434
630102200509272052
630102199807026989
630102200107279374
630102199906263947
630102200304251784
630102200005155100
630102199907300340
630102199903203463
630102200204280852
630102200605172780
630102200009282553
630102199810045478
630102200311114913
630102200604022780
630102200312035758
63010220040202207X
63010220011210566X
630102200205111794
630102199901077555
630102200604011774
630102199805315066
630102200506148283
630102199906268836
63010220010326268X
630102200302113169
63010220050510000X
630102200103095527
630102199810135422
630102199812089271
630102200010026725
630102200009112917
630102199809110367
63010220020522078X
630102200208160276
630102200404277068
630102200111080157
630102199802045646
630102199812179971
630102200201208513
630102200702088679
63010220030209480X
630102199905171776
630102200005128065
630102200503146178
630102200409099539
630102200003223827
630102200306166866
630102199805060657
630102200607278597
630102200111093492
630102200601177699
630102200212123101
63010220040818650X
630102200301141651
630102199809118211
630102200308038171
630102199912015624
630102200002154727
630102200204193337
63010220051008952X
630102200405085666
630102200002021051
630102200709042307
630102200303090165
630102200106247581
630102200301214910
630102199712249354
630102200603311062
63010219990708625X
630102200506138106
630102200705131951
630102199802038008
630102200105245170
630102200003197788
630102200005075290
630102200204045887
630102200609054685
630102200507074538
630102199903182383
630102200409132917
630102199710035627
630102199908080837
630102200204087809
630102200511017392
630102200306067999
630102200011247706
630102200706027726
63010220030903448X
630102199812136058
630102200701318348
630102200408234532
630102200109139877
630102200311025267
630102199711157722
630102200510238070
630102200201210939
630102200201028205
63010220000328075X
630102199808055087
630102200507210325
630102200406141842
630102200704242406
630102200702163026
630102200505028546
630102200501119803
630102200007203137
630102200602061815
630102200208204857
630102199906307145
630102200012264516
630102200002108720
630102200208069675
630102199901188386
630102199711022190
630102199801258666
630102200406242264
630102200205197188
630102199811238183
630102199905086416
630102200306123081
630102200709099071
630102200003311712
630102200111118653
630102200610174238
630102199805216236
630102200002283414
63010220070724815X
630102200112070292
630102200001249257
630102199912146907
63010220010127525X
630102200104076782
630102200205201175
630102199803128232
630102200510105585
630102200512135083
630102199904101928
630102200411102725
630102200212167825
630102200007239391
630102200405038552
630102200112126022
630102200009264793
630102200409022080
630102200509030600
630102199902244730
630102200505119966
630102200507026763
630102200211233114
630102200508288079
63010220040426374X
630102200311194095
630102200406280914
630102200511263702
630102200606237021
630102200310184637
63010220030403582X
630102200502167647
63010220041011904X
630102200008207500
630102200109090233
630102200404289181
630102199908273954
630102200511134476
630102200411174104
630102200603055804
630102200205081740
63010220000502993X
63010220000118924X
630102200002284978
630102200508119822
630102200007091243
63010220010224229X
630102200704129358
630102200012088292
630102199805031573
630102200103026185
630102200208202755
630102200609302992
630102200405242385
630102200101022893
630102200701211866
630102199809185879
630102200306308801
630102200004264823
630102200108105165
630102199901162071
630102200702100578
630102199810013126
630102200101199998
630102199711180340
630102200611144508
630102200005170247
630102200709043609
630102199811021099
630102200605258912
630102200701048077
630102200306156924
630102200402225790
630102199901207575
63010220040207526X
630102200301292628
63010220070411157X
630102199902048916
630102200211136699
630102200109160705
630102200210283726
630102200508018554
630102200203263612
630102199805299780
630102200107183970
630102200312201234
63010220021128857X
630102200605165708
630102199801280249
630102200409020229
630102200507302019
630102199811025022
630102200103276555
630102199812083830
630102200002033490
630102200508095701
630102200510138483
630102199906218564
630102200309150229
630102200204032816
630102200701046477
630102200408071761
630102199906206133
630102200401142790
630102200701118901
630102199802251351
630102200509141562
630102200102218628
630102200303010233
630102199711012187
63010220000607365X
630102200608124872
630102199910246576
630102200007266883
630102200104200237
630102200309024951
630102200409286596
630102199906155524
630102200111051962
630102200608131941
630102200402266568
630102200604226388
630102200305270872
630102200101209957
630102200406246011
630102199911205864
630102200203202393
630102199710071249
630102200611237472
630102199805043160
630102200204158603
630102200012195012
630102200709224493
630102200001267842
630102200403272281
630102200403238542
63010220030118116X
630102200506220767
630102200704201233
630102200308319600
63010220020702853X
630102200009091028
630102200709282298
630102200208198151
630102200308047385
630102199803059345
630102200104193794
630102200701252959
630102199907211022
630102200005247072
630102199901043179
630102199907014459
630102200202278302
630102200511041819
630102200107107046
630102200203052735
630102200611227426
630102200504064633
630102199803096613
630102200408315367
630102199801147085
630102199901288256
630102200507260242
630102200209029878
630102200009170594
630102200008196442
630102200508026562
630102200301087157
630102200604203135
630102199808260638
630102199911165735
630102200405251599
630102200504021764
630102200512207331
630102200708304870
630102200103108463
63010220050518571X
630102200310216272
630102200206037477
630102200606296718
630102200104102151
630102200112192724
630102200709133698
630102199809160874
630102200008157902
630102200612156017
630102199801220764
630102199802099337
630102199712057256
630102199810277631
630102200304106632
63010219980423968X
630102199906168333
630102199907247113
630102200408176774
630102200201266238
630102199805108999
63010220070405662X
63010220000321906X
630102200508139751
630102200301206857
630102200502273773
630102200403074824
630102200605029159
630102200010303462
630102200704071221
630102199811146027
630102200305044007
630102200304100417
630102199909041813
630102200003275942
630102200307265057
630102199810303086
630102200210274299
630102199910266534
630102200308113186
63010220000822962X
630102200405021021
630102199809293386
630102200607309621
630102200203119012
630102200108029430
630102200204255454
630102200503138880
630102200304111191
630102200702087414
630102200109045969
630102199803133226
630102200210254749
630102199810034111
630102200212077563
630102199812059881
630102200505066737
63010220020912500X
630102200207292023
630102200306287086
63010220051006092X
630102199710141163
630102199912287216
630102200611162108
630102200410184853
630102199802130859
630102199912123254
630102200505275133
630102199802059351
630102200308286888
630102199906089854
630102200411049581
630102200401097248
630102200706184203
630102200508196289
630102200309015529
630102200012078289
630102200404256662
630102199905065527
630102200501145198
630102199910304473
630102200402256749
630102200611124726
630102200207094182
630102200102227516
630102199710166651
630102200301152676
630102200609217202
630102200305032356
630102199812236796
630102200004104221
630102200307232730
63010220020309971X
630102199801066242
630102200009069082
630102200610087898
630102200601286000
630102200012318422
630102200510023539
630102200610071669
630102200106027335
630102200107242280
630102200002207534
630102200004067934
630102200405169712
630102200507021022
630102200104241733
630102200307085371
630102200112173806
630102200310237479
630102200107114481
630102200202189967
63010220060315065X
630102199909182077
630102200708037768
630102200608154537
630102200201048134
630102200512039198
630102200405030569
63010220020101433X
630102200207263337
630102199901015928
630102200410101157
630102200011161910
630102200208198231
630102200510167487
630102200702092192
630102200002042848
63010219971114231X
630102200205258366
63010220000129180X
630102200405165615
630102200512027138
630102199806218284
630102200501233999
630102200103116105
63010220000704720X
630102200609042924
630102200103089522
630102200001058709
63010219991119240X
630102200307313311
630102200302026751
630102200501229105
63010220061228174X
630102200004083555
630102200008161450
630102200610157374
630102200312088956
630102199910028827
63010220040420511X
630102200108121173
630102200102276537
630102200611198928
630102200304057711
630102200503260288
630102200511231313
630102199903174957
630102200006278583
630102200708123316
630102200311206308
630102200507048241
630102200012079484
630102200311053110
630102200604200241
630102200302044765
630102200210076268
630102200102202212
630102199809147792
630102200006190848
630102200304048145
630102200503290161
630102200412158982
630102200310132669
630102199812281386
630102200203213703
630102200708159263
630102199910203920
630102199903031577
630102200007319316
630102199801233661
630102200403273225
63010220010218355X
63010219981112328X
630102199808151036
630102200412117566
630102200205070857
630102200404253584
630102199905315063
630102200305295885
63010219980217283X
630102200303115078
630102200001178276
63010219980106604X
630102200102259841
630102200507213534
630102199902220288
630102200603075151
630102200110250505
630102199910104332
630102200107234475
630102200107091902
63010220000621829X
630102200404250885
630102199907035743
630102200512154110
630102200104265022
630102200703070235
630102199806201407
630102199912244187
63010220021021398X
630102200201190165
630102200310221645
630102200304294493
630102200411151092
63010220020927622X
63010220030216605X
630102200709160872
630102200504106995
630102200603174977
630102200311301831
630102200304062609
630102200402035487
630102199712308908
630102199906029659
63010220060105797X
630102200507105744
630102199912182887
630102199805100153
630102200406049931
630102200511280908
630102200610050040
630102200212084093
630102200303058982
630102199805083357
630102200111044906
630102200410046899
630102200109198375
63010220030807659X
630102199810055262
630102200207052847
630102200102058599
630102200304181843
630102200511116403
630102200602068259
630102199803277502
630102199808227870
630102200009191416
630102199906090927
630102199805019080
630102199906124568
630102200408129468
630102200511060366
630102199902063884
630102200305146839
630102200609273730
630102199807035519
630102200308253867
630102200510272906
630102200505298335
630102200503052219
630102199808137795
63010219971220333X
63010220000716908X
630102200011205127
630102200201111869
630102199902061248
630102199904085243
630102200001314282
63010220020721421X
630102200205012657
630102200508318450
630102200001055903
630102200401038010
630102199807087511
630102200302219924
63010220011029919X
630102200003248936
630102199902225062
630102200205214339
630102199808014402
630102200702059173
630102200309267179
630102200405199428
630102200310213768
63010219971106290X
630102200708034735
630102200306227358
630102200406288203
630102200505132191
630102200001179084
630102200702128546
630102200402275042
630102199808118148
630102199812288270
630102200512114311
630102199712293670
630102200001309221
630102200606224204
630102200605178277
630102200109306532
630102200110055371
630102200205086381
630102200012042892
630102200612295092
630102200008075915
630102200709217189
630102200304012580
630102200102022705
630102200103049432
630102200112126575
63010220010609663X
630102200512190461
630102200704119029
63010220031128906X
630102200109079640
630102200209184456
630102199909112802
630102200606204772
630102200411111824
630102199910155535
630102200403011540
630102199904208696
630102199810109419
630102200008304247
63010220061122054X
630102199802102276
63010220040802368X
63010220040820777X
630102200506253454
630102200601098683
630102199903284275
630102200509014440
63010220070426340X
630102200607150323
630102200104058197
630102200512151104
630102200301151753
630102200610195215
63010220000523401X
630102199710047230
630102200706203929
630102200104205599
63010220070722625X
630102200611023917
630102199811227708
630102200404081735
630102200703063633
630102200112060609
63010220060618226X
630102200210277561
630102199810201426
630102199809166846
63010220020814513X
630102199905134107
630102199812259998
63010220000912079X
630102200410236174
630102200609286320
630102200501315804
630102199903243414
630102200207222631
630102199812262070
630102200701278243
630102200411185815
630102200007302610
630102200208307610
630102200401041420
630102200708157831
630102199809065682
630102200006213763
63010220070320650X
630102200501011421
630102199902048676
630102200506056258
630102200005246205
63010219980921588X
630102200504291000
630102199807082710
630102200007278606
630102200109027103
630102199907063218
630102200003203412
630102200010130100
630102200707202012
630102200312108304
630102200002123066
630102200105133259
630102200301081871
630102200401234345
630102200101011238
630102199908067632
630102200011014419
630102200509156377
630102200308206024
630102199710071775
630102200507107109
630102200104072474
63010220020210824X
630102200311180961
630102200401074724
630102200103049651
630102200707264985
630102200411045054
630102199810020588
630102200501122009
630102200302235721
630102200708175941
63010219990725695X
630102200510039936
630102200201230964
630102200107272172
630102199806187350
630102200512177873
630102200306239551
63010219981203510X
630102200401255314
630102200602179952
630102200305152219
630102200609209624
630102199710053171
630102200506266386
630102200203070976
630102200205270998
630102200404288437
630102200601098771
63010219971013879X
630102200302136256
630102200608146561
630102199807070664
630102200503198488
630102200609242635
630102200304255056
630102200412020246
630102200603014244
630102199805250856
630102200206308281
630102200509120024
630102200511124059
630102200002183632
63010220030429870X
630102200008160992
63010220050720091X
630102200008287977
630102200209027207
63010220060107645X
630102200302082497
63010220030523621X
630102200512238322
630102200706068130
630102200503082426
630102200702090189
630102200302129910
630102200309181340
63010220021021427X
630102200607196778
630102200110179892
630102200610087185
630102199710098097
630102200104217047
630102200408307877
630102200511120824
630102200609195613
630102200107242037
630102199804167604
63010220070905894X
630102200606180109
630102200111267747
630102200306074400
630102200002203816
630102200309109488
630102200106179160
630102200307314306
630102200106038384
630102200105259513
630102200704173244
630102200508189070
630102200211293176
630102200110297215
630102200010113749
630102200211227611
630102200010195596
630102200511307496
630102200003077970
630102200110189150
63010220041223261X
630102200506302279
630102200007160675
630102199805079032
630102200301167122
630102200105266174
630102199808247361
630102200304188447
630102199710259874
630102200704276112
630102200605112446
630102200505254789
630102200701081766
630102200405118421
63010220020127246X
630102199903319036
630102200304045841
63010220030121753X
630102199911173794
630102200210241040
630102200302275037
630102199711301616
63010220030822568X
630102200204297662
630102200310220167
630102199905142561
630102200203121745
630102200408236845
63010219971126056X
630102200209016006
630102200707096037
630102200307140879
630102200603020169
630102200512041351
630102200606034005
630102200510285627
630102200212262849
630102199907146961
630102200410203233
630102200102102895
630102199812265829
630102200306042732
630102200005072137
630102200103137870
630102200510233085
630102200105216935
630102200305138572
630102199807190201
630102200401259358
63010220000421405X
630102200305157378
630102200307062460
630102200506264698
63010219980324134X
630102200110181466
63010220000829179X
630102200403073514
630102200409309487
630102200112200667
630102199911115674
630102199808250923
630102199812141324
63010220021210762X
63010219990829136X
630102200701267042
630102199803121575
630102199801306242
630102200506081189
630102200102217510
630102200608248074
630102200106046245
630102200307260387
630102199710041090
630102199910043867
630102200102277468
630102200309256699
630102200104115761
630102200005212822
630102199910256336
630102199811036645
630102200708091182
630102200501108450
63010219981207319X
63010220060212218X
630102199806024850
630102199812026182
630102200701301917
630102200606060342
630102200010147391
630102200006074580
630102199711151910
630102200107083013
630102200004053997
630102200111110168
630102199911164775
630102200212088932
63010220060309896X
63010220041125151X
630102199804266186
630102199805067162
630102199709303399
630102200406098055
630102200209274662
630102200112141804
630102199911065101
630102199907222143
630102199803118966
630102199910184520
630102200309182060
630102200010293292
630102199909067562
630102200101257692
630102200110228658
630102200601297607
630102200309261957
630102200310265779
630102200202169800
630102200003010178
63010220001214125X
630102199811266053
630102200211151493
63010220050403934X
630102200604216710
630102199910273638
630102199907317505
630102199810147896
630102200612219719
630102200002065556
63010220010601346X
63010219991025930X
630102200602220994
630102200412105119
630102200708119181
630102200410180190
630102200209165474
630102199805291623
630102200106240558
630102199712117036
630102199712144595
630102200402059067
630102199807263917
630102200511253635
630102200001098903
630102200604195593
630102199905118545
630102200504110847
630102200104239924
630102200503061262
630102199711244287
630102199712265661
630102200002066081
630102199901177038
630102200004286053
630102200307145282
63010220021021945X
63010220031211187X
630102200312065009
630102200102172092
630102200701193135
630102200707138444
630102200111151621
630102200610204572
630102200706274284
630102200305314257
630102199710229384
630102199912295531
63010220060125384X
630102200512057695
630102200106196470
630102200008310591
630102200012218456
630102200610055482
63010219980702852X
630102199710233228
630102200603312444
630102199906196967
630102200206051308
630102200208214879
630102200407102618
63010220001020240X
630102199906139372
630102199904197851
630102200705142829
630102200404194457
630102199812189459
630102200101173923
630102200205241521
630102199901247032
630102200411281807
630102200512020403
630102200309232849
630102199901314637
630102200210276008
630102200004087468
630102200006293994
630102199803045031
630102200411143594
630102200412138084
630102200102273790
630102200206309954
630102199907316203
630102200304212398
630102200002262699
630102200003166332
630102200106099670
630102199806046793
630102200504181207
630102199806033060
630102199711129254
630102199904090667
630102200701064034
630102200609280332
630102200504278770
63010220030801257X
630102199911133282
630102200705194258
630102199810248953
630102200408024615
630102200209015425
630102200510176869
63010220030809814X
630102200410035671
630102200210138270
630102200006221456
630102200209085925
63010220011023146X
630102200102156834
630102200011097509
630102200612139815
630102200608312857
630102199907175105
630102200311074317
630102200609195883
630102199712203946
630102200002202506
630102200510308905
630102200102230109
630102200510302941
630102199710060769
630102200612253191
630102199905216612
630102200503051056
630102199806083009
630102200105235925
630102200407099797
630102200606175801
630102200204293856
630102200107131089
630102199908186957
630102200501270001
630102200401207320
630102199908173144
630102200401169256
630102199811287268
630102200203185589
630102200405287751
630102200103206063
630102200105087686
630102200312299550
630102200702239027
630102199908268450
630102200104123251
630102200603282855
630102200303165198
630102200604226599
630102200507110850
630102199906024065
630102200012168225
630102200205155922
630102200409252361
630102200012317243
63010220060609012X
630102200308148565
630102200501296439
63010220061008200X
630102200103099843
630102200208234546
630102200003262607
630102200407164325
630102200010189612
630102199808186271
630102200104292602
630102200502284253
630102200501309797
63010219980716584X
630102199808316654
63010220000123600X
630102200608115378
630102200006053894
630102199804122668
630102199807194122
630102200410049256
630102199811214376
630102199905136305
630102200101108283
630102200604173394
630102200611044267
630102200009176654
630102200104056650
630102200101283380
630102200311198790
630102200202200513
630102200102120874
630102200111033529
630102200207198854
630102200604160059
630102199812266514
630102200111051719
630102199806139180
630102199809234239
630102199805318101
630102200611041947
630102200605121385
630102199712312392
630102200302166076
630102200205267318
630102200208189650
630102200101176155
630102200610155811
630102200003281189
630102200203169984
630102199907252908
630102200304129623
630102200407016517
630102199804020004
630102200605204519
630102200107289265
630102200209171209
630102199904280305
630102200709136792
630102199901133035
630102199803031414
630102200311274415
630102199903250905
630102200111127090
630102199906141413
630102199807286502
630102200505174623
630102199905216903
630102200705014667
630102200708268283
630102200506294272
630102200401053202
630102200001163349
630102200606273735
630102199710070713
630102199805027523
63010220000927019X
630102200304248403
630102199802202437
630102200011302832
630102200308168777
630102200705069430
630102200008054073
630102199804017104
630102200010124747
630102199803176736
630102200303159003
630102200003041046
630102200604219217
630102200706273564
63010219971228036X
630102200704307716
630102200506285632
630102200006052074
630102200211105606
630102200608253084
630102200301043859
630102199710144815
630102199805082370
630102200205305871
63010220010903862X
630102200402133597
630102199808088727
630102200308107085
63010220030904555X
630102200407318945
630102200211149836
630102200007036906
630102200402024489
63010219981105427X
630102200105169067
630102199911175589
630102200709104969
630102199907072632
630102199806013123
630102200309297466
630102199810154893
630102200411123323
630102200707172562
63010220050414676X
630102200510319241
63010220000728714X
630102200606241493
630102200401308914
630102200606130611
630102200605252430
630102200605213175
630102199812243830
630102200307256636
630102200110145369
630102200203259250
63010220061024681X
630102200403270091
630102200207231829
630102200404193462
630102200409152774
630102200504222347
630102200403037492
63010219981206738X
630102200003052327
630102200208130085
630102200101029948
630102200610178642
630102199802126454
630102199810080433
630102200508195227
630102200409081494
630102200206041097
630102200604039515
630102200009163191
630102200401013892
630102200705095751
63010220070517517X
630102200508278153
630102200502097044
63010220030222140X
630102200407212526
630102200109030775
630102200701179309
630102199807308505
630102200612230336
63010219991016129X
630102200709211676
630102200607201151
630102200201123499
630102200305221843
630102199710153148
630102199912034809
630102200311294694
630102199807169250
630102200309131706
630102200101224671
630102199802226287
630102200204110300
630102200411119818
630102199802156186
63010220070708487X
630102200309080945
630102199910108560
630102200112256660
630102200705166548
630102200110016065
630102200311181470
630102199905193684
630102200207051860
630102200602190529
630102200507028144
630102200403108836
630102200201296410
630102200212014669
63010220000803833X
63010220001019290X
630102200403049995
630102200411212078
630102200501305809
630102199803253535
630102200102195729
630102200009276049
63010220010805525X
630102200401249889
630102199901197207
630102200505294959
630102200410191236
63010220011212158X
630102200301116536
630102200211133172
630102199907074507
630102200506156961
630102200301050434
630102200503230089
630102200103059753
630102200612172252
630102200405198898
63010220060413669X
630102200201187978
630102200504079296
630102199801076248
630102200003110849
630102200606075309
630102200310295628
630102199906145289
630102200603312727
630102199905074511
630102200602190203
630102200501108792
630102200511137853
630102200307056247
630102200502047012
630102200611232073
630102199804287059
63010220020813510X
630102200205158007
630102199710266513
630102200506261745
630102199903076759
630102200107187373
630102200301018282
630102200609172761
630102200403273161
630102200404137372
63010220031024621X
630102200709115414
630102200201085445
630102200604265600
630102200307153266
630102200401054897
630102200603069392
630102200410203444
630102200507115125
630102200402149257
630102200105022823
630102200103111654
630102200506287750
630102200107228008
630102200704153083
63010220030920213X
630102200608246036
630102200306125327
630102200408129409
630102200704232080
630102200408044907
630102200009207465
630102200007079623
630102200312087187
630102200409071499
630102200006132197
630102199902172087
63010220040401935X
630102200703265833
630102200411101351
630102199808136290
630102200003134306
630102200311226245
630102199911025396
630102200708175052
63010220051204304X
630102200707288805
630102200101256016
630102200007300797
630102199803029752
630102200708067908
630102200006226863
630102200503054724
630102200606026259
630102200007174671
630102200302244935
630102200506261323
630102200609211097
630102200007127867
63010220030611744X
630102200003011162
630102199904217592
630102199802111383
63010220061224536X
63010220030721775X
63010220020504830X
630102199902230822
630102199805278197
630102200208070385
630102200510249116
630102200104188514
630102199809064604
630102199801081055
63010220020218033X
630102200704050754
630102200709068291
630102200007160229
630102199801243608
630102200412165111
630102200009223190
630102200105166165
630102200604268457
630102200304119193
630102200403195845
630102200311243096
630102200505176346
630102200309046624
630102200205110687
630102200406108110
630102199902045985
630102200004170341
630102200405014251
630102199807128336
630102200412103957
630102200504166285
630102200109216756
630102199901271593
630102200101013321
630102200212151794
630102200002097929
630102200010187166
630102200507317413
630102200212116120
630102200204081239
630102200708249138
630102199904253788
630102199807064504
630102200701056309
630102200606277066
630102200402062530
630102200401129457
630102200112091464
630102200605312843
630102200307200528
630102200104092715
630102200306124930
630102200206167968
630102200402020023
630102200109274358
630102200503223284
630102200302160192
630102200001173723
630102200109103022
630102199911166922
630102200303297748
630102200006244295
630102200109155121
630102200602053292
630102199806130733
630102200508013323
63010220050817686X
63010220030410854X
630102200012305592
630102199808293421
630102200511037596
630102200303058763
630102200007141386
630102200106219062
630102200504059316
630102199905013639
630102199810090754
630102200007271842
630102200406137296
630102200604088499
630102200412053443
630102200703014428
630102199809102869
630102200611130448
630102199803236575
630102199901208068
630102200001026248
630102200109278746
630102200706147680
630102200611172744
630102199811042279
630102200503193337
630102200407100145
630102200512106055
630102199710193609
630102200008146541
630102200003148679
63010220050711419X
630102200709081111
630102200002287896
63010219990408155X
630102200604297397
630102199812110173
630102200704080902
630102200502099920
630102200512168889
630102199901016074
630102200212046257
630102200707096029
630102200211010463
630102200412185120
630102200705188739
630102200701257231
630102200503215567
630102199806128115
630102200411018654
630102200312179217
630102200108127823
630102200706257441
630102200609099859
630102200112057258
630102199804064541
630102200101049885
630102200508053528
630102200601304854
630102200308082658
630102200506300636
630102200704152822
630102200402147710
630102200206133469
630102199804293408
63010220030222175X
630102200602267303
630102200203088295
630102199711195737
630102199908260838
630102200305245845
630102200202226991
630102200008022418
630102200105198933
630102199907234830
630102200605152683
630102200706134281
630102200012283178
630102200408089910
630102199907291667
630102200607173904
630102200409274720
630102200304308146
630102200201162850
630102200612170070
630102199903049099
630102200701265952
630102199912082878
630102200001268829
630102200612303689
630102199903032799
630102200502145827
630102200706176879
63010220060116840X
630102200603066327
630102200102195438
630102200409137005
630102200505253727
630102200111043516
630102200407278023
630102199710018149
630102200309162991
630102199712310397
630102200202121305
630102200508208948
630102200703201573
630102200407310791
630102200602050593
630102200310050030
630102200101217690
630102200212065888
630102200210135555
630102200205133707
630102200405306043
630102200011298722
630102200001186567
630102200105024765
63010219990502029X
630102200212116075
630102200308107341
630102200307170103
630102199712096212
630102199902230689
630102200505205047
630102200307186447
630102200010287757
630102200304237800
630102200602066886
630102200207167361
630102200012085657
63010220010514269X
630102200303031608
630102200708186923
63010220061211372X
630102200510169044
630102199904126471
63010220061104657X
630102200402277320
630102200602171707
630102199810089729
630102200301189495
630102200107265431
630102200503249564
630102200603291866
630102200409043295
630102200603076963
630102199903162438
630102200509192837
630102200001137933
630102200205257734
630102200310135157
630102199810287725
630102199907314494
630102199904074819
630102199802282668
630102200507190272
630102200206122217
630102200603026261
630102200005020046
63010220030827959X
63010219980922732X
630102200202065331
630102199903090761
630102199712213693
630102199803278353
630102200210156815
630102199810184988
630102200501072451
630102199805269119
630102199711199471
630102200005234327
630102200302202145
630102200502149174
63010220051015829X
63010219971221248X
630102199910029272
630102200001262590
630102199710057519
630102200708175853
630102200706218557
630102200108151153
630102200304041648
630102200112198499
630102200312104901
630102199801174518
630102200212023979
630102199903126189
630102200309210316
630102199901139162
630102200707119526
630102200607178035
63010220020807858X
63010220051107125X
630102200410222039
630102200309108821
630102199908188768
630102200709059010
630102200510216592
630102200611025728
630102200311277173
63010220000111431X
63010220060930359X
63010220050328882X
630102199805292431
630102200502203046
630102200305149431
630102199906243049
630102200605174049
630102199711153238
630102199911092716
63010220050308347X
630102200004273172
630102200407209271
630102200705067179
630102200403164328
630102199712296601
630102200202047651
630102200512130207
630102200501074393
630102199908081063
630102200701197048
630102200412226439
630102200610091504
630102199905239785
630102200212315867
63010220040123605X
630102200611230481
630102200209013550
630102200207288032
63010220070719928X
630102200409106305
630102200212083189
630102200402012197
630102200212112752
630102199808213495
63010220040807185X
630102200112218840
630102200108021447
630102199812241851
630102200207304282
630102200201260549
630102200311191521
630102200406129026
630102200607158106
630102200502131759
63010219990520286X
630102200412183598
630102200411249882
63010220010914369X
630102200411030581
630102200107189117
630102200012083192
630102199802168785
630102199908273241
630102200201026808
630102200512170372
630102200006234644
630102199810023447
630102200012049445
630102200305237618
630102200702128423
630102199903130217
63010220000418169X
630102199802194975
630102199811083863
630102200009241508
630102199807314403
630102199809191419
63010219981113793X
630102199812089650
630102200103302696
630102200203062888
63010220050828959X
630102199909146308
630102200109144211
630102199905142094
630102199710283858
63010220070823039X
630102199710302588
630102199811309658
630102200708235318
630102200301097144
630102200410124834
63010220020204299X
630102199811021320
630102199912263601
630102200203037113
630102200303044425
630102199812186530
630102199810061945
630102200312221630
630102200502221500
630102200701212754
630102199902282606
630102200708080192
630102200203057747
630102200108060999
630102200612200786
630102200509129192
63010220061114222X
630102200102259438
630102200409294510
630102200402058785
630102200111189400
630102200307263270
630102199802257550
630102200004086203
630102200510034086
630102200412101417
630102200505104553
630102200003149049
630102200201040415
630102200003194851
630102200107019556
630102199805217917
630102200107167217
630102199712112278
630102200504208422
630102200612148148
630102200606062970
63010220010118303X
630102199905079398
63010219981207845X
630102200703206489
630102200106067652
630102200509220674
630102200512220392
630102200110160390
63010220060801127X
630102200209170011
630102200412249091
630102199812293272
630102200504210434
630102199804087815
630102200604155583
630102200209029376
630102199806309450
630102199909303342
630102200401202597
630102200701248239
630102199908103656
630102199808291629
630102199903188152
630102200102226986
63010220070801892X
630102200705237254
630102200404174990
630102200304086176
630102199805129220
630102200308182130
630102200605144755
630102199709305087
630102200302213784
630102200506149665
630102199712292969
630102200110076949
630102200708180732
630102199807031606
630102200706060219
630102200401248552
630102200005285562
630102200003262623
630102200605220244
630102200311222412
630102199801227421
630102200202081163
630102200111197515
630102200007314697
630102199802243159
630102200402036447
63010220051013196X
630102200312105904
630102200205301061
630102200501052506
630102199802275206
630102200708132634
630102200305281774
630102200312209199
630102199712241133
630102200105043819
630102199903172409
630102200109170831
630102200006308359
630102200206197884
63010220051102922X
630102200005031546
630102200411296603
630102200403208271
630102200101078272
630102200506052249
630102200612288618
630102199712100971
630102200312171178
630102199805130854
630102200502249781
630102200701219972
630102200209191680
630102200412023631
630102200510208453
630102199711099374
630102200301038101
630102200108112904
630102199806109504
63010220050711515X
630102200002209628
630102200006143734
630102199804291242
630102200412234279
630102200602124070
630102200306297508
630102199906078645
63010220011003313X
630102200408216561
630102200401280413
630102200606202320
630102199806146479
630102200001160631
630102200407211814
630102199711104436
630102200406165019
630102200208235733
630102200210011851
630102200707093055
630102200511100268
630102200003099950
630102200406276587
630102200107213236
630102200205269794
630102199909094608
630102200012063650
630102199909276911
63010220001015599X
630102200211071960
630102200601110507
630102199911036386
630102199912162122
630102199803289415
630102199806059818
630102200109011857
630102200709194220
630102199710062262
630102199810170930
630102200606255414
63010220030627658X
630102200506183265
630102200106184111
630102200301051234
630102200202046499
630102199810115333
630102199906195083
630102200409156708
630102200202163134
630102199802045638
630102200704083388
630102200502147646
630102200108018256
630102200011056459
630102199810234391
630102199712190639
630102199812017999
630102200512248803
630102200506248786
630102200509177020
630102200009043157
630102200208156525
630102199804016769
630102200701306400
63010219980325700X
630102199810183715
630102200006011731
630102200112286907
63010219980317356X
630102200011084732
630102200102032129
630102200112115710
63010220030330192X
630102200004300791
630102200006047451
630102199908256919
630102199710126924
630102199710074140
630102200601017548
630102199812011183
630102200109173004
630102200305288562
63010220000830719X
630102200409273517
630102199807248979
630102199807191204
630102200403024333
630102200002242946
630102199909291724
630102200109159026
630102200609106799
630102200307190673
630102199801071447
630102200012274730
630102200010060579
630102199809062115
63010219990413456X
63010219990423654X
630102200509125060
630102199802059407
630102200002185945
630102200011069241
630102200402034484
630102199902101967
630102199902193777
630102199801309216
630102200007061546
630102199910085813
630102200107264543
630102200202080048
630102200309149180
630102199810149218
630102199903035471
630102200104063076
630102200009261939
630102200507157173
630102199907266074
630102200109155324
63010220031121261X
630102199908197648
630102200012241162
630102200409081419
630102200505034663
630102200307054620
630102200208181130
630102200506254465
63010220041116538X
630102200101085069
630102200510091435
630102200607211659
630102200509177952
630102199806029053
63010220060731704X
630102200602103739
63010220021130746X
630102199808205962
630102200605254401
63010219990228269X
630102199802215537
630102200706277733
630102199902132878
630102200605052156
63010220060609354X
630102200102107805
630102199801148897
630102200608088330
630102200304240479
630102200701269726
630102199903259221
630102200210129577
630102200708088848
630102200705194303
630102200603100353
630102200002231075
630102199803116514
630102200111159463
630102200405245885
630102200306145088
630102200407216279
630102200110071005
630102200706023805
630102200401168333
630102200109272643
630102200507251717
630102200003122655
630102200701136392
630102200102267139
63010219980822424X
630102200111055082
630102200110258742
630102200006269687
630102200301213184
630102200211075128
630102200411266914
63010220050810775X
630102200105239889
630102200708084716
63010220050415695X
630102200705067873
630102200708036239
630102200502256498
63010220050228240X
630102200301142734
630102200407068464
630102200508290136
630102200312114253
630102199907163235
630102200107254775
630102200008122582
630102200304159865
630102199809013372
630102200310101520
630102200109268476
630102200406056568
630102200503058442
630102200608018551
630102199801257452
630102199812075187
630102199909118075
630102200401041738
630102200003245655
630102200508299798
630102199803065884
630102200403021423
630102200110115338
630102200312144495
630102200106298290
630102199808273930
630102200701295377
63010220020723937X
630102200506209699
630102200307209418
630102200505067182
630102200203132663
63010219990617619X
630102199803171214
630102200401121703
630102200511287982
630102200304160786
630102200601201564
630102200210209550
630102200608277617
630102199809289395
630102200001052833
630102200110097475
630102200609057536
630102200707306225
630102200307205732
630102199903201150
630102200401240323
630102200709088698
630102199912015210
630102200005156904
630102200102248640
630102200506200053
63010220070117759X
63010220000503179X
630102200107061930
630102199902258948
63010219981014146X
63010220061211831X
630102200312235995
630102200107110579
63010220021005697X
630102200305084527
630102200107201550
630102200301139009
630102200006111492
630102199810290430
630102199912221866
630102200409190607
630102199911129291
630102200605275624
630102200001178102
630102200308103412
630102200612286671
630102200404018445
630102199912314931
630102200012030787
630102199906187016
630102200501263119
630102200311277915
630102200402135429
630102200009301216
630102200409049718
630102200410130986
630102200209234919
630102200006064622
630102200404142251
630102200510010172
630102200209292633
630102200201188145
630102200108135233
630102200208208700
630102200104238665
63010220070227018X
630102200001180886
630102200311303394
630102199803203984
630102200202166431
630102200112267001
630102200610148224
630102200111095113
630102200205241556
630102200210147548
63010220050523485X
630102200209293775
63010220060912214X
630102200210280015
630102200412179855
630102200011221311
63010220040819370X
630102200007154662
630102200406042051
630102200703319467
630102200101142369
630102200607128767
630102200601040051
630102200706082178
630102200510216613
630102199810271854
630102200310115228
630102200205012956
630102200601132976
630102199808238350
630102199804060102
630102200704302392
630102200101130480
630102199808062789
630102199907145555
630102200307097145
630102200104033934
630102200306111742
630102200211304824
630102200510296211
630102200001258399
630102200104263844
630102200210182773
630102200310152256
630102199903211244
630102200706264019
630102200312021110
630102200103013640
63010219981113240X
630102200707165856
630102200202222165
630102200610069534
630102199712318700
630102199710178214
630102199804201585
630102200506288470
630102200706085547
63010220060607869X
630102200104147771
630102199904237841
630102200611043678
630102200304016119
630102200408135016
630102200604066847
630102200111292571
630102200606243085
630102200306193418
630102200611024522
630102199712286075
630102200208214553
630102199810138180
630102199911216993
630102200010028931
630102199802235140
630102200007228123
630102200001054775
630102200002079202
63010220070416628X
630102199710254731
630102199711120962
630102200306203495
630102200404098916
630102200105051173
630102200406074176
630102200701050847
630102200101192198
630102200210023959
630102200009239707
630102199711303371
630102200110260092
630102200203176113
630102200111138590
630102200404077277
630102200408121095
630102200110038432
630102200501271450
630102199809018026
630102200312284762
630102199908085232
630102199901023530
630102200603221139
630102200103088984
630102200206108204
630102199906304526
630102200105175053
630102200501200265
630102200101060355
630102200401305481
630102200208188578
630102200010043752
630102200010302961
630102200201260186
630102199910202960
630102200412286570
630102200403131390
630102200106282328
630102200409103227
630102200108057714
630102200403309486
630102200506279080
630102200406210430
630102199711181861
630102200604167939
630102200405057200
630102200506090931
630102200409044503
630102200606076897
63010220010201967X
630102200509304851
630102200209272368
630102199903136352
630102199801085291
630102200406234336
630102199912045161
630102200112219018
630102199906204090
630102200409133231
63010220041011445X
630102200701027647
630102200407096369
630102199712238866
630102200204251947
63010220020923189X
630102199906269046
630102199905160137
630102200008189875
63010220010306048X
630102200005243098
630102200002130354
630102200508123098
630102200104259431
630102200004235408
630102200403077355
630102199803139847
630102200101068832
630102200201269105
630102200001276319
630102200611301155
630102200504141256
630102200702058074
630102200207236021
630102200103277961
630102199801282172
630102200402261986
630102200511235859
630102199803069738
630102200607212539
630102200503206951
630102199906187243
630102199801117732
630102200305267163
630102199801280994
630102200203187672
630102200705019249
630102200406276739
630102200609257060
630102200705197627
630102200411171587
630102200408141301
630102200210180073
630102200508188051
630102199902226225
630102199811261594
630102200404094421
630102200205306065
630102199907080085
630102200706240412
630102200401271525
630102200405166386
63010220070710130X
63010219990614100X
630102200611256438
630102199712251577
630102200112102995
630102199803293545
630102200412228020
630102200007241838
630102200501300290
630102199810290174
630102200207304135
630102199804305544
630102200603306773
630102199908122603
630102200607215860
630102200311192997
630102200504025378
630102200306043153
630102199805170397
630102200501238116
630102200105072716
630102199712307980
630102199905112370
630102200106109672
630102200703193323
630102199903067721
630102200007093708
630102200309018308
630102200208112389
630102200002028886
630102200406038167
630102199710226730
630102200707015794
630102200106246300
630102200503185329
630102200107071645
630102200304093763
630102199808014525
630102200512246541
630102200511106424
630102200111055357
630102200206054760
63010220010929536X
630102200504244423
630102199711097061
63010220010719694X
630102200501148305
630102200505056707
630102199908023154
630102200012249498
630102200609078927
630102200111212164
630102200407121835
630102199711199789
630102199909088195
630102200207304848
63010220041018540X
630102200311257084
630102200606046524
630102200512304086
630102200302089445
630102200607231713
63010220030714954X
630102200209123397
630102200602284373
630102200605319236
63010220041020907X
630102200612030174
630102200004270051
630102199806206187
630102200002210741
630102200409244572
630102200003092046
630102200408297250
630102199909280128
630102200510265941
630102200406174345
630102199812073026
630102199901305116
63010220050115481X
630102200405057921
630102200106050359
63010220041015112X
630102200210109031
630102200109109184
630102200008078972
630102200605140586
630102200507260656
630102200101297950
630102200210091193
630102199808065015
630102200503043523
630102200110211485
630102200707150101
630102200308239141
630102200203067806
630102200208252744
630102200109125918
630102200610027481
630102200404142446
630102200110308455
630102199806090452
630102200704231387
630102200407146805
630102200502238353
630102200307150137
630102200008093945
630102199811195048
630102200010318875
630102200201217874
630102200704082123
630102199804098514
630102200207040424
630102200111180449
630102200707129361
630102200512068079
630102200001227410
630102199908126815
630102200404099265
630102200701319631
630102200302174316
630102200208104565
630102200010184117
630102200404235343
630102200408138719
630102200210155310
630102200305251807
630102200612033623
630102200503168596
630102200002107154
630102200609153317
630102200104049311
630102200604172877
630102200706164093
630102199901284589
630102199806051576
630102200605277742
630102200110039398
63010220031118425X
630102199905074642
630102200205159915
630102199809161965
630102200508048534
630102199804260235
630102199908193655
630102200611164445
630102200210080080
630102199905238889
630102200011199177
630102200301063235
630102199908131948
63010220001104014X
630102200112017926
630102200112138066
630102200307018232
630102200702123403
630102199810066113
630102200707136457
630102200008015074
63010220030227400X
630102199808263433
630102200407213078
630102200012194132
630102200001016947
630102200409139318
63010220020922186X
630102200308105784
630102200311283581
630102200004120424
630102200508194910
630102199910217003
630102200108035443
630102200003059051
630102200112288670
63010219990408606X
630102200708217021
630102200012051385
630102200107141324
630102200012249025
630102200408263739
630102200406292114
630102200312219573
630102199803306537
630102200701290357
630102200608109365
630102200306063410
630102199803034308
630102199911287708
630102200102194283
630102199912150068
630102200703156450
630102200107027388
630102200005094643
630102200007213263
630102200408180378
630102199910245063
630102200109225695
630102200409215333
630102199910092271
630102200001142812
630102200011151640
630102200702287520
630102200708318359
630102200411164889
630102200609256770
630102200302151165
630102200306230127
630102199903257867
630102200008158972
63010220010820186X
630102200102131442
630102200312155143
630102200705159604
630102200704219011
630102200612176691
630102200107238644
630102199811194408
630102200001144092
630102200405167944
630102200705145210
630102200412253824
630102200412105194
630102200411258922
630102200004295283
630102199712204041
630102200404161954
63010220030322774X
630102199812317051
630102199806078701
630102199803238298
630102199910188070
630102200704045277
630102199806142144
630102200605035540
630102199808219061
630102199805242493
630102200309024345
630102200301020155
630102200311139248
630102199909059853
630102200605202724
630102200106211933
630102200107164008
630102200510294427
630102200607259759
630102200212280334
630102199710031060
630102200011237161
630102199904306317
63010219980201118X
630102200409281090
630102200003227772
630102200202285350
630102200009250033
63010220020921810X
630102199710167099
630102199811067679
630102200207239951
630102200701196985
630102200412225348
630102199809262256
630102200604272472
630102200606035198
630102200612317538
63010219990725556X
630102200512314209
630102200610208805
630102200602134834
630102199903105679
630102200412125873
630102200403031103
630102199908239887
630102200204309504
630102199906212584
630102200002024711
630102199903258755
630102200701067091
630102200504248870
630102199710234538
630102200001085504
63010220060204461X
630102200412220248
630102199711288124
630102200512217601
630102200103210214
63010220040923936X
630102200005185764
630102199808020482
630102199906086979
630102200406232023
630102200005011465
63010220010308019X
630102199812061949
630102200405240742
630102200010150435
630102199807231755
630102200302287396
630102199904134754
630102200011119616
630102200508088536
630102200109270867
630102200606114988
630102200701290322
630102200509130580
630102200112079684
630102200107276042
630102200410189961
630102200010224596
630102199810118489
630102200603077261
630102200209302192
630102200204032779
63010220050528024X
630102199909237488
630102200509049088
630102200511192916
63010220040806713X
630102200304012249
630102200504200834
630102200408245434
630102200011043543
630102200604269986
630102200210159549
630102200103261791
63010220011227640X
630102200511201851
630102200403120093
630102199910239755
630102199908305880
63010220051023984X
630102200201221515
63010220010709138X
630102200405248138
630102200403224052
630102199911184880
63010220051128727X
630102200705188923
630102200407238339
630102200312076162
630102200510185079
630102200703060846
630102200105072724
630102200103015734
630102200107298719
630102199807232619
630102199910031137
630102200602139651
630102199802083618
630102200204247059
630102199804104240
630102199803073550
630102199710261157
630102200204227082
630102200103312077
630102200101258986
630102200504017669
630102200511054310
630102200206027578
630102200702213409
630102200211089861
630102200006257707
630102200108036825
630102200703090295
630102200401023548
630102200607053443
630102200204154776
630102199806165434
630102199810272574
63010219981204775X
63010220040816145X
630102200106251695
630102200309233040
630102200408127403
630102200102076009
630102200301313775
630102200407112410
630102200709161859
630102200002265515
630102200108149950
63010220040605639X
630102200011272290
630102200502040101
630102200603109892
630102199910026944
630102200108059349
630102200510085836
630102200512171519
630102200012029540
630102200309217454
630102200311084611
630102200701086401
630102200102129692
630102200607150200
630102200401084834
630102200401177870
630102200011185795
630102200103021341
630102199802273171
630102199903086316
630102200004216581
630102200007068764
63010219990417633X
630102200708268232
630102200403078972
630102199712039461
63010220010312683X
630102200108276642
630102200611288990
630102200605188141
630102200007204842
630102200005159208
630102200512317143
630102199804150108
630102200003247423
630102200508254856
630102199910039251
630102199801076715
630102200507028419
630102200208127142
630102199809259356
630102200401126184
630102200409235895
630102200403049688
630102200412290123
630102200104260408
630102200202233833
630102200404298125
630102200512264600
63010220020415643X
630102200510070044
63010219981127634X
630102199910309127
630102200305023409
630102200704014542
630102199912071247
630102200107178573
630102200208093499
630102200408088977
630102200007125343
63010220070430737X
630102200108034977
630102200307153434
63010220010721866X
630102200506247417
630102200002078998
630102200504281873
630102200708215050
630102200111190559
630102199711213552
630102200009073065
630102199712158591
63010219990810400X
630102200405283443
630102200303104010
630102200707078736
630102200106122068
630102200005317915
630102200405264066
630102200110308543
630102200212020217
630102199805020014
630102199801116051
630102200007309492
630102199902181768
630102200408134777
63010219980829706X
630102200709167601
630102200507289096
630102200112200886
630102200606157398
63010220010623617X
63010220051003297X
630102200311293683
630102200704048363
63010220060906930X
630102200310120772
630102200505153101
630102200706010481
630102199710117315
630102199901116710
630102200304278987
630102200012277640
630102200511135778
630102200210108688
630102200005313375
630102200409260767
630102199803170465
630102200608227978
630102200702066437
630102200306106900
630102199805064068
630102199903276611
630102200307188709
63010219980623791X
630102200608109541
630102200709282554
630102200309290635
630102200004144311
630102200006255816
630102200306109992
630102200306021691
630102200209102932
630102199711176835
63010220070418818X
630102200103266082
630102200609063645
630102200208178978
630102199806201116
630102200204204032
630102200305049772
630102200204178794
630102200410267544
63010220050130008X
630102199908215252
63010220061122505X
630102200210268294
630102199810132117
630102199801102223
63010220001015951X
630102200309289319
630102200109019496
630102200103253169
63010220001228754X
630102199802228223
630102200010191819
63010219981231714X
630102200008046698
630102200012206279
630102199904014250
630102200406165326
630102200007289786
630102199904127562
630102200010227818
63010220000407590X
630102200103295465
630102200511114977
630102199805171218
630102199904291186
630102199711176181
630102200105076100
630102200402085329
630102200002213803
630102200412205443
630102200311022074
630102199809048436
630102200604178160
630102200204056690
630102200502128285
630102200311093905
630102199902074954
630102199901084616
630102200406143514
630102200112294982
630102200308123974
630102200705206044
630102199806201810
630102200112278181
630102200606201352
630102200304037454
630102199711088480
630102200411229769
630102200208215679
630102200606014506
630102200208246504
630102200105034947
630102200709054789
630102200312202915
630102200205182410
630102200708067086
630102200706228819
630102200406111504
630102199806093485
630102199901054273
630102200204091138
63010220001231339X
630102200612299528
630102199801284717
630102200403037521
630102200605097389
630102200003146788
630102200709022488
630102199811056232
630102200404042058
630102199904302930
630102200305042714
630102199912308320
630102200207213081
630102200705316112
630102200601086711
630102199808103106
630102200702204609
630102200005235899
630102200703068733
630102199906182944
630102200112080108
630102200411222241
630102200205056035
630102200209294508
630102200312189618
630102200210160275
630102200603053972
630102200109013625
63010220000119644X
630102200303206586
630102200703103439
63010219980322307X
630102200703044571
630102199908043796
630102200703311326
630102200305281475
63010220030509862X
630102200107193132
63010220040815142X
630102200112195546
630102200309305403
630102199903260927
630102200202239944
630102200001195076
630102200105043026
630102200203266661
630102199807319087
630102200104200069
630102200506214762
630102200604158717
63010219980309655X
630102200610225824
630102200508206352
630102199908289411
630102200702220318
630102200104276864
630102200309057454
630102200007130847
630102200108283658
63010220070905464X
630102200607073882
630102200106064523
630102200504290454
630102200005307880
63010219991107100X
630102200205205379
630102200302017142
630102200001072164
630102200104048511
630102199802280814
630102200408098761
630102199907076115
630102199906089707
630102199912287822
63010220061105182X
630102199909113020
630102199710167654
630102199906289936
630102200603099815
630102200702113790
630102199810244063
630102199904080397
630102200202107036
630102200107261211
63010220040715141X
630102200112233960
630102199909170412
630102200107071151
630102199812268720
63010220010527414X
630102199811236487
63010220050819315X
630102199906274961
630102200207177754
630102200503249951
630102200705123687
630102200010076474
630102200511290401
630102200603194388
630102200203050131
630102199801110741
630102199811044135
630102200404171781
630102200002067439
630102199811217403
630102200705241472
630102199807197948
630102200503109772
630102200508167293
630102199804305552
630102200210225315
630102200603243151
630102199911188347
630102200112165750
630102200601232643
630102199811119555
630102200612194910
630102200702186236
630102200609021330
630102199712018951
630102200503107937
630102200605052439
630102200601015980
63010220040627504X
630102199711295965
630102199912288825
630102199903177621
630102200302125127
630102199805060825
630102200401211020
630102200108094187
630102200504015559
630102200009298491
630102199903100288
630102200504018848
630102199811141955
630102200501267259
630102199807023649
630102200501212258
630102200608212856
630102200302179213
630102199903147289
630102200004152645
630102199801076467
630102200107203740
630102199901081597
630102200003019009
630102199906297784
630102199912146608
630102200103042636
630102200707197508
630102199712245652
630102200309189297
630102200004122227
630102200303307758
630102199802053128
630102200305286153
630102200411033993
630102200610310682
630102200608143272
630102199904084996
630102200306096378
630102200601090892
630102199901026950
630102200209020152
630102199912116417
630102200206269200
630102200209305537
630102200001186962
630102200010184483
630102200201160978
630102200309045947
630102199811124960
630102200509202898
630102199911133928
630102200012125372
630102200709186968
630102200610038906
630102200604169627
630102200009203253
630102200112082568
630102200608137833
630102200201304070
630102200207011834
630102200302147211
630102199810249278
630102200601055683
630102200401116680
630102200409115260
630102200004111026
630102200302197657
630102200104259220
630102200309103270
630102199912178634
63010219980620531X
630102199810038219
630102199809092656
630102200406255786
630102200209286671
63010220011014805X
63010220041124941X
630102200302170593
630102199804158249
630102199906162302
630102200204292415
630102200401251030
630102199805137992
630102200109183560
630102200306270807
630102200303225859
630102199811272840
630102200102104196
630102200709188680
630102199912114964
630102200607027229
630102199712062135
63010220070502788X
630102199802124803
630102200603234386
630102200405160363
630102200704274248
630102200405101830
630102199904144303
630102200103074638
630102199901078734
630102200408248782
630102200705058061
630102200211298014
63010220030718314X
630102200604195630
630102200411297841
630102200209040516
630102200508311451
630102200006100523
630102200307063180
630102199902045256
63010219981210243X
630102200405104943
630102200506088030
630102200707252220
630102199807206728
630102200206133004
630102199906105658
630102200611045614
630102199909301064
630102200009231529
630102200003121871
630102200603233201
630102200108225853
63010220010422241X
630102199806182840
630102200412266721
630102200701117474
630102200703041290
630102200308263475
630102200606181099
630102200609058424
630102200410206039
630102200512309127
630102199802020617
63010220070306808X
630102200011159626
630102200302202540
630102200307040317
630102200211234344
630102199801134217
630102199805145247
630102200009045080
63010220061120171X
630102200208317595
63010220010612264X
630102200511238400
630102200512240350
630102200201036416
630102200107140452
630102200704187363
630102200704131781
630102199804054140
630102200009038809
630102199802067546
630102200610090472
630102200501125103
630102199809111722
63010219980930441X
630102200205277495
630102200705209501
630102200202157711
630102200411276119
630102199810070606
630102200010278439
630102200309021267
630102199901221713
630102199808207474
630102200111039496
630102200006094071
630102200207288059
630102200605285734
630102200210145040
63010220070412280X
630102200503070193
630102200008049442
630102200502035716
630102200303060724
630102200411308934
630102200012159759
630102200608201639
630102200707192897
630102200505179838
630102199907174938
63010220020310710X
630102200612036621
630102200204033827
630102199712236887
630102200105112837
630102200709198248
630102199801136001
630102199801287037
630102200609105710
630102199810048118
630102200507040717
630102199809250650
630102200304144954
630102200403146461
63010220010214688X
630102199808236574
630102199801075413
630102200010232465
630102200309213832
630102199807192733
63010220070908323X
630102199908118313
630102200611102375
630102200009195302
63010220070728453X
630102200402289997
630102199811061832
630102200010016148
630102200304120135
630102200005101452
630102200611214350
630102200302284048
630102200005062502
630102200010140114
630102200503120082
630102200412026648
630102199712298682
630102200402295780
630102200303041240
630102200612124736
63010219980903013X
630102199802123835
63010220010108367X
63010220021214034X
630102200603030885
630102200011197980
630102200510287390
630102200306089389
630102200705293926
630102200001131566
630102200704147409
630102200304235557
630102199907099544
630102200405106228
630102200006093896
630102199912287398
630102200702187810
630102200111161512
630102200403029724
630102199807133901
630102199810171095
630102200603259989
630102200210294759
630102200312188228
630102200012085200
630102199902149645
630102200308227466
630102200601101950
630102200101127302
630102200008092432
630102200112250568
630102200404255504
630102199804256148
630102199912044759
630102200706221959
630102200612117229
630102200707156706
630102200511175446
630102199909264048
630102200207058595
630102200707281996
630102200509046012
630102200603319822
630102200002032359
63010220040604150X
630102200009180784
630102200605025609
630102200107167700
630102199711063654
630102200309136937
630102200507168040
630102200309078298
630102199809258070
630102200702080757
630102199803078618
630102200011022005
630102200403071770
630102199807286537
630102200302161590
630102200309220119
630102199904289369
63010220010612029X
630102200006300517
630102200003296049
630102199811113719
630102200303113945
630102200509211196
630102200109046494
630102200109080932
630102200602201195
630102200604215961
630102199910010969
63010219990928222X
630102200512133053
630102200704144275
630102199907095279
630102200703036053
630102199805144711
63010220050225568X
630102200106066684
630102200102078776
630102200412249243
630102199809018691
630102200508305019
630102200108125406
630102200008010759
630102199710163602
63010220011231260X
630102200610234149
63010220010225563X
630102199909239504
630102200412072089
630102200305217801
630102199907227016
630102200610030840
630102200407268220
630102200212068026
630102199712096829
630102199712045888
630102200208067098
63010220011111592X
630102199906232745
630102200208193318
630102199901240922
630102199803104433
630102199902141213
630102200402149716
630102199905034018
630102200206108474
630102200102256448
630102200610106307
63010219980312408X
630102200611179364
630102199905277028
63010220000115838X
630102200708308417
63010220050615718X
630102199903276769
630102199808143693
63010220050126527X
630102200210077885
630102200502137050
630102199803301891
63010219990819464X
630102200209150475
630102199812156964
63010220060720968X
630102199804024929
630102200706134791
630102199909104319
630102200605213159
630102200308244725
630102200703291855
630102199710141737
630102200512043269
630102200212073677
630102200609183874
630102200610140652
630102200410307008
630102200302097058
630102200605227913
630102199807107703
630102200101100337
630102199903167722
630102200708078412
630102200111190129
630102200007089856
63010220060508983X
630102200101218220
630102200403068774
63010219990206836X
630102200607287143
630102199903060861
630102200207089498
630102200503201245
63010220060110684X
630102200511262451
630102200406190935
630102200508086098
630102200504190509
630102200202187486
630102200108175569
630102199812178645
630102200503166881
630102200008082509
63010220010215023X
630102200706169134
630102199807010717
630102200411114005
63010220020613033X
630102200211224891
630102200703138164
630102200606216386
630102200002224246
630102200401136753
630102199804035011
63010220020528074X
630102199901167526
630102200206192389
630102200507182424
63010219981205604X
630102200208059397
630102200009180928
630102200511076966
630102199805300614
630102200011260660
630102200104148539
630102199801190083
630102199910052595
630102200003232301
630102200606057821
630102200009275636
630102200601264637
630102200302153910
630102199809145586
630102200511158646
630102200208170458
630102200704051335
630102199711216956
630102200104043809
630102200103102176
630102200312062641
63010220041123535X
630102200206095909
630102200209022385
630102200607205128
630102200202042420
630102200204078259
630102200103103638
630102200011104043
630102200401289020
630102200501135379
630102199801139974
630102200305149490
630102199812223944
630102200704050033
630102200311122884
630102200209056454
630102200707014847
630102199811201049
630102200007284213
630102200109022062
630102200205051584
630102200010064297
630102200307070348
63010219990523946X
630102199903030179
630102200509054688
630102200703130277
630102200307257444
63010220030826251X
630102200611128110
630102200206237049
63010220021006120X
630102199903142963
630102199907273805
630102199811056443
630102200204142150
630102200202245498
630102200311252873
630102200702062014
630102200402174241
630102200512077100
630102199903171799
630102200202104206
630102200204295851
630102200305190960
630102199801079334
630102200204090370
630102200510294179
630102200107108946
630102200311295208
630102200205271261
630102200309032978
630102200211144402
630102200207207730
63010220031102642X
630102200503164229
630102200411015840
630102200009223668
630102200603133534
630102199801300780
630102200603308584
63010220030619922X
630102200406060671
630102200607264427
63010220001105009X
630102200203148251
630102199801063578
630102200303313568
630102200301153847
630102199710229851
630102200511080324
630102200111253521
630102200501240988
630102200101026632
630102200209253140
630102200509271121
63010220030107636X
630102199905105875
630102199901114942
630102200010028122
630102200509028471
630102199910167114
630102200011198414
630102199711192317
630102200310159861
63010219980411449X
630102200404123835
630102200610059520
63010220060721979X
630102199802084653
630102200408113300
630102200106270028
630102200202063889
630102200307274535
630102200310041687
630102199801212377
63010220041204642X
63010220050511134X
630102200010319915
630102199712186090
630102200302201388
630102200103255391
630102199902090831
630102200104279686
630102200408136633
630102199810030225
630102200502282338
630102200007308182
630102200306254006
630102199812233018
630102200210093447
630102200201139810
630102200402202206
630102200103077564
630102200301223198
63010220020604006X
630102200109164538
630102200012164814
630102199806210637
630102200107314731
630102200204217116
63010220010309492X
630102200610013629
63010219991008110X
630102200512259270
630102200211284843
63010219971015671X
630102200202142245
630102200605243892
630102200011277956
630102200106078976
630102200707051162
630102200508246688
63010219980321531X
630102200411182008
630102200410165281
630102200704161438
630102199904092670
630102200402120569
63010220070424070X
63010219990120522X
630102200010103866
630102200303050075
630102200004255425
630102200109078533
630102200404135043
630102199910163826
630102200010106856
630102199905271937
630102200703279231
630102200211276704
630102200505235262
630102200010112033
630102200012059790
630102200201221021
630102200012152530
630102200207059504
630102200311198600
630102200305254856
630102200603176075
630102199804019150
630102199808192743
630102199802268620
630102199711145238
630102200004130956
630102200406217499
63010220050903752X
630102199803027175
630102199902069901
630102200106010365
630102200511070329
630102200402297874
630102200101161113
630102200605224886
630102200010101596
630102200203248252
630102200604288044
630102200205076239
630102200607065671
630102199801014231
630102200307206583
630102199907120016
630102200111131057
630102200707232035
630102200209282160
630102200006196115
630102200601017476
630102200412219474
630102200108067867
63010220070214137X
630102200106056208
630102200606137960
63010220040816831X
630102199804013752
63010220060409133X
630102200204104656
63010220010811917X
630102199907287131
630102200103030600
630102200409273437
630102199808181649
630102200204283404
630102200207202972
630102200604170126
630102200105103084
630102200009163044
630102199807086957
63010219980326850X
630102200207200926
630102200602250341
630102200407151794
630102200303251985
63010220060509118X
630102200606017811
63010220020908747X
630102200201070219
630102200409297551
630102200003057144
630102200209043450
630102200209117587
630102200608150501
630102200507226546
630102200105148573
63010220051027301X
630102200501306238
630102200401112938
63010220010519334X
630102200008063615
630102200705205236
630102200010109109
630102200609076729
63010219981025654X
630102200105047545
630102199908109169
630102200309199970
630102200703110313
630102199903120457
630102199811300610
630102200203091777
630102199711175488
630102200207024408
630102200610234405
63010220021224240X
63010219981101004X
630102200502264121
630102200202183426
63010220050221524X
630102200412295733
630102200104182761
630102200207025064
630102200107093545
630102200605165839
630102200002160342
630102200405125947
630102200703027122
630102200206300466
630102200103107727
630102200407276087
630102200212252202
630102200603315960
630102200608210391
630102200609012143
630102200105315351
630102200312016020
630102200612200487
630102200503090792
630102200601175044
630102200409050479
630102200508048622
630102200301070224
630102200512139762
630102200309291099
630102200609141906
630102200006214504
630102200008089903
630102199910305900
630102200005086731
630102199904166684
630102200104237566
630102200007102205
630102199907160501
630102200401280819
630102199904192639
630102199804262679
630102200108065159
630102199907202994
630102200209255445
630102199905180883
63010219990725070X
630102200705279657
630102200002119964
630102200407133860
63010220041007059X
630102200208185238
630102199811286257
630102200201242324
630102199808122913
630102200111186293
630102200704075003
630102200605063277
630102199909117283
63010219980902774X
630102200708174527
630102199908025811
630102200410292926
63010219990120944X
630102200010041554
630102200310038373
630102200609010260
630102200111051698
630102200701024876
630102200007271359
630102199712206979
630102200208176729
630102200303024838
630102200603165157
63010220041215595X
630102200105109232
630102200005074992
630102199710143652
630102199809128970
630102200004133401
630102200101060865
630102200205110732
630102200107215696
630102200110208817
630102200101191654
630102200610238772
630102200306226996
630102200610297393
63010220000108638X
630102200509115145
630102200202273253
630102199712083796
630102200304235864
630102200104089524
630102200707220376
630102199907040278
630102200308198976
630102199804133789
630102200605109693
63010220060725515X
630102200507188930
630102200301199415
630102199807253639
630102200506225509
630102199905111933
630102200704276999
630102200605147454
63010220031022909X
63010220040502912X
630102200108169839
630102200010107410
630102200007172617
630102200208189140
630102200605231998
630102199810211130
630102200208227143
630102200304028961
630102200407158734
630102200204123478
630102200008015832
63010220050122905X
630102199908173320
630102200511191753
630102200104192812
630102199803224355
630102200105072089
630102199907026660
630102200410141183
63010219980608305X
630102199712242400
630102200010089363
63010220040722499X
630102199908249743
630102200701049432
630102200009067394
630102199906073617
630102200701307120
630102200503093627
630102200306274867
630102199711280341
630102200212317133
630102200206237751
630102199811270896
630102199911280303
63010220040420095X
630102200203293897
630102200405188470
630102200204273441
630102200705211927
630102200506034075
630102199808140927
630102200012041347
630102200301076490
63010219971105618X
630102199811114244
630102200004111237
63010219980911048X
630102200607258713
630102200510314942
63010220070517023X
630102199901309512
630102199902047067
630102200106285334
630102200312171768
630102200511141748
630102200708136037
630102200507291065
63010220000907536X
630102199910123939
630102200512183755
630102200312061729
630102200608236495
630102200704292278
630102200506109719
630102200201122584
630102200502222503
630102199802231916
63010219990218044X
63010220010717082X
63010220050630600X
63010220020802192X
630102200001275041
630102199812055805
630102200610222164
630102199711112794
630102200301313548
630102200604263533
63010219971016041X
63010219980909087X
630102199901097708
630102200305134176
630102200604061130
630102200307018822
630102200607251773
630102199712319690
630102200210076735
630102200704101232
630102200507135820
630102200507145578
630102199811118480
630102200009270835
630102199809247945
630102199911156302
630102200512053483
63010220000315987X
630102200308318755
630102200507160401
630102200502094871
630102199808247134
630102200703291062
630102200404145233
630102199802057364
630102200705241106
630102200304246707
630102199802154754
630102200701035436
630102200303111739
630102200103044615
63010220040612070X
630102200204270240
630102200010287888
630102199712274576
630102200701052834
63010219990527488X
630102200411085638
630102200507134772
630102199711123071
63010220050417252X
630102200702239684
630102200105165234
630102200502127098
630102200502112451
630102200103165302
630102199810046227
630102200104094737
630102200404029486
630102200510036137
630102199801314509
630102200503163445
630102199810114832
630102200306086727
630102200708305048
630102200109129708
630102200111157679
630102200205117360
630102200404130955
630102200608025954
630102200102105834
630102200310146358
630102200406102659
630102199812208656
630102199901190216
630102200603021196
630102200611284551
630102200006037544
630102199804116591
630102200704258598
630102200510305755
630102199711130722
630102199711273491
63010219990618718X
630102200506238588
630102200104216730
630102200604112217
630102200111150274
630102200701292344
630102200309021371
630102199808181454
630102200305066919
630102200701262065
630102200604183373
630102200703073321
630102200409223472
630102200505205514
630102200503167155
630102200205194489
630102199904183978
630102200605203719
630102199802018824
630102199710178775
630102199907146064
63010220030614662X
630102200108302660
630102200006214037
630102200512263819
63010219991214993X
630102200706235437
630102200003305902
630102200604130730
630102200203272121
630102200705077000
630102200005288210
630102200703294618
630102199901109991
63010220070224482X
630102199805253088
630102199802268575
630102200502199112
630102200007070135
630102199805167323
630102200202104679
630102200204211857
630102199907279692
63010220041130081X
630102200404307159
630102200105254528
630102200407031784
630102200210190028
630102200104102215
630102200304247531
630102200408073564
630102200705140815
630102200005305906
630102200103312990
63010220050428277X
630102200601312790
630102200507271822
630102200103237425
630102200010174269
630102200603065308
630102200407187156
630102200703265649
630102199807101985
630102200412056257
630102200701244481
630102200601278975
630102200111143373
630102200604284545
630102200303128848
630102199804043249
630102200406194549
63010219981023704X
630102200704123634
630102200511033560
630102199802054155
630102200108161263
630102200006028090
630102200305312585
630102199901118847
630102200103192634
630102199912174756
630102200608034180
630102200707104746
630102200601263132
63010220050715831X
630102200209269118
630102200702228264
630102199909265411
63010219980627119X
630102200305087189
630102199902242559
630102200004180507
630102199803220418
630102200512071892
630102199812229019
630102200602186300
630102199809236066
630102200110296650
630102200305143144
63010220051106958X
630102199807193410
630102200212035443
630102199906213616
630102199904042614
630102200210251994
630102200003302912
630102200707080799
630102200011051236
630102200209116664
630102200611265887
630102200306278358
630102200511305781
630102199909021847
630102199809125884
630102200006282603
630102200501087477
630102199904186976
630102200511306274
630102200502021357
630102200410137096
630102200108275324
630102200511162653
630102200504120463
630102200403253216
63010220070201176X
630102200411230188
63010220051021006X
630102199902220341
630102200006021382
63010220030817101X
630102200607098078
630102199912091299
630102200403222399
630102200205175974
63010219971223681X
630102200001083330
630102200008026574
630102200407204577
630102200503129183
63010220060107151X
630102200104134364
630102200309231977
63010219990713838X
630102200107303944
63010220040430429X
630102200707193275
630102200007180932
630102200108034010
630102200208053673
63010220020101871X
630102200507275727
630102200409119819
630102200404215019
630102200609058176
630102199906089029
630102200607177614
630102200206208096
630102200402242988
63010219990606936X
630102199711039216
630102200603040856
630102200611149739
630102200108095294
630102200512013190
630102200612313297
630102199907170291
630102200003065072
630102200512043824
630102199712112032
630102200110039320
63010220051111140X
630102200207088719
630102200309174167
630102200003084089
630102200611121496
630102200104266308
630102200601226630
630102200102288132
630102199909251829
630102200108140411
630102199810088013
630102199912034710
63010220070512425X
630102200708258130
630102200210137040
630102200306025684
630102200507271902
630102200309115095
630102199802153663
630102200405021849
63010220000420760X
630102200508316842
63010220000320874X
630102200509106900
630102200202191354
630102200302015737
630102200303279427
630102199805158873
630102200305038475
630102200108227189
630102200409214939
630102199908111517
63010220051213008X
63010220061220682X
630102200704307038
63010220061209352X
630102199903283061
630102200609139056
630102200409160205
63010219990117227X
630102200606196776
630102199801112130
630102199806134128
630102200101010630
630102200305317335
630102200604208200
63010220020620487X
630102200708114970
630102200506041398
630102200104211710
630102200704036733
630102200503076640
63010220070412803X
630102199904093649
630102199710285239
630102199802071422
630102199902073687
630102200007297284
630102200410150549
630102200606028991
630102200210272437
630102200709141153
63010220060608466X
630102199808031157
630102200006146097
630102200006113703
630102199804297441
630102200706110634
630102200312113162
630102200204080383
630102200105047975
630102200210270861
63010220000124304X
630102200310082905
630102199804109287
630102200308279266
630102200306257338
630102199810123536
630102199903190199
630102200506059467
630102200109291123
630102200601202022
630102200608228209
630102200512070574
630102200109027832
630102200308166974
630102200209193547
630102200106119264
63010219991114191X
63010220070214057X
630102200109169259
630102200005035045
63010220010416618X
630102199807213899
630102200707056756
630102200102020777
630102199804178522
630102200011268419
630102200105188081
630102200202210703
630102199805048607
630102199808266730
630102200410012402
630102200402062928
630102200411246884
630102200106215192
630102200708167941
630102200101094424
630102199711174004
630102200601185357
63010220050718522X
630102200604237052
630102200610094393
630102200201166616
630102200605034812
630102200305185926
630102199901189362
630102200204215065
630102200404160775
630102199907142856
630102200510221279
630102199712119824
630102199902183333
630102200402242005
630102199907027524
630102200205259131
630102200007279537
630102200312281254
630102200709130366
630102200609229764
630102200106071918
630102200502123249
630102200701253230
630102200408306524
63010220030419656X
630102199712237927
630102200512123015
630102200307025790
630102200601029346
630102200004100757
630102199909150489
630102200408109838
630102200703049145
630102199805037414
630102200402279983
630102200202051482
630102200511124577
630102199904133452
630102200012290239
630102200112136714
630102199811193157
630102200605206290
630102200411134006
630102199710125278
630102200310043586
630102200302280979
63010220060116728X
630102200109139842
630102200207216135
630102199712304827
630102199712087447
630102200206248418
630102199810151836
630102200304229595
630102200704089456
630102200203297054
630102199712201297
630102200609192025
630102200507188711
630102200001190312
630102199912145285
630102200008274404
630102200602022509
630102199903191861
630102199712072157
630102200703281008
63010220030523429X
630102200501240486
630102200608064240
63010220010728208X
630102200606191131
630102199902133416
630102199802156020
63010220030923625X
630102199812082870
630102200409246092
630102200503205617
630102199908282826
63010220010907898X
630102200607054497
630102200210010779
630102200512027322
630102200608137542
630102199904088671
630102199807265138
630102200501158212
630102200709035254
630102200002101692
630102199804206175
630102200703188567
63010219981211780X
630102200404248726
630102200107053551
630102199803026682
63010220011227210X
630102200707170006
630102200103225950
630102199810247694
630102199901082936
630102200006069570
63010220000602070X
630102200602211326
630102199901017528
630102200109171885
630102200503179834
630102200501028813
630102200505182535
630102200110161000
630102200211051417
630102199712108420
630102199912099581
630102199904304776
630102200509106601
630102200108107400
63010220010211508X
630102199901014300
630102200411125708
63010220070721104X
630102200409026268
630102200005159953
630102199804091937
630102199805197530
630102200110284203
63010220030511954X
630102200409274181
630102200610012044
630102199802145276
630102199911144862
630102200507267444
630102200306100867
630102200403235675
630102200707280395
630102199909074367
630102200405124805
630102200003224344
630102200410222899
630102199712132594
63010219990911754X
630102200509013835
630102199807203789
630102200312208102
630102200110305756
630102199811177149
630102200407047209
630102200604193141
630102199712238700
63010219990220179X
63010220000923886X
630102200504046857
630102200612074775
630102200604144067
630102200001092026
630102200512170890
630102200608168103
63010219990528261X
630102200510088586
630102200006298787
630102200504058444
630102200409109581
630102200307109919
630102200507049201
630102200501291232
630102200208298718
630102200508229060
630102200402120913
630102199911206453
630102199810153313
630102200103054872
630102200107229537
630102199802201039
630102200305132453
630102200705067988
630102200503061203
630102200508096229
630102200611137295
630102200105128177
630102200010173645
630102199808125604
63010220060520755X
630102199910302697
630102200205089582
63010220040722317X
630102200508026351
630102200609174492
630102200007209045
630102200110054096
630102200611171258
630102199906108074
630102200501154721
630102200004284824
630102200212151348
630102200008115112
630102200612064606
630102200109025220
630102200208240516
630102200612089037
630102200605241846
630102199905274409
630102200108101121
630102200604094776
630102200510042238
630102200303296163
630102200410231293
630102200703171028
630102200506169447
630102200608274168
630102199801186682
630102200007164211
630102200610168102
630102200706015055
630102199904146878
630102200102133077
630102200501195566
630102200206160061
630102200709219539
630102200407200381
63010219980203519X
63010219981027211X
630102200207275776
63010220020730758X
630102199712159287
630102200007017406
630102200011010442
630102200308160273
630102200509240309
630102200201254720
630102200504133256
63010219991128892X
630102200602138018
630102200212148624
630102200212059947
63010219981202294X
630102199807265816
630102199806235690
630102199908038460
630102200601105898
630102200010162612
630102200305015724
630102200111152384
630102200310184362
63010220061017166X
630102200609246572
630102200210037859
630102200205295853
630102200206188638
630102199808283151
63010220031125780X
630102200305158741
63010220031006052X
630102200308266297
630102200507228285
630102200705182839
630102200002043218
630102200202041882
630102200004062092
630102200410230653
630102200404018138
630102200411047754
630102200411098463
630102200503232025
630102200402270137
630102200104147317
630102199911250956
630102199911137443
630102199808043377
630102200509095949
630102200412207756
630102199808012095
630102200607051296
630102200501094634
630102199903037071
630102200202073956
630102200510076542
630102200404086800
630102200301271851
630102200709249383
630102200203191006
63010220011215869X
630102199904225867
630102199805133510
630102199710093448
63010220050330667X
630102200701019364
630102200610185172
630102200402181951
63010220020122015X
630102200010020227
63010220070926222X
630102200708088282
630102200702149478
630102200404128361
630102199908210873
63010220020912105X
630102200401030983
630102200101176358
630102199710187727
630102200106040724
630102199806191157
630102200605314144
630102200609068796
630102200702221775
630102200002279431
630102200205022142
630102200702150954
630102200106170908
630102200009012705
630102200509051321
630102200303042796
630102200108239622
630102200211192447
63010220020412880X
63010220010909965X
630102200210069439
630102200010148896
630102200206196718
630102200705021269
630102200001051283
630102200504084204
63010220010930019X
630102200405241112
630102200402154072
630102200704229068
630102200704089085
630102200303117436
630102200602251096
630102200701056210
630102200010198578
63010219980719355X
630102200707110089
630102200304011035
630102200103041668
630102200101317077
630102200301255763
630102199811236348
630102200109248942
630102200208097529
630102200602063896
630102200411237312
630102200501245738
630102200611215193
630102200606239369
630102199901285311
630102200402146080
630102200506159775
630102200405235652
630102199807145726
630102200005119986
630102200601073128
630102199904160135
63010220010517355X
630102200007114978
630102200106103422
630102200608052901
630102200406090678
630102200308227538
630102199806021772
630102199902242583
630102200606022530
630102199905226829
630102199907145395
630102200101245050
630102200111294307
630102200605296548
630102200102099964
630102200508048438
630102200204114723
630102200405200759
630102200209090046
630102199909234594
630102199907166874
630102200507174934
630102200512114856
630102200201122867
630102199711124250
630102200005125710
63010220060809241X
630102200505296735
630102200702165339
630102200112213601
630102199801138592
630102200411219325
630102199805243795
630102200409162008
630102199801148790
630102200407203961
630102200709078588
630102200004074560
630102200312228736
630102200305142862
630102199911069276
630102200412075159
630102200208112047
630102200611264585
630102200502222407
630102199901013383
630102200406256279
630102200708043172
630102200406121366
630102199906133659
630102199909073356
630102200006249205
630102200201316688
630102199808015309
630102200201102911
630102199806122354
630102200107201091
63010220060522638X
630102200504078410
63010219980317989X
630102200208294952
630102200402228713
630102200005256825
63010220001123389X
630102200012270705
630102200408304414
63010220000117833X
630102200003285235
630102200412311983
630102200709100896
630102200405080910
630102200502195533
630102200406081632
630102200709217832
630102200110312788
630102200110132349
630102200504029547
630102200003152627
630102200601111059
630102200705117586
630102200511292722
630102200301225951
630102199902172714
630102200610153605
630102199812224453
630102200304293335
630102199808298687
630102200303224629
630102200002289242
630102199803140952
630102199904279734
630102200008088118
630102200311245622
630102200012055765
630102200605173513
630102200104242672
630102199911057267
630102200004183345
630102200404117953
630102200309061656
630102199807021811
630102200704059863
63010220050816587X
630102200011112617
63010220070523255X
630102200308097382
630102200504296960
630102199911276240
630102199910029619
630102200203278953
630102200211192009
630102200401194398
630102200408097750
630102199906082898
63010219980130938X
63010220031118628X
63010220010117781X
630102200208141841
630102200311265252
630102200504096977
630102200701091366
630102199711213210
630102200001285792
630102199802112095
630102200705085772
630102200709167038
630102199903105935
630102199712240309
630102200610178669
630102199911224010
630102200601214832
630102200403163632
630102200310114065
630102200204065837
630102200508064577
630102200406295518
630102200212261352
630102200202034463
630102200212225271
630102200510112128
630102200505291256
630102199912269667
630102200309141496
630102199911126197
63010220070417700X
630102200610300230
630102200004158166
630102199805217060
630102200511154434
630102200305112700
630102200206272530
630102200209117376
630102200207313146
630102199805202643
630102199712069353
630102200106107917
630102199811087098
630102200109186382
630102200103055533
630102200007280108
630102200512073257
630102199903240555
630102200305171380
630102200107019599
630102200202078503
630102200209267438
630102200012061030
630102200008113088
630102199911173700
630102200501059740
630102200301175528
630102200703225209
630102200701114513
630102200309173260
630102200702267589
630102200611292674
630102199912056565
630102200105319424
630102200005212136
630102199908028625
630102199806141520
630102200409299653
630102200106220039
630102200606233549
630102200409287716
630102200011179010
630102200506072143
630102200006087138
630102200706012356
630102199802187505
630102199911162622
630102200007050476
63010219980417031X
630102200410277128
630102199812114430
630102200708109290
630102200402066670
630102200007126477
630102200407197418
630102200706094291
63010219980601365X
630102200202145681
630102200308290262
630102200109119091
630102199907221976
630102200403115788
630102199807117696
630102200510169773
630102200502174708
630102200702222057
63010220031109131X
630102200606223930
630102200001037780
630102200008090162
630102200503084835
630102200411040026
63010220040210442X
630102200112187861
630102199901169847
630102200006274507
630102200610288112
630102199906029034
630102200703065962
630102200105075036
630102200604168130
630102199909187484
630102199910311593
630102200110305887
630102200707062523
630102200703110938
630102200703258553
630102199904260769
630102200311247580
630102199812143469
630102200410111523
630102200610091571
630102200004231351
630102199807095220
63010220030504463X
630102200007155235
630102200212066469
630102200405255223
630102200504014687
630102200705074897
630102200402068203
630102200108243365
630102200607242471
630102200406165262
630102199907019807
630102200106177341
630102199803314596
630102200401029624
63010220030922534X
630102200204307541
630102200510044102
630102200604069431
630102199808187282
630102199912319441
630102199910034821
630102200010255931
630102200212071655
630102200104081522
630102199906085984
630102200010015284
630102200112025248
630102200612286778
630102200602063132
630102200105128193
630102200509224747
630102200003056213
630102200310084193
630102200612021833
630102200509109036
630102199805158427
630102200312163426
630102200411133900
63010220040710041X
630102200503157360
630102200708290595
630102200012234771
630102200409015489
630102199908278026
630102200101076592
630102200304123352
630102200407038329
630102200409208926
630102200410222311
63010220030516499X
63010219981201881X
630102200102246549
630102200510226926
630102200008186535
630102200503100700
630102199803098627
630102200107058758
630102200310097736
630102199810131368
630102199907298252
630102200112152597
63010220020408013X
630102200405029322
630102200202245332
63010220050530693X
630102200509066806
630102199908215754
630102199902091228
63010219980912219X
630102199806225599
630102200005215767
630102200702270040
630102200311125057
63010220040316351X
630102200002278586
630102200610281172
630102200011200481
630102199712171411
630102200104263721
630102200012025734
630102200201250682
630102200603097385
63010220070109142X
630102200609061850
630102200306305133
630102200509067147
630102200509164924
630102200011190703
630102199902217097
630102200507052398
630102199805208017
630102199808222674
630102199806082700
630102200111093783
630102200309299621
630102200207115262
630102199901132809
630102200309017225
630102200109207462
63010220061119357X
630102200507243258
630102200706013295
630102200507294530
630102200603060996
630102199810185198
630102200309173295
63010220000318643X
630102200411077208
630102200311118850
630102200707135171
630102200207186415
630102200002235615
63010220051009373X
630102200403099132
630102200401258339
630102199903171668
630102199911166965
630102199909223879
630102200105298520
63010220070621832X
630102200704014120
630102200306295983
630102199810239483
630102200610143423
630102200204124155
630102200605220797
630102199711049481
630102200205277014
630102200412127529
630102200701231875
630102199803152339
630102199806274489
63010220060921604X
63010220020729044X
630102200506279793
630102199807030283
630102200305240905
630102200708147596
630102199907048229
630102199712294681
630102199804282725
630102200305158020
630102200307041563
630102199810270341
63010220070210435X
630102200605040876
630102200512184942
630102200208025488
630102200001019638
630102200004275100
630102200310258069
630102200403171587
630102200612192229
630102200401142969
630102200201158229
630102200703229429
630102200703204651
630102199805225116
630102200502092032
630102200109260036
630102200606288400
630102200011061629
630102199904152506
630102200608192664
630102200302171166
630102200106031545
630102200609069537
630102200410110803
630102200204288328
630102200501127555
630102200405122420
630102199911242497
630102199811247848
630102200401127769
630102200607050664
630102200608185085
630102200002211437
630102200104141986
630102200412054593
630102199911222832
630102200702195538
630102200512078859
630102200004165171
630102200702284215
630102200512093987
630102200012043158
630102199810143107
630102200310187416
630102200503025675
630102200507243442
630102199808098319
630102200502171283
630102200203166943
630102200212282997
630102199807315895
630102199711219153
630102200403190016
63010220040820902X
630102200412305751
630102200608190909
630102199804230845
630102200503093571
630102200202098627
630102199902051306
630102200709137314
630102199910281785
630102199810164354
63010220040713701X
630102200510240461
630102199905255419
630102200312184438
630102200011144600
630102199910136975
630102200509271308
63010220040310830X
630102200307124203
630102200107214175
630102199811017372
630102200207319556
630102200701029044
630102200509182639
630102200007164924
630102200605017334
630102200210106615
630102200112225733
630102200107163937
630102200404242623
63010220010120817X
630102200105171204
630102200001054708
630102199808092507
630102200703011286
630102200410271658
63010219990122376X
630102200306055517
630102200004038850
630102200207204599
63010220050502473X
630102200703228872
630102200603269562
63010219990916045X
630102200009291089
630102199812174628
630102200606070444
63010220020701922X
630102199710296560
63010220030102616X
630102200605214020
630102200202130017
630102200306155737
630102200501046958
630102200306059788
630102200703117363
630102199901293792
630102200512120535
630102200702199758
630102200409308054
630102200407054062
630102200511276300
63010219991226388X
63010220020518896X
630102200304094053
630102200110315751
630102199711264835
630102199710158037
630102200010249566
630102199910108878
630102199912267602
630102200402270487
630102200704079899
630102200208219661
630102200111305133
630102200308205304
630102200208225383
630102200301132886
630102200512158349
630102200101095435
630102199812158871
630102200312011457
630102200012152696
630102199902053168
630102200511240877
630102200603220240
630102200105138834
630102200202151379
630102200603312161
630102200709109209
630102199905283444
630102200601218534
63010220030607382X
630102200412113987
630102200509187851
630102200103306304
630102200112121395
630102200311034892
630102200406272156
63010219980522712X
630102200205091447
630102199902097144
630102200611257764
630102200505192776
630102200709124564
630102200410111574
630102200506155467
630102200412044846
630102200709274378
630102200606028203
630102200102153748
630102200608153438
630102200306255375
63010220060527842X
630102200108220526
63010220060121658X
630102200604208788
630102199712215859
630102200510182281
630102200006179542
630102200206132132
63010219980128854X
630102200403256193
630102200101016178
63010220000111263X
630102200109123832
630102200304272788
630102200709109452
630102199906230299
630102199712122708
630102200002147201
630102199910231358
630102200703084581
630102199806195529
630102199906096798
63010220000719199X
630102200412212539
63010220030106879X
630102199711016380
630102200105168208
630102199805316376
630102200209207048
630102199811219767
630102200301156706
630102199811044194
63010219991013649X
630102200104120050
630102199809188121
630102200511299203
630102200103291050
630102200101267487
630102200212133449
630102200008260942
630102199711301931
630102200301179166
630102200004203326
63010220060207363X
630102200406236737
63010219980302402X
630102200007209491
630102200307093128
630102200103112171
630102200507253106
630102200210067804
630102200704236591
630102200503307541
630102200307046698
630102200212091592
630102200012245972
630102199905095793
630102200512204659
630102199903153734
630102200601027471
630102200705158759
630102199907275747
63010220070429971X
630102200707061547
630102200310318623
630102200108119962
630102200408104041
630102200207277819
630102200608190175
63010220011011540X
630102199710019045
630102200310149698
630102200707154540
630102200505211746
630102200706029887
63010220030212671X
630102199809016741
630102200505066606
63010220020730029X
630102199811089413
630102200408215446
630102200510206917
630102200703060897
630102200506189931
630102199906017703
630102199802098588
630102200201142227
630102200707316589
630102200502052268
630102200410116949
63010220060614276X
630102200404292137
630102199803084081
630102200201257585
630102200409238738
630102200301043218
630102200109166170
630102200702017758
630102200701159535
630102200410081934
630102200102072729
630102200404282537
630102200204097601
630102200608038296
630102200304119396
630102200602210753
630102200004179485
630102199710300398
630102200602094131
630102200701178832
630102199907200761
630102200104208140
630102200403265751
630102200406019505
630102200707064131
630102200501207504
63010219980123885X
630102200601237022
630102200112261793
630102199807199062
63010220020412493X
630102199801304714
630102200111171518
630102200308051587
630102200501133488
630102200409032561
63010220040205459X
630102200408126988
630102200505156927
630102200304254053
630102200008280388
630102200608078124
63010220010314259X
63010220070220270X
630102199902251172
630102200111012744
630102200202253324
630102200301065783
63010220030223506X
630102200603014420
63010220010102205X
630102200312059573
630102200510187891
630102200311061110
630102200408220843
630102200203100207
630102200606226808
630102199903233021
630102199710141518
630102200502206319
630102200008027569
630102199910289242
630102200110246303
630102200603237077
630102200409160870
630102200004176524
630102199905179233
630102200008190331
630102200010049628
630102200705068956
630102199908113969
630102199904115692
630102200607022532
630102199712043671
630102199902042055
630102200210163513
630102200106179005
630102200701160210
630102200107319110
63010220040901462X
630102200005088374
630102199904140556
630102200608059038
630102200003143480
630102200312084314
630102200502133594
630102200105301689
630102200609212188
630102200105111682
630102200302206592
630102200005281385
630102200606273639
630102200007258373
630102200301262576
630102199810104319
630102199902278201
630102200205273160
630102200410107567
630102199905018659
630102200502096025
630102200703143481
630102200011226868
630102199808161293
630102200410087586
630102200203132946
630102200003274341
630102200012226536
630102199807157591
630102200303076363
630102200403282295
630102200109079878
630102200211280500
630102200002036122
630102199711303830
630102199801018144
630102200103060295
630102200704018578
630102200202118771
630102200105074383
630102199907108500
630102199907167252
630102199801070284
630102200306128552
630102200111283149
630102200104309232
630102200308058738
630102200411254323
630102200009026752
630102200701117343
63010220000122333X
630102200410260625
630102200606260037
630102199903141696
630102200010263915
630102200607031447
630102200203157203
630102200204102052
630102200108306952
630102199711248464
630102200307121942
630102200103095324
630102200402169434
630102199812199497
630102199908068088
630102200303140695
630102200607161364
63010219980401873X
630102200310301135
630102200311094991
63010220041128299X
630102200509098509
630102200005059274
63010220011003276X
630102200503201288
63010220020722248X
630102199905204611
630102200006291518
630102200608281296
630102200111015750
630102200702250357
630102200010124966
630102199906107135
630102200506139424
630102200607169438
630102199809087443
630102199907021990
630102200707172458
630102200101259284
63010220031125529X
63010220010619976X
630102199712106791
630102200511306186
63010219981007368X
630102200502017622
630102200410056317
630102199902180001
630102200210308305
630102200204147445
630102200701140973
630102200201162754
630102200012025144
630102200209225529
630102200012307870
630102200512243527
630102200302176880
630102200005024004
630102200403075739
630102199807160731
630102200510246636
630102200404120538
630102200304029067
630102200401159488
63010220041120019X
630102199910119788
630102200505032676
630102200004114809
630102200107305173
630102200604014174
630102200508226505
630102200509102037
630102200706191526
630102200403065717
63010220020816041X
630102200005124785
63010220011030901X
63010220050114411X
630102200707128852
630102200002134910
630102200506301831
630102200105266975
630102200005311724
630102200210257974
630102200404278263
630102200110123469
630102200411286560
630102199804105139
63010219991023652X
630102200108224447
630102200105151465
630102200201079045
630102200505250243
630102200403314197
630102199805256799
630102200006080147
630102200607290844
630102200407167657
630102200509297786
630102200612212146
630102200109187828
630102200407200592
630102200409304264
63010219981025101X
630102200006043733
63010220010429363X
630102199906206467
63010220041101213X
630102200309287348
630102199804146635
630102200605174188
630102200306270516
630102200105030989
630102200004129787
63010220031126089X
63010220030509774X
630102200511133852
630102200007229716
630102199807081857
630102200408147367
630102199809243987
63010220001215128X
630102199806210338
630102199908201221
630102200305286890
630102199805217247
630102200104267781
630102200101147047
630102200703127190
630102200504089590
63010220010314929X
63010220010521581X
630102199907046135
63010220041208133X
630102200110023142
630102199805159868
630102199808249439
630102200005164816
630102200306012007
630102200201042656
630102200102124998
630102200012174676
630102200705295630
630102199906164041
630102200201164960
630102200005236592
630102200503019187
630102199905260314
630102200008182921
630102199906283251
630102200310250657
630102200204219672
630102200012239759
630102199904067010
630102200310053821
630102200505193904
630102199904281957
630102200102026255
630102200407228608
630102200611212857
630102200504213061
630102200612103679
63010219971125862X
630102200209043418
630102199801229910
630102200004103552
630102200107226045
630102200504298712
630102199802175539
630102200601168741
630102200212094566
630102199811216101
630102200705018561
630102200304151556
630102200211038546
630102200412066236
630102200108033616
630102200105011622
630102200410035874
630102200012240565
630102200607269869
63010219990819181X
630102200205041896
630102200709245374
630102200506141663
630102199806220990
630102200702106793
630102200611012783
630102200003033484
630102200306287801
630102200603248550
630102200206234083
630102200508297688
63010220010213298X
630102199903236847
630102200107163419
630102200308146818
630102200104102848
630102200009205275
630102199912204951
630102200006152884
630102199907073459
63010219991008671X
630102200111168941
630102199912043967
630102200310044503
630102200007306080
630102200602124353
630102200012032133
630102200304173392
630102200612090046
630102200310219318
630102199807300116
630102199909156370
630102200002170022
630102199906184413
630102200302214920
630102200506158975
630102200301191587
630102200309231803
630102200005239603
630102199801204852
630102199901024453
630102200702120229
630102200005234482
630102200108026846
630102199902031938
630102200208024012
630102200602110795
630102199806073660
630102200410145109
630102200705109332
630102200210111617
63010220070404539X
630102200612108023
630102199902233118
630102200112184177
630102200503101391
630102200702190235
630102200310285534
63010220000118238X
63010220011215666X
63010220011005597X
630102200101034894
630102200304089879
630102199911117653
630102200702162138
630102200601281250
630102200312238328
630102200411289358
630102199801167262
630102200203198128
630102200705070183
630102200210262765
630102200407127639
63010220001113017X
630102200405062157
630102200602114825
630102200605134135
630102200501245340
630102200206190084
630102199902196177
630102200605307921
630102200703010339
630102199901175964
630102200404124694
63010220010507536X
63010219980715135X
63010219980311499X
630102200012177324
630102199906185539
630102200102178830
630102200610107449
630102199807029039
630102200311241736
630102200208217236
63010220051119599X
630102200505038381
63010220010506779X
630102199908244168
630102199801201045
630102199803026893
630102200610128792
630102200109279861
630102200504091965
630102200609247671
630102200405288439
630102200307079975
630102200308102815
630102200510275357
630102199812097108
630102200406070052
63010220020506342X
630102200601310103
630102200604225027
63010219990205905X
630102200001070193
630102199712318612
63010220000406336X
630102200405131984
630102199902213731
630102200311215271
630102200012078406
630102200303187792
63010220031103872X
630102200109188644
630102199912226595
630102199905185908
630102200607167432
630102200006043231
630102200601242075
630102200302095060
63010220050503142X
630102200605113406
630102200706059891
630102199807298714
630102200110027119
630102199810158448
630102200007049205
630102199711306724
630102199710105883
630102200405260604
630102199905243362
630102200706308018
630102199905182408
630102199910267545
630102200204243517
630102200008184492
630102200306193055
63010220000708692X
630102200511121624
630102200204142644
630102200210027036
630102200508010691
630102200007292862
630102200112152976
630102200409094076
630102200303313058
630102200607313532
630102200402120374
630102200402269697
630102199801252934
630102200004036097
630102200502288385
630102199710052144
630102200406236315
630102200503207751
630102199806223008
630102200505147780
630102200401236308
630102200112037759
630102199908148459
630102199802277578
630102200003273699
630102200612111177
630102200608143125
63010220020125718X
630102200607045304
630102200201197252
630102200512261717
630102199906100822
630102200303235520
630102200211153739
630102199803284657
630102199808044193
630102200406085182
630102200309136478
630102200202243935
630102200008088767
630102199912126201
630102200109176459
630102200507319291
630102199908243683
630102200009171183
630102200406038714
630102200501153323
630102200601284216
630102200006281862
630102200610122091
630102200203283402
630102199902100251
630102200309201030
630102199906193213
630102199909146586
630102200403258260
63010220070624865X
630102200112102952
630102199901103637
630102200606256732
630102200502083427
630102200709112694
630102199811249237
630102199912070391
630102200504012921
630102199711160278
630102200007275157
630102199811236567
630102199905160436
630102200003110742
630102199912250835
630102200607208396
630102200601167618
630102200702119092
630102200007221044
630102200401177627
630102200506242069
630102199903258464
630102200209185395
630102200509080739
630102199806107680
630102200102063814
630102200610276672
630102199806045539
630102200107014253
630102200110126651
630102200311035764
630102200507268850
630102200302128977
630102199807036271
630102200404090447
630102200509305993
630102200310093233
630102200409257883
630102200204064092
630102200212144818
630102200603255646
630102200506118527
630102199805203160
630102200405311627
630102199801224108
630102200302161582
630102200111177290
63010220001201009X
630102200609166935
630102200503094208
630102200608213381
630102200003062592
630102200307227974
630102199908114873
630102200110042116
630102200204033915
630102199908229005
630102200701304819
630102200603115088
630102200605277443
630102199804034692
63010220070608208X
630102200201164979
630102200401172500
630102200108163672
630102200206155596
630102200408213870
630102200510181203
63010219990605335X
630102199902182365
630102200204124374
630102199908268629
630102200212203224
630102200701015603
630102200504098323
63010220010531261X
630102200203076497
630102200003278676
630102200601061936
63010219990117331X
630102200612040524
630102200607212280
630102199908282324
630102200503053473
630102200303199451
630102200611174803
630102200506297350
630102200506129795
630102200307228897
630102200303205102
630102199903236185
630102200303313648
630102199807226841
630102200506029751
630102199810302622
630102200704021603
630102200706107195
630102200101259372
63010220010516360X
630102199904012597
630102200402243307
630102200409122348
630102200612127988
630102199907166479
630102200709058675
630102200707214793
630102200110305633
630102200008062727
630102200703088320
630102200602052214
630102200608298709
630102200705030851
630102200511219621
630102200602130681
630102200509142864
630102200009041194
630102200611186724
630102199807221020
630102200212095227
630102200308114269
630102200210142368
630102200002179609
630102200405216160
630102199803176955
630102200708142058
630102199910234233
630102199907189478
630102200108201878
630102199911105759
630102200704216451
63010219981003666X
630102200210285334
630102199802169366
630102200707077952
630102200311044230
630102200009045451
630102200102095082
630102200012035617
630102200309037859
630102199801292899
630102200111307788
630102199802017653
63010220040923194X
630102200306169549
630102200707085055
630102200304125550
630102200112054436
630102200212132550
630102199907021798
630102200012071626
630102200408120623
630102199912078238
630102200603014586
630102200602187100
630102199907259923
630102200704297423
630102200004080426
630102200709131457
63010220030830269X
630102200001207882
630102200511265695
630102200701044236
630102200404173488
630102200611154183
630102200602242704
630102200210148911
630102200310088872
630102200306251841
630102200012033523
630102199801269365
630102200610064709
630102200512261223
630102200010184854
630102200604022502
63010219971026944X
630102200706149168
630102200601101504
630102200108088473
630102200308207406
630102200209296589
630102200312265238
630102200707258200
630102200509116711
630102200708301071
630102200208299470
630102200402019559
630102200212204702
630102200201193040
630102200305064462
630102199811084962
63010220050207968X
630102199803212493
630102199710168905
630102200211153528
63010220031130598X
630102200607244936
63010220070718204X
630102200108158945
630102200011213696
630102200505145793
630102200102011918
630102200404260506
630102200010198922
630102199904251790
630102200609083371
63010220001211717X
630102200509238508
630102200604071435
630102200703035982
630102200606225231
630102200108076851
63010219971002264X
630102199811053090
630102200207192348
630102200508297477
63010220001223961X
630102199809190846
630102200312101524
630102200102209748
63010220040619184X
630102200303111958
630102200507286856
630102200006058812
630102200608248832
63010220061114556X
630102199801014522
630102199903074913
630102200511155111
630102200503085803
630102200301198228
630102200708015438
630102200102199738
630102200507303206
630102200612171700
63010219971109344X
630102200406051732
630102200005086141
630102200209149044
630102200705159428
630102200312309851
630102200105074690
63010220010525793X
630102200612045261
630102200111096909
630102200405099267
630102200109225206
630102200212164034
630102199907051743
630102200211024937
630102200201021062
630102200602278408
630102199710279920
630102200508014342
630102200408042223
630102200509180975
630102200108126994
630102199712120649
630102199806169822
630102200307100543
630102200106058860
630102200607050920
63010220070615096X
630102199712213917
630102200405287110
630102200612281432
630102200703096937
630102199711033586
630102200701042900
630102200509248861
630102200004229411
630102200109180116
630102200209292326
630102200005097844
630102200510250299
63010220001206686X
630102200511080359
630102200403301249
630102200204300569
630102200310116650
630102199909136169
630102200508288765
63010220070901498X
630102200602236961
630102200506047677
63010220030502337X
630102200610168954
630102200003220351
630102200608018885
630102200211222984
630102200107071012
630102200012082755
630102200504080393
630102200312260285
630102200307298393
630102200301147367
630102200604271218
63010220020417585X
630102200708114524
630102199807101731
630102199812068526
630102200403189795
63010220000710610X
630102200604230221
630102200207153795
630102200006271015
630102200208196850
63010220051224137X
630102200709132185
630102200602098087
630102200004040109
630102200012149753
630102199905201955
630102200105078966
63010220051014949X
630102200509302450
630102200310196806
630102199908184927
630102199803010971
630102200507257318
630102199808206586
630102200705290506
630102200310158981
630102200401306310
63010220000114739X
630102200007188459
630102200410233328
630102200607017506
630102199904293990
630102200011192039
630102200109186913
630102199712116500
630102200602080848
630102200407300710
630102200012244275
630102200009271643
630102199905211950
630102200404263117
630102200707175384
630102200404249905
630102200309233059
630102199904194298
630102200206285163
630102200612097328
630102200401120102
63010220010307307X
630102200510272519
630102199808116900
630102200309106543
63010219971210522X
630102200611185182
630102200109114637
630102200303052740
630102200211252032
630102200602200563
630102200612052859
630102200601137013
630102200201273251
63010220070526886X
63010220010816777X
630102200512093258
63010219990707550X
630102199803054587
630102200403252002
630102199803158247
630102200309014972
630102200708103163
630102199908037820
630102200301057898
630102200301064262
630102200602071298
63010220030608393X
630102200101066650
630102200406151389
630102200103237601
630102200610030971
630102200610147766
630102199804301340
630102200505276072
630102200611141833
630102200303103640
630102200409205442
630102200206061514
630102200209021972
630102200701069660
630102200408012761
630102200003088493
630102199802271811
63010220001207611X
630102199710043264
630102200003164791
630102200404188751
630102200310317241
630102200209294188
63010220060413415X
630102200308309146
630102200411163130
630102199910229004
630102200606156483
630102200703148370
630102199712102555
630102200101288851
630102199806042215
630102200701309337
630102200302094674
630102200210208320
630102200310065697
630102200503080551
630102200109227332
630102200011195766
630102200604286786
630102199909285930
630102200109208481
630102200002070769
630102200008059894
630102199805275981
630102200708205194
630102200701019495
63010220040612476X
630102199902021609
630102200204031952
630102200011137208
630102200307247748
630102199907104825
630102200608100627
630102200612038803
630102200705305229
630102200603153084
630102200206248215
630102199908240191
630102200608128160
630102200410055453
630102200412306172
630102200705253115
63010220000321754X
630102200012043545
630102200404193788
630102199804050684
630102200101168710
630102200211010500
63010220010818473X
630102199908211593
630102200101314482
630102200404025477
63010220040602884X
630102200606157494
630102200309010146
630102200101280104
630102200309212960
630102200601015032
63010220050328946X
630102200610219395
630102200310196179
630102200408045571
630102200204133422
630102200508294209
630102200308232708
630102199910201810
630102199710151417
630102200611053753
630102200407283631
630102200109059113
630102200207033945
630102200207061719
630102199903285593
630102199808058341
630102200311303271
630102200212255948
630102200011064125
63010220070801577X
630102200108169249
630102200009084143
630102200004126359
630102200510106932
630102200106255688
630102200609151688
630102199811229412
630102199711303195
630102199808034323
630102199809013460
63010220060603323X
630102200407046310
630102200106173105
630102200606188354
630102200209089950
630102200703248216
630102200603173691
630102200308243458
630102200505248397
630102200409164687
63010220060504747X
630102199808094705
630102200508252877
630102200708318105
63010220041206082X
630102200411301839
63010220030625601X
630102200308173226
630102200612288001
630102200308318069
630102199901237758
630102200204165387
630102200402042126
630102200507186521
630102200003227668
630102200211266477
630102199909055836
630102200311146392
630102200006127574
630102200007296636
630102199901147154
630102200507278645
630102200003038832
630102200605202484
630102200604156092
630102200407038521
630102200701098875
630102200302236759
630102200309227708
630102200504024949
63010220020201573X
630102200302249162
630102200210227695
630102199901117609
630102200205290278
630102200707130936
630102200702143252
630102200606307755
630102200405050252
63010220050405155X
630102200606179722
630102200612199287
630102199907131428
630102200611181560
630102200403153629
63010220070510307X
630102200409189438
630102199903147107
630102200111206848
630102200105311908
630102200611129594
63010220050317083X
630102199909109267
630102200401030465
630102200304231572
630102200107309107
630102200604220066
630102199808222084
63010220011213628X
630102200508023898
630102200709137437
630102200708295847
630102200211213009
630102200709217584
63010220070724604X
630102200311176129
630102200709180865
630102199806102169
630102200011214592
630102200304211942
630102200008145696
630102200603310764
630102199902113722
630102200305277433
630102200305052170
630102199810261197
630102200306027911
630102199808093868
630102200409155959
630102199903259344
630102200107192623
630102200501302173
630102199805111151
630102200302152854
63010219981227029X
630102200612016516
630102200110082871
63010220030918981X
630102200212097249
630102200606179028
630102199807072897
630102199901255892
630102200010081564
630102200003254658
630102199805093141
630102200010296071
630102200408104228
630102200304256390
630102200301184045
63010220000408657X
630102200604123821
63010220010504191X
630102200302034874
630102200308303182
630102200512012614
630102200008070970
630102199905010358
630102200111050687
630102200705060794
630102200011070162
630102200505123535
630102200104089081
630102200508099518
630102200111149281
63010219981203748X
630102199904078588
630102200312089967
630102200503300876
630102199801127527
630102200105183491
630102199801039690
630102200410061597
630102200310176960
630102200308229832
630102200702145047
630102200103316780
630102200506011340
63010220000517941X
630102200205239114
630102200201103121
630102200211198873
630102200402068692
630102200309175311
63010220040605911X
630102200705031395
630102199805036796
630102200303152362
630102200011237321
630102200111288724
630102200002096117
630102200507164787
630102199804213607
630102199905030658
630102200610117444
630102200608056734
630102200503113544
630102200707033327
630102200203201796
630102200610172195
630102200508062459
630102200212131590
630102200501043386
630102200310018233
630102200612267286
630102200012233285
630102200504261979
630102199710173456
630102199904208792
630102200007010693
63010220021219724X
630102199807156185
630102200709126260
630102200109181629
630102200310272004
630102200203160373
630102199806098075
630102200709270692
630102200508216104
630102200105072994
630102200404276110
630102200507087806
630102200203052903
630102199910020796
630102200108025851
630102200104074242
630102200302224766
630102200204114520
630102200509293179
630102200002048078
630102200311247089
630102199809304700
630102200512156941
630102200302270244
630102199905234474
630102200609290530
630102200207251563
630102200205023823
630102200608145569
630102200409093436
630102200104163819
63010219990909574X
630102200503222150
630102199904289107
630102200007281151
630102200612220736
630102199804234475
630102200209055662
630102200006169168
630102200502059144
63010220060423517X
630102200210122367
630102200009020959
630102199908046743
630102200009210015
630102200506051449
630102200506079812
63010220020601323X
630102200410304632
630102200403158999
63010220060917154X
630102199903318148
63010220070317881X
630102200003293593
630102200308185366
630102200408065054
630102200601021053
630102199803163433
630102199904170173
630102199912186466
630102200509130134
630102200708098739
630102200105032896
630102200012170448
630102200306182823
630102199807153195
630102200603267612
630102200702180010
630102200705172585
63010220020907218X
630102200210315695
630102200401148324
630102200004226544
630102200411218031
630102200305141755
630102200002164933
630102199911200457
630102199805117633
630102200201055852
630102200705179082
630102200207106251
630102200705067961
630102200008202515
630102200410112622
630102199801181961
630102200403047666
630102200601167132
630102199812166564
63010220010715642X
630102200602090309
63010219990329422X
630102199902082743
63010220010323120X
630102200309085973
63010220061028359X
630102200402032796
630102200405037488
630102200503021500
630102200408124384
630102200107216787
630102199907234347
630102200012038201
630102200105239758
630102200401298779
630102200311181489
630102200109104260
630102200004038105
630102200303164312
630102200104282623
630102200408149020
63010220011007621X
630102200708165057
630102200206171537
630102200311079433
630102200010047198
630102200010186569
630102199809303425
630102200504205416
630102200312092509
630102199801122224
630102199806158680
630102200112115614
630102200405158829
630102200705280527
630102200109236570
630102200109072799
630102200111262532
630102200203302263
630102200412152775
630102200202089667
630102200209110465
630102200107292683
630102199903310154
630102199905089414
630102200605012541
630102200105126040
630102200509092107
630102200702101837
630102199803096517
630102199808198483
630102200604141042
630102199905115862
630102200008010804
630102200004144688
630102200211235726
630102200412090738
630102200509111937
630102200703218826
630102200305068033
630102200406014253
630102200508157589
630102200304102973
630102200212059787
630102200707187692
630102200409261997
630102199912201785
630102200709173358
630102200105289392
630102200705221666
630102200503135778
630102200304171944
630102200206143667
630102199712262196
63010220000402490X
630102200401055304
630102199811237105
630102200606047922
630102200509232907
630102200604215582
630102200204190072
630102200107157369
63010219990525386X
630102200308247395
630102200603247902
63010219971028229X
630102200408264184
630102200209277169
630102200609123273
630102200404247256
630102199803178774
630102200702038399
630102200307118532
630102199804246513
630102200103315075
630102200609232680
630102200502137878
630102200606147835
630102200209196879
630102200102238872
63010220050821925X
630102200312149106
63010220061231744X
630102200505241101
630102200510220866
630102200002226591
630102200603307266
630102200107184172
630102200406290581
630102200112279686
630102200611054844
630102200704122586
630102200007077003
630102200105313436
630102200303155432
630102199809244832
630102200011269462
630102200109165805
630102199907205466
630102200412046876
63010220050802986X
630102200612124242
63010220040225775X
630102199910056107
630102200109015313
63010220000124857X
63010219980922476X
630102200308069496
630102200707042418
630102200403083915
630102199805041624
630102200404046198
630102199808282116
630102200101088921
630102200202106295
630102200503061625
630102200504183333
630102200501118608
630102199909095213
630102199803296455
630102200309037613
630102199812215442
630102200004228435
630102200707216465
630102200503133131
63010220040826124X
630102200610258810
630102200204079585
630102200604246952
630102200303266327
630102199710117040
630102200412058930
630102200304281756
630102200405158618
630102200512170284
630102200505257533
630102200210188673
630102200007038098
630102200208282900
630102200404185323
63010220040203031X
630102199910211154
63010220061220578X
630102199801157259
630102200605209862
63010219990630207X
630102200304210739
630102200301077776
630102200611066036
630102200611127396
630102199902023647
630102200606232714
630102200708251764
630102200406027046
630102200604094290
630102200701253361
630102200703055801
630102199907259974
630102199905100708
630102200203155697
630102200212154573
63010219980828500X
630102199912222148
630102200605288919
63010220051119310X
630102200707257216
630102200504054822
630102200611186951
630102200309228751
63010220000406491X
630102200105299320
630102200702264687
630102200207089527
630102200307279491
630102199808189560
630102200109060771
630102200101257166
630102200403236264
630102200303298249
630102199904298396
630102200012144805
630102200110054504
630102200310259352
630102200402060981
630102200205196599
630102200502245975
630102200501089763
630102200505233849
630102200307043825
630102200312092963
630102200005079689
630102199911016473
630102200109132413
630102200611290011
630102200406291824
630102200003269147
630102200507177967
630102199811183151
630102200306111259
63010219980405401X
630102200212306346
630102200405301242
630102200508283104
630102200105240820
63010219971112615X
630102200605059745
630102200511193687
630102200603043846
630102200102143427
630102200510045762
630102199810225110
630102200103288433
630102200703189308
630102200508263680
630102200610208530
630102200510300268
630102200211122166
630102199904113021
63010220021203562X
630102200512052472
630102200505176688
630102200308136767
630102200012090552
630102200210109461
630102199806035277
630102200511185185
630102200607183686
630102200601088784
630102200508184376
630102200405253885
630102199710299067
63010220070119711X
630102200008220756
630102200102163057
630102200409253903
630102200106134616
630102200304169377
630102199810098852
630102200303276031
630102200506118260
630102200501294097
63010220030511276X
63010220051223230X
630102199912273041
630102200202156735
630102200208129260
630102199904196904
630102199908080423
630102199801033176
630102200308155802
63010220040925421X
630102199710096235
630102200112120202
630102200405271493
630102200303196189
630102200703263440
630102200109042274
630102199904073584
630102200602167935
630102200403150022
630102200505302648
630102200508108314
630102200507047898
630102200611090124
630102200702199635
630102200302262586
630102200101062828
630102199711156324
630102200203276798
630102200006228295
630102199711226521
630102200707112383
630102200111268045
630102200607198159
630102199810268284
630102200111235016
630102200704059580
630102200507080110
630102200105206243
630102200002248440
630102199805113464
63010220041126664X
630102200302198908
630102200607034701
630102199806020139
630102200312100150
630102199805293856
630102200009044264
630102200111226195
630102200203182417
630102200207118172
63010219991125333X
630102199803067580
630102200106200521
63010220000425086X
630102200505318850
630102199911295687
630102199712143664
630102200406234950
630102200404208599
630102200404069410
63010220021123378X
630102200609252294
630102200201176240
630102200501164030
630102200102263496
630102200705284501
630102200012186116
630102200503017392
630102200612108349
630102200401184560
63010219990523161X
630102200602190369
630102200405259953
630102200307081370
630102200305209385
630102200006068164
630102199911157516
630102199906308201
63010219980424012X
630102199807037370
630102200609018641
630102200112139667
630102199905198813
630102200002289226
630102200506060695
630102200006077036
630102199903069663
630102200405305753
630102200010080051
630102200312152444
630102200112104464
630102200012236902
630102199806014556
630102200105066826
630102200211202836
630102200703142120
630102200002088192
630102200411210312
630102200103131735
63010220010819740X
630102200312312786
630102199909114824
630102200010299846
630102200702185559
630102200405229391
630102199901286082
630102200701013181
630102200103276918
630102200408112594
630102200607050947
630102200108286197
630102200401286153
630102199912053970
630102200306275659
630102200609129747
63010219991215187X
630102200212239905
630102200309130287
630102200009164549
630102200512247819
63010220010202062X
63010220040217847X
630102200010196919
630102199810024116
630102200704177931
630102200105044803
630102200207262588
630102200608192672
63010220040619635X
630102200201130816
630102199806130557
630102199808046615
630102200309213103
630102200110298226
630102199912281180
630102200108197776
630102199912222949
630102200006170935
630102200403032560
630102200409279695
630102200405037015
630102200103119381
630102200409086703
63010220010208173X
630102200211030659
630102200505094009
630102200302101328
630102199807203404
630102199911299231
630102200407049706
630102200303115115
630102200406168391
630102200103161184
630102199902283764
630102200207294109
630102200211285889
630102200206169365
630102200312129754
630102200112259722
630102200408075041
630102199812111096
63010220040203664X
630102200202108936
630102200003115017
630102199902287191
630102200503220526
630102199807068660
630102200704127715
630102200502285213
630102200410068123
63010220050607865X
630102200304051440
630102200208299905
630102200709206586
630102199812174222
630102199910200420
630102200702196901
630102199803039870
630102200509059825
630102200109053096
630102200011287038
630102200202092794
630102200604135654
630102200505296997
630102200412307079
630102200612059241
630102200309265894
630102200302155561
630102200301297568
630102199903257947
630102200005010876
630102200212173563
630102199712263746
630102199711049828
630102199908281743
630102200210094351
630102200108082784
630102200503030212
630102199803249536
630102200703271811
630102200102195630
630102200608072881
630102200404235458
630102200506236048
630102200202261746
630102199807185410
630102200003292873
630102200601164046
630102200401128286
630102199912044919
630102200006200436
630102200112123243
630102200207156654
630102199903096354
630102200210291152
630102199908144204
630102200612180391
630102200401096915
630102200107158839
630102200412265454
63010220031201325X
630102200301249806
630102199902021457
630102200102037384
630102200008229531
630102199909043763
630102200603075506
630102200608053437
630102200311154528
630102200501187777
630102199710061374
63010220070715441X
630102200209138169
630102200311205217
630102200411075544
630102200209295607
630102200603214393
630102200108028876
630102199804143987
630102199911148222
630102200507180082
630102200312046828
630102200703302630
630102200707025167
630102200401265758
630102199710239128
630102199910204843
630102200607193067
630102200007068465
630102200602261569
630102200008056706
630102200306252174
630102200612287690
630102200605085978
630102200505160934
630102199906184149
630102200204146928
630102200307025854
630102200006153414
630102200405114172
63010220050629431X
630102200705100047
630102200006254258
630102200512087771
630102200010117619
630102200701203962
630102200103105553
630102200302140503
630102200003098077
630102200003198828
630102200011300837
630102200306053319
630102199903142939
630102200201311959
630102200203188456
630102199909180477
630102200510237801
630102200106029744
630102199811072865
630102200607031375
630102200410230944
630102199804265423
630102200108018424
630102200305253255
630102200708026233
630102200212062142
630102200306208819
630102199901305482
63010220040124915X
63010220020403749X
630102200108172018
630102200207298281
630102199802263133
630102200303274423
630102199811271629
630102200606247510
630102200302127085
630102200304047417
630102200003223149
630102199908139034
630102200402227059
630102200403314816
630102199806209054
630102200011300562
630102200107144621
630102200311013143
630102200604256990
630102200602182393
630102200610264663
630102199908290754
630102200305148367
630102199901125086
630102200501144785
630102200410097151
630102200208206764
630102199805182427
630102199908267765
630102200708057179
630102200110029181
630102200404243036
630102200105314113
630102200012142447
630102200104160079
63010220020826709X
630102199903047229
630102200309280592
630102200701014811
630102199906288343
630102200204042838
630102200112107606
630102200706163947
630102200212317010
630102200508176560
630102200307184230
630102200107307881
630102200012231765
630102200510241069
630102200006191306
630102200008086155
630102200108300059
630102200307318243
630102200011284291
630102200506093112
630102200301199765
630102199805244827
630102200310103980
630102200311084080
630102199910122020
630102200102057537
630102200106210279
630102199901274057
630102200307178869
630102200009193817
630102200504215366
630102200408156431
63010220031013973X
630102200703178414
630102200206195088
63010219980111075X
630102200406146045
630102200203171582
630102200510176850
630102200602248073
63010220050821204X
630102200012045225
63010219990413915X
630102200510060153
630102199905100177
630102199809140021
630102200708261786
630102200406149385
630102200404110567
630102200609270767
630102200608307847
630102200509051743
630102200107236980
630102200304026528
630102200708095458
630102199712027823
630102200510122887
63010220010822050X
63010220070412213X
630102199802217938
630102199807032211
630102200308080599
630102200104222145
630102200409149962
630102200508117261
630102200506052871
630102200409293323
630102200303192700
630102200303270094
630102199812313392
630102200101286784
630102200703250156
630102200401310360
630102200707262189
630102200610213428
630102200508046678
630102200607270181
630102200512036448
630102199809272745
630102200404288664
630102200705122369
630102200003295505
630102200012071837
630102200605057184
630102200004307037
630102200204052366
630102200212233749
630102199901114125
630102200403070110
630102200611205825
630102200309148145
630102200506082747
630102200512053168
630102200305170302
63010220060222483X
630102199806306997
630102199805050192
63010220060814964X
630102200503096270
630102199807305451
630102200703164362
630102200605278024
630102200410216202
630102200604051485
630102200001101332
630102199903298167
630102200103210169
630102200702086139
630102200203087778
630102200208089035
630102200301278682
630102200504091199
630102200108290903
630102200501098088
630102199802227765
630102200008039439
630102200610128485
630102200707079552
630102199902134953
630102200703098801
63010219980324863X
630102200512159819
630102199712129344
630102200608126392
630102200011209873
63010220030808459X
630102199806272256
630102200707275967
630102200310176362
630102200511244237
630102199906236180
630102200001080279
63010220060819407X
630102200510196181
630102200402171235
630102200512306241
630102200604115389
630102200009299830
630102200004262385
630102200003038947
630102200503208148
630102200204050379
630102199909132328
630102200305308324
630102200008030493
630102200208064997
630102200502190900
630102200408304449
630102200210288498
63010220031101367X
630102200608301744
630102200408106119
630102200612111652
630102200206297543
630102200408246306
630102200401266099
630102200110236914
630102200404071086
630102200112118356
630102200602164312
630102200311057939
630102200203197061
630102200207117807
630102200203052559
630102200607287135
63010219981226616X
63010220030805522X
630102200509079615
630102200608137067
630102200701297102
630102200003241435
63010220011202937X
630102200611309384
630102200402267480
630102200407045764
630102200610034681
630102200112043091
630102200008220609
630102200605273215
630102199712162670
630102200703136230
630102200208292420
630102200701300244
630102200106018877
630102200109060210
630102200412281681
630102200107110448
630102200107270273
63010220040422218X
630102199901020989
630102200702113520
630102200507187866
630102199808121742
630102200204076974
630102200105179775
630102200501171628
63010220020119326X
630102200510060567
630102199807207878
630102200509124471
630102200202149260
630102200211052700
630102200302083422
630102200006191584
630102200608298725
630102200708170286
630102200005237376
630102200302169656
630102200210257886
630102199806190824
630102200003126330
630102200011068310
630102200009093234
63010220020318472X
630102200103042177
630102200205120949
630102199801305389
630102200105099046
630102200401109587
630102200105115042
630102200410049352
630102200404085998
630102200601275678
630102200311010743
630102200603213067
630102200107154010
630102200504051250
630102200310175351
630102199908190067
630102199801115489
630102200102019813
630102199710297213
630102200608250406
630102199807315238
630102200102088157
630102200701198075
630102199806272416
630102200005232014
630102200602162544
630102199812273378
630102199805073044
630102200107051636
630102199910221192
630102200210097667
630102200206042604
630102200006116090
630102200507309819
630102200507240284
630102200206249189
630102199901213457
630102200408182824
630102200004144709
630102200503227920
630102199903100042
630102200007204287
630102200301161193
630102200609030405
630102200708276742
630102200301074348
630102200105247731
630102200102137609
630102200503067533
630102200009020334
630102200411278675
630102200702171843
630102200406198216
630102200410208085
63010220030824627X
630102200202222691
630102200105011761
630102200405229586
630102200503241255
630102200108293899
630102200312156322
630102200004260128
63010219980923735X
63010220001117210X
630102200003245217
630102200512070136
630102199901281695
630102200108153925
630102200103138531
630102200310282739
630102199812226723
63010220021031940X
630102200503209917
630102200104152204
630102199907107698
630102200104209784
630102200410163673
630102200004017697
630102200410075235
630102200701210150
630102200105157701
630102200611031028
630102200109123437
630102199803157535
630102200506169949
630102199806189508
630102200408067789
63010220060529741X
630102200102023716
63010220060722293X
630102200505301696
630102200705219558
63010220001203741X
630102200408296813
630102200105035595
63010220070913085X
630102200401147292
630102200005240065
630102200606161717
630102200209074361
630102200312313607
630102200305265803
630102200012217883
630102199908124625
630102200502065309
630102199810284997
630102200403300326
630102200408296733
630102200608221015
630102200502228112
630102200401179913
630102200308190675
630102199912083993
630102200212095761
630102200606151586
630102200301224537
630102199806302726
630102200104155069
630102200012046455
630102200312239582
630102199905098564
630102200512014556
63010220040928286X
630102200602124126
630102200206076871
630102200302139879
630102200102026706
630102200203033921
630102200302056563
630102200206144045
630102199803083142
630102200312246950
630102200003193082
630102200303254721
630102200709281519
630102199902030580
630102200611186046
630102199812232162
630102200511078291
630102200105254683
630102200204260931
630102200101310991
630102200011042436
630102200611309368
630102200109307834
630102199908137872
630102199802047684
630102199907166727
63010220021018885X
630102199710095419
630102200303224397
630102200010207542
630102200106026236
630102200107055039
630102200411030186
630102200010306778
630102200408120674
630102199710105437
630102200303229892
630102200012263206
630102200705256973
630102199812067267
630102200411229101
630102200502020709
630102200507265991
630102200402230063
630102200511259797
630102200204182048
630102200512054478
630102200304239064
630102200002263931
630102200611155733
630102200303032766
630102200607279768
630102199710202480
630102200107253836
630102200105198028
630102200008155296
630102200306304392
630102200701157193
630102200106196542
630102200410085206
630102200705129552
630102200401013796
630102200506285042
630102200205231200
630102200311266853
630102200210202287
630102199811111465
630102200103091489
630102200311226421
630102200609084411
630102200405038800
630102200509306179
630102200001052008
63010219990707219X
630102200101129164
63010219990421907X
630102200411101773
630102200007164203
630102200201207035
630102200603012329
63010220020127254X
630102199712029722
630102200003040326
63010220010211348X
630102200605035858
630102200512173004
630102200406122641
630102200604075567
630102200501259849
630102200406219048
630102200307050347
630102200212052673
630102200401194486
630102199805049837
63010220000826330X
630102200703115501
630102200311069120
630102200411101570
630102200110163524
630102200101111386
630102200604210431
630102200101047759
630102199908048386
630102200201281657
630102200307200456
630102200009144417
630102200304023343
630102200011224627
630102200310201417
630102200410194170
630102200011176004
630102199803019511
630102200512109029
630102200108248932
630102199801315018
630102200603139178
630102200106251337
630102200003158834
63010220040401441X
630102200208088526
630102200611117809
630102200412160361
630102199810282123
630102200504264854
630102200702100834
630102200008011671
630102200009200933
630102200108311962
630102199812297759
630102200111027794
630102200401242265
630102200405098483
630102199906220218
630102200002198826
630102200308220432
630102200109057492
630102200506025400
630102200609150175
63010220000826226X
630102199805063620
630102200507165763
630102200504187588
630102200311202550
630102200305146388
630102200403277138
630102200410303859
630102200309230093
630102199901284239
630102199902028480
630102200308100860
630102199805071807
630102200212214126
630102200012315627
63010220061111056X
63010220001014705X
630102200404303326
630102200310057996
63010219990921899X
63010219981211588X
630102200004031982
630102200011228425
630102199912153576
630102200604211848
630102200003312977
630102200509196520
630102200506085948
630102200611215935
63010219980214840X
630102200507285386
63010220010925965X
630102199904057103
630102200306125706
630102200308167395
630102200510137691
630102200306299511
63010220020302358X
630102199902018557
630102200112119826
630102200706068042
630102200209081713
630102200604189388
63010220030413254X
630102200112061089
630102200003247167
630102200104250250
630102199812311434
630102200512272600
630102200501289941
630102200309082799
630102200304057869
630102200502090096
63010220060117974X
630102199809094352
630102199903292224
63010219990706558X
630102200705046650
630102200310280864
630102199805253571
630102199910073732
630102199711060699
630102200005223468
630102200007262225
630102200102177395
630102200208112944
630102200403141265
630102199809058423
630102200205250292
630102199910123461
630102200302125119
63010220000703349X
630102200007300412
630102200707186614
630102200609057579
630102199908052297
630102199806145388
630102199712137838
630102200104166649
630102200112271430
630102200306065133
630102200110319285
630102200502077748
630102199901144500
630102199812066504
630102200010020200
630102200609178215
630102199810202402
630102200103068887
630102199911167220
630102200309100491
630102200108046003
630102200202076196
630102200006257897
630102199904129365
630102200603058108
630102199809084429
630102200204191083
630102200509150688
630102200312070123
630102200510257036
630102199912165294
630102200610264081
630102200411051374
630102200310123439
630102200110048104
630102199711198575
630102200108168502
630102200507258409
630102199905238854
630102200503130029
630102199810010507
630102200309277983
630102200305076164
630102200706063671
630102199807304803
630102199805309889
630102200509030555
630102199903309700
630102200008146816
63010220010223656X
630102200012149446
630102200607232820
630102199808051529
630102200508141632
63010220011105627X
630102200708119800
630102199911224002
630102200101097158
630102200512171033
630102200709218659
630102199710069317
630102199711060365
630102200305225940
630102200701164932
63010220001114183X
63010220030723965X
630102199812122246
630102200507018122
630102200509094321
630102200311025654
630102200705137288
630102199811278433
630102200208067258
630102200005203600
630102200407144594
630102200308277738
630102200601020528
63010220060624490X
630102200207024504
630102200403312706
630102200312276201
63010220060603593X
630102199901177441
630102200007202169
63010219971014273X
630102200307270585
630102199808069980
630102200107221535
630102200210031166
630102200302248792
630102199804268720
630102200607259505
630102200512159667
630102200408018151
630102200210016417
630102199901019232
630102200609124241
630102200206247810
630102200204181731
630102200504126494
630102200306114097
630102200309034199
630102199912267696
630102200009215254
630102200205318859
630102200508272333
63010220060622014X
630102199912176532
63010220050301444X
63010219971006169X
630102199811092268
63010219991219049X
630102200702155122
630102199906107207
630102200404158747
630102199906264894
630102199810296568
630102199811294118
63010220040111786X
630102200708179221
630102199710282927
630102200506017179
630102199906279201
630102200610078246
630102200103066777
630102200005113103
630102200704127010
630102200701172801
630102200112062313
630102199803289116
630102200607027982
630102200301058655
630102200411141572
63010219991017527X
630102200204206118
630102199712221837
630102200405164460
630102200605271658
630102199810152329
630102200304028195
630102200501156532
63010220000418054X
630102200109285292
630102199811158781
630102199804013840
630102200603086336
630102200605025860
630102200412159352
630102200709214607
63010220060821881X
630102200212259164
630102200112241987
63010220011008325X
630102200308109814
630102200307187079
630102200009190990
630102200312207193
630102200409192071
630102200504176723
63010220000403880X
630102200001029633
630102200509055218
630102199807218737
630102200003164521
630102199802228995
630102200205142013
630102199805224359
630102199712126178
630102199802091167
630102200301268468
630102200207036361
630102200202254263
630102199910062347
630102200612130087
630102200709230420
630102200502031256
63010220030107708X
630102200202098678
630102200410141351
630102200203301850
630102200612298058
630102200502090467
630102200212213465
63010220040914108X
630102199912010073
630102200305127742
630102200103126987
63010219990616149X
630102200105259281
63010220060805451X
630102200001198314
630102200704298645
630102200511057239
630102200107263292
63010220000704130X
630102200305028306
630102200005199736
630102200108052913
630102200308290190
630102200502247890
63010220020716585X
630102200001116307
630102200302212079
630102200604186726
630102200604103935
630102200507312487
630102200005269490
630102200006143523
630102200211258362
630102199812198822
630102200405064179
630102199901243111
630102200703118673
630102199905075485
630102200205235885
630102199909071502
630102200602104416
630102199807014873
630102200202171564
630102200309307951
630102200110204744
630102200508047750
630102200404196153
630102200007281338
63010220030610274X
630102199912083731
630102200010257662
630102200312311038
630102200708317508
630102200707236140
630102199801024712
630102200206288655
63010220040909907X
630102199711181183
630102199711107039
630102200110066089
630102200508110641
63010220040617090X
630102200407228077
630102200107088797
630102199805244886
630102199712031072
630102200601116722
630102200506061911
630102199910095691
630102200111028244
630102200608272330
63010219991002501X
630102200001155365
630102200012028484
630102200201282713
630102199911086164
630102200012027350
630102200705284181
630102200211273212
630102200305034984
630102199812132583
630102200210073577
630102200005105920
630102200505054218
630102200703309701
630102200301177750
630102200011235609
63010220000213470X
630102200507062406
63010220010402240X
630102200011104094
63010220060804387X
630102200302157436
630102200510035433
630102200001267447
630102199712271148
630102200304189001
63010220070710528X
630102200507152081
630102200407307226
630102200010096694
630102199907117087
630102200207103886
630102200204263657
630102200403139093
630102200106290061
630102200402286999
630102200212121667
630102200411060369
630102199905015087
630102199711143478
630102200510088527
630102200611272745
630102200210167442
630102200205246971
630102200708293948
630102200701123962
63010220000608245X
630102200604262362
630102200111291640
630102200106093519
630102200202105233
630102200504182437
630102200212031469
63010220070401805X
630102200010234890
630102200608187013
630102200107308542
630102200310133274
630102200601266843
630102200404160644
630102200502043994
630102200510229596
630102200104271561
63010220020720488X
630102200110133421
630102199901079868
630102200502147013
630102200011030013
630102200404225487
630102199907255412
630102200007313408
63010219991021569X
630102200602166318
630102200410070493
630102200507200047
630102200603287568
630102199911080459
630102200101138992
630102200203018326
630102200301087894
630102200501100491
630102199711079760
630102200204286314
630102200507286477
630102200304089430
630102200704198097
630102200611153746
630102200303132820
630102199803152371
630102200512238293
630102199809074204
630102199907220404
63010220020709123X
630102200702030987
630102200301014548
630102199901318726
630102200310146534
630102199903181612
630102200703108379
630102199901025042
630102200610072928
630102199810226818
630102200106162182
630102200104273321
630102200210166722
630102200211298532
630102200201242850
630102200406029615
630102200408111778
630102200502023942
630102200406125287
630102200205023153
630102200202204354
63010220070612602X
630102200501246503
630102199807318375
630102200005209201
630102200412169526
630102200505175861
630102200408100032
630102199810146252
630102200009292794
630102200302057128
630102199804242256
630102199902268193
630102200412106461
630102200302054664
630102199803216099
630102200102196254
630102200509164932
630102200705120806
630102200405245519
630102200401165722
630102200411127906
630102200204211777
630102199808286977
630102200509047939
63010219980623345X
630102200312300582
630102200101218992
630102200307262462
630102199801106216
630102200501221787
63010219980612566X
630102199807186122
630102199905025234
630102200212011601
630102200504078023
630102200501046181
630102200111228182
630102200005207898
630102200205061571
630102200708296639
630102200701017246
630102200311253710
630102199907077126
630102199810074025
630102200705200793
630102200211038845
630102199911103972
630102200203030616
63010220050206746X
630102200411063113
630102200305202036
630102200303314165
630102200612156383
63010220060616490X
630102200211116057
63010219990415697X
630102200308214614
630102199710175574
630102199711303814
630102199807167255
630102200402292512
630102200705045607
630102200411247529
630102200211297468
630102199809288333
630102200403128845
630102199905244541
630102200708083772
630102200610299073
63010220040405688X
630102199810095416
630102200111100947
630102199812164219
630102200402168108
630102200009087723
630102199908248097
630102200504302072
630102200610306149
630102200203319284
630102200205226604
630102200510313018
630102200603065594
630102199907144093
630102200209243751
630102200701143592
630102199810307474
63010220020106859X
630102200609103619
630102200706209693
630102200611211803
630102199901113173
630102200309178555
63010219980222701X
630102199905159347
630102200209273918
630102199802273868
630102200408160465
630102200104259968
630102200101280411
630102200011097349
630102200008033547
630102200205058006
630102200708207261
630102199804284640
63010219980412441X
630102200107156761
630102199711286276
630102200106249261
630102200502186231
630102200406151805
630102200307056204
630102200410176335
630102200411177911
630102200008014020
630102200312127476
630102200304066730
630102200403056124
630102200604142555
630102200409220327
63010220040619678X
630102200002276062
630102199906223945
630102200010041992
630102200111216560
630102200209090951
630102200410080202
630102200511110634
630102200702037599
630102200311128020
630102200707127403
630102200405243791
630102200310092783
630102200202162393
630102200209125202
630102200503189397
630102199810316581
630102200506271572
630102199905175849
630102200007092844
630102200404269084
630102200611025832
630102200102272739
630102200411268450
630102200701186832
63010220010701080X
630102200611186169
630102199907067040
630102200512242794
630102200101246029
630102200108283818
630102200012027182
630102200304186601
63010220041103067X
630102199910041669
630102200102139153
630102200108083023
630102200207217023
630102200209153086
630102200602188496
630102199809160583
630102200012085382
630102200510271962
63010220030625791X
630102199908175027
630102200004092582
630102200204091162
630102200303033590
630102200311073541
630102200002070099
630102200705090571
630102200301183106
630102199907058558
630102200011083510
630102200311145664
630102200603212806
630102200111206792
630102199904066800
630102199801213839
630102199904112694
630102199803093447
630102199901041210
630102200607158915
630102200501208849
630102200302076740
63010220000720181X
63010220050109161X
630102200404021054
630102200107081093
630102200305027848
630102200104095019
630102200008055762
630102200112178439
630102200304185326
630102200307044465
630102200701134565
630102200602257623
630102199911296444
630102199710150713
630102200303162229
630102200507151951
63010220051130069X
630102199906256691
630102200510207389
630102200008311244
630102200702115497
630102200202103270
630102200703026664
630102200702069793
630102200612238944
630102199901090987
630102200512215876
630102199811139740
630102200412157496
630102200102178750
630102200602105902
630102200011088557
630102199902084861
630102200205237928
630102200506219555
630102200612151339
63010220031119823X
630102200209036234
630102200503283308
630102200509259165
630102199908113379
630102200105237584
630102199809184606
63010219990515444X
630102200508111409
63010220010220463X
630102199803066377
63010219991010587X
630102200403123454
630102200104211569
630102200403282105
630102200307265145
630102200411294122
630102200206290253
630102200512274307
630102199801079086
630102200310176573
630102200405139118
630102200106224849
630102200203290370
63010219991121834X
630102199712218582
630102200507151900
630102200101071978
630102199805027654
63010220010331892X
630102200301035314
630102200109298341
630102200607051106
630102200111068369
630102199710285714
630102200306214653
630102199810197818
630102200312298929
630102199903012819
630102200212129431
630102200307041643
630102200303030541
630102200404137487
630102200211087276
630102199803316006
630102200705285889
63010219980614967X
630102199810057225
630102200204296651
630102200412152855
630102199906217836
630102200608033380
630102199907044869
630102200106026914
630102200008140828
63010219981007472X
630102200011105134
630102199910140069
630102200209164738
630102200003123869
630102200506068910
630102200109181493
630102199809298494
630102200104181849
63010220021003907X
630102199904209306
630102200603158192
630102200412150614
630102199904144979
63010219980528727X
630102199806137150
630102200707182306
630102200708272944
630102200602208274
630102200602164259
630102200301173151
630102200501094159
630102200410020517
630102200303191732
630102199711286997
630102200701155147
630102200101095320
630102200407023098
63010220070504118X
630102200201203720
630102199906242978
630102200501316962
630102200009033338
630102200709196795
630102200208016565
630102200210135942
630102199901021842
630102200507094037
630102200106059396
630102200607032482
630102200502180171
630102200308246608
630102199911045549
630102200507163653
630102200512230742
630102200406042705
630102200307146568
630102200211273722
630102199907131145
630102200312086280
630102200412290211
630102200005290820
630102200103170099
63010220051203096X
630102200702169938
630102199804228702
630102200106026463
630102200409109143
630102199808063159
630102200301041298
630102200401044162
630102200111271658
630102200411258615
63010219980911320X
630102200706019945
630102199805215743
630102200207183417
630102200411297921
630102200011101651
630102200306013229
630102200108227138
630102200503300446
630102199902048596
630102200105162295
630102199910180781
630102200101015335
630102200504095421
630102200309283048
630102200404273614
630102200212236771
630102200012306763
630102200203153421
630102200102269089
63010219980913086X
630102200703204387
63010220040301600X
630102200008245291
630102200011231456
630102200505274202
630102200110085634
630102200211183962
630102199807030742
630102200503213131
630102200012180777
630102200310265314
630102200602103931
630102199805309045
630102200512121845
630102199711137625
630102200306187376
630102200307010513
630102200605301319
630102200602258204
630102200203086441
630102200108223364
630102199909282000
630102199903096610
630102200512163180
630102200102057027
630102199902105220
630102200705102149
630102199904094211
630102200605229302
630102200509131436
63010219971229346X
630102199902209409
630102199912124329
630102200602023114
630102199807163035
630102200302012245
630102200112115438
630102200302131383
630102200108053668
630102200312159531
630102199710120442
630102199811242000
630102200605109378
630102200308302454
630102199801224247
630102200305053739
63010220060507737X
630102200306062477
630102200405013005
630102200011272979
630102200704257085
630102200607085226
630102200511273097
630102200104218437
630102200605256562
630102200305015046
630102200609294785
630102200610223597
630102200308256865
630102200108285119
630102200707182138
630102200011115666
630102200401274988
630102199801141222
630102200202170828
630102200607208978
630102200212206310
630102200602030103
630102200209192552
630102200203090440
630102200404225508
630102199908015381
630102200210138772
630102200205050549
630102200609052372
630102200012152493
630102199710282409
630102200106090780
630102200409059860
630102200203301543
630102200505081793
630102200412085998
630102200207315133
630102200411156475
630102200601308978
630102200607182819
630102200409145849
630102199712037407
630102200706023119
630102200311196605
630102200708300730
630102199801297964
630102200208165317
630102200312031407
630102200705148868
63010220000829881X
630102200702096345
630102200411166024
630102199902115808
630102200205168950
630102200406253465
630102200502066133
630102200303300919
630102200208085376
630102200103091550
630102200609018203
630102200611234669
630102200312264235
630102200201211747
630102200110051100
630102200007081758
630102199711277185
630102200107176084
630102200303232434
630102200606179255
630102199807227748
630102200306102766
63010220020629369X
630102200012280428
630102199906137019
630102200403273903
630102200202246773
630102200512241783
63010220050116660X
630102200210199591
630102200507265596
630102200003114698
630102200610268568
630102200105184996
63010220070601970X
630102199910060480
630102199809068322
630102200310317268
630102200007155358
630102200109302128
630102200207210489
63010220041216600X
630102200303257578
630102200204200242
630102199812056904
630102200701224560
630102200501035351
630102200504197401
630102199805319411
63010220000518506X
630102200502211484
630102200607183651
630102200606142858
630102200603027985
630102199808201646
630102199811015676
630102200611292180
630102200011211201
630102200606176257
630102200608272592
630102200412271109
630102200305112161
630102200109132819
630102200607031287
630102200208133833
630102200302058032
630102200202084938
630102199806192256
630102199712308051
630102200609072429
630102200303054578
630102199808101514
630102199805127129
630102200201162535
630102200602155934
630102200606301847
630102200008319385
630102200603217252
630102200202047440
630102200611187030
630102200109238509
630102200401074839
630102200502233237
630102200411098113
630102200107188851
63010219990909478X
630102200310116028
630102200407272991
630102200112148264
63010220040713752X
630102200108231719
630102200705215442
63010220000422272X
630102200609030982
630102199905314837
630102200508154214
630102199910200447
630102200109187780
630102200310160053
630102199803136590
630102199805293434
630102200202258897
630102200011093903
630102200404286757
63010220070828446X
630102199805281863
630102199911283176
630102200208299219
630102200108309985
630102200007233547
630102199806101166
630102199804093473
630102200105125267
630102200406014552
630102200504216000
630102200703139298
630102200409016238
630102200202190407
630102200106264488
630102200302278406
630102199903171182
630102200108281169
630102199910041300
630102199802173066
630102200301219965
63010220021109680X
63010220010210249X
630102200107034537
630102200603274089
630102200007062354
630102200210180751
630102200707228191
630102200102111206
630102200703121901
630102200112128300
630102199909190114
630102200007110600
630102200709284031
630102200011138024
630102199809245923
630102200210025145
630102200608052872
630102200208291989
630102200004108652
630102200501294476
630102199903146622
630102200106270052
630102200604059364
630102200208286258
630102200605088300
630102200308246018
63010219981006082X
630102199711120161
630102199901231946
630102200203031029
63010220000427962X
630102200007140826
630102200411296179
630102199909028942
630102200006039961
630102200603154845
630102199806066719
630102200702168070
630102199912312661
630102200301306006
630102200703281315
630102200607067327
630102200012107246
630102200512273857
630102199712062944
630102200409229516
630102199912095943
630102199902027082
630102199803288447
630102200704147126
63010220060922308X
630102199903117514
630102200212298681
630102200303053794
63010220050712470X
630102200411188717
630102200605211268
630102200108171867
630102200003279222
630102200310034831
630102200208142385
630102199710067354
630102200205114266
630102200112272388
630102200507197087
630102199806305556
63010220070307974X
630102200003221389
630102200105172725
630102200108020911
630102200210233323
630102200501313796
630102200305286313
630102200305083399
630102199808123748
630102200207318318
630102200203025614
630102200512088141
630102200201123616
630102200704039117
630102200708308329
630102199710221198
630102199909043720
630102200106169448
630102200408262074
630102200209163196
630102200505200350
630102199912150084
630102200208205809
630102200605284336
630102199908043091
630102199808133145
630102200411126049
630102200608031641
630102200303203430
630102200308233807
63010220040516062X
63010220041027236X
630102199909258510
630102200405161761
630102200011097947
630102200503224092
630102199907133984
630102200701240958
63010220031117166X
630102200307072108
630102200012028249
630102200101116136
630102200103042871
630102200507064153
630102200202096293
630102200707116501
630102200311077833
630102200206098093
630102200403291722
630102199909158405
630102199902246699
630102200112218015
630102200011152846
630102200003242788
630102200702057768
630102200304217615
630102200311119546
630102200211151944
630102199901133772
630102200310193736
630102200203182134
630102200308111287
630102200502070159
630102200108288141
630102199801295053
630102199903068169
630102200609067195
630102200409124458
630102199804139291
630102199806117854
630102200103094196
63010220001230520X
630102200406060604
630102200401074716
630102200310073769
630102200409065419
630102200507139178
630102200006069140
63010220031113173X
630102200108297275
630102200510217739
630102200403073135
630102200302273517
630102200010090778
630102200111017510
630102200407268925
630102200511053940
630102200209042079
630102200304113226
63010220021007975X
630102200210302616
630102199802107085
630102200109114290
630102200411042232
630102200411247342
630102200404219909
630102200410131735
63010219981118228X
630102199806277532
630102199710290118
630102200505255431
630102200312226132
630102200305045720
630102200102066644
630102199807277374
630102200708072467
630102200011206795
630102200309061103
630102199810282721
630102200112290041
630102200003045768
630102200412062796
630102200005086467
630102199905130990
630102200607153364
63010220070806730X
630102199910300237
630102200603051133
630102199907138208
630102200505269956
630102200301073767
630102199801204270
630102200605130097
630102200007155104
630102200511164659
630102199908024210
630102199801090146
630102199712308967
630102200311199232
630102199907258605
630102200705302044
630102199903298845
630102200707012120
630102200402136181
630102200405169667
630102200604014617
630102199906178531
630102200005236795
630102200512021406
630102200006235428
630102200301103954
630102200005167232
630102200505239597
630102200012045807
630102200301039550
630102200209265926
630102200601278414
630102200504072852
630102200108153220
630102200312109307
630102200609287964
630102200203162096
630102199905215732
630102200208220689
630102199802040458
630102200503144594
630102200311056354
630102199803221832
630102200212126513
630102199801050718
630102200603023079
630102200403033045
630102199807188419
630102200705071100
630102199803079952
63010220070528718X
630102200407223372
630102200603157368
630102200407254101
630102199903251422
63010219990328841X
630102200004163643
630102200703117291
630102199901237088
630102200703289034
630102199810064089
630102199803105532
630102200309195574
630102200112311260
630102199710017138
630102200206014523
63010220040808778X
630102200005196076
630102199901222134
630102200609129501
63010220060719182X
630102200204143305
63010220030413852X
630102200404028635
630102200210305155
630102200210158546
630102200112098914
630102200304123758
63010220030517088X
630102200206081902
630102200002093354
630102199911275934
630102200501103609
630102200501195013
630102200312091063
63010219990913864X
630102200501277369
630102200207080063
630102199801103293
630102200212198576
630102200310116546
63010220070809237X
63010220051204523X
630102200011210321
630102200011137574
63010219980725560X
630102199910208166
630102200505286983
630102200112244723
630102199901171437
630102200208105058
630102200705293010
630102200612022641
630102200401299755
630102200202215061
630102200106259515
630102200405176904
630102200001172309
630102200103202978
630102200705094521
630102200708020093
630102199901223161
63010220000224700X
630102200301160836
630102200106083150
630102200410276766
630102200403180125
630102200408146444
630102200611300830
630102200406135362
630102199910268417
630102200102214707
630102200106021996
630102200611230393
630102200207021450
630102200007023320
630102200706196597
630102200507235506
630102200102103708
630102200311175257
630102200111255340
630102199908313143
630102200301296506
630102200612046889
630102200112247756
630102200405254140
630102200108138039
630102200209166944
630102200306247316
630102200508129940
630102200608065462
630102200011279038
63010220040129433X
630102200308055086
630102200005215820
630102200204052956
630102200604037181
630102200311062631
630102200011168506
630102200601227211
630102200007163438
630102200309189131
630102200212077758
630102200707269233
630102199801049418
630102200201065612
630102199902076757
630102200208276615
630102200303233998
630102199804275453
630102200111266293
630102200402110686
630102200408273072
630102200106256613
630102200608150907
63010220070109863X
630102200405142296
630102200603088817
630102199910140608
630102200305196166
630102200508112209
630102200301051912
630102200211229545
630102200606229603
630102200605155462
63010220041101504X
630102200704225366
630102200401303232
630102199904186482
630102199906197724
630102199901036956
630102200404072935
630102200102283956
630102199712218283
630102199805093539
630102200311288809
630102200311024985
630102200009029187
630102200203073819
630102199712100701
630102200304141374
630102200702162402
630102199807225216
63010220020118251X
630102199712148182
630102200705194370
630102200412287928
630102200005135759
630102200702019307
630102200409084265
630102200304176569
630102200108093563
630102200303211764
630102200610148929
63010220010211532X
630102200310213848
630102200607194545
63010220060421845X
630102200608283427
630102200011138585
630102200310229137
630102200612208710
630102200502040005
630102200504122653
63010220000715155X
630102200709113574
630102199809157333
630102200701191324
630102199808246721
630102200504190648
630102200208315709
630102200302015075
630102200603236971
630102200704160910
630102200209297813
630102199910317362
630102200302271925
63010220010614876X
630102199910080959
630102200007061765
63010220021205285X
630102200305311312
630102199711091807
630102200706107064
630102199903133370
630102200705283525
630102200003117530
630102200210085885
630102200708212597
630102199812027329
630102200110133624
630102199909267740
630102199912216899
630102200702053126
630102200707299635
63010219990915771X
630102200202214392
630102200410175332
630102199712225926
630102200701115110
630102200505032449
630102200312015618
630102200308129153
63010220041114356X
630102200402119090
630102200511075592
630102200009256515
630102200705279593
630102200410226558
630102200304240196
630102200002072465
630102200606101255
630102199710152962
630102199801074584
630102200106158730
630102200505102099
630102200401213413
630102200410292379
63010219990808220X
630102200408298472
63010219971005625X
630102200412113311
630102200510268384
63010220041217291X
630102199809269298
630102200006011854
630102200010304393
63010220061121780X
630102200311130120
630102200002156626
630102200204302417
630102200407242813
630102200310040895
630102200507227741
630102200107102667
630102200005202122
630102200303220142
630102200509026193
630102200601016959
630102200602074720
63010220020902361X
630102200401309204
630102200502048744
630102200407109756
630102200306135680
630102200709252750
630102199911083959
630102200304165704
630102200507294020
630102200003146980
630102199805043291
63010220040413215X
630102200601240387
630102200010175405
63010220061110766X
630102200709094166
63010220031106125X
630102199802130242
630102200204197493
630102200211305624
63010220060720458X
630102200704081390
630102199906263656
630102200009208679
63010220010131743X
630102200011141071
630102200607027405
630102200303214332
630102200001277020
630102200005173114
630102200607114541
630102200207122227
630102200310087060
630102200208200274
630102199911131252
630102200612092447
63010220060614882X
63010220010524184X
630102199710221286
630102200701078233
630102200402212172
630102200707032316
63010219990923173X
630102199907263869
630102199812235152
630102199710202616
630102200603288659
630102199803187830
630102200106192605
630102200102252009
630102200604231419
630102199804173318
630102200403106232
630102200704158714
630102200708045741
630102200612215128
630102200012095599
630102199901207508
630102200607169972
630102200708191941
630102200303193869
630102200510209771
630102200404102831
63010219981006541X
630102199906291550
630102200402088925
630102200602079521
630102200403161223
63010219990407697X
630102200205026039
630102200408232836
630102200009233305
630102200510303426
630102200211211636
630102200702243034
630102200205056123
63010220010115014X
630102200704215221
630102200509295422
63010220050810476X
630102200605159121
630102200209070125
630102199909148936
630102199710040143
630102200709077788
630102200612137545
630102200008313282
630102199808010890
630102199809021524
630102200610097447
630102199908115235
63010219980726328X
630102200303025064
630102200704183995
630102199901028390
63010219980825211X
630102199802135844
630102200403030282
630102199910217679
63010220070523239X
630102200601051412
630102200411059923
63010220050721393X
63010220011014864X
630102200305173730
63010220030418530X
630102200605124121
630102200006066521
630102199808082333
630102200004279427
63010220050922769X
63010220070928746X
630102200302239618
630102199909069904
630102199808177471
630102200306214856
630102199806220253
630102200207187098
630102199812296043
630102200101088606
630102200407292634
630102200508172615
630102200404221689
630102200205067420
63010219980209910X
630102200211039100
630102200401062993
630102200504264627
630102199807051471
630102200107117674
63010220020510376X
630102200104040835
630102200403139149
630102200401016057
630102199911022806
630102200107154280
630102199901021818
63010220050108716X
630102200702097743
630102200703261875
630102200108183964
630102200310269032
630102200707276265
630102200111143779
630102200505290261
630102200706253264
630102200610126746
630102200703309197
630102200010258091
630102200706035478
630102200209302803
630102200404215422
630102200101211758
630102199906116605
63010219980629763X
630102200707254787
630102200107166265
63010220040217425X
630102199910269321
630102200605204543
630102200001073204
630102200401019389
63010219980424151X
63010220070918521X
630102200003021467
630102199902109600
63010220050918700X
630102200511123996
630102200109176272
630102199710072137
630102199902145812
63010220031127452X
630102200209292799
630102200012254369
630102200511131064
630102199810017194
630102200409231915
63010220010427309X
630102200105011921
630102200207265658
630102200110101649
630102200302105329
630102200002020665
63010220030118538X
630102200010230689
630102200204052403
630102199807299776
630102200108112496
630102200507038692
630102200605300914
630102200404068098
630102200102270645
630102200309146166
630102200202207248
630102200112260352
630102199903228142
630102200405170713
630102200108198437
630102199907091251
630102200111161870
630102199912237032
630102200404304679
630102199710174598
630102199912306093
630102199812163240
630102200605059841
630102200504219607
630102200408187537
630102200107105876
630102200610019211
630102200404057794
63010220060601651X
630102200006234724
630102200610170632
630102200011124503
630102200701118709
630102200609226192
630102200311157753
630102200010145978
630102200305281192
630102200505029565
630102200104297809
630102200407166478
630102200202015553
63010220070410023X
630102199907157097
630102200509233811
630102200510107361
630102200103311015
630102200612123071
630102199902284951
63010219980626124X
630102200405173738
630102200606224431
63010220050416911X
630102200404184873
630102200010141571
630102200412270069
630102200310293251
630102200605147630
630102199811157922
630102200406041155
630102200011113919
630102199808277448
63010220040310099X
630102200309123298
630102200410270428
630102200707259318
630102199808154886
630102200507212400
63010220040924701X
630102200007151955
630102200101053841
630102200204030642
630102199808031317
630102200003123965
630102200106298346
630102200009260565
630102199902113001
630102200304026480
630102200201149509
630102200503135145
630102200404159360
630102199905226407
630102199802160134
630102200603213403
630102199803264955
630102200301152852
630102199906288853
630102199904129074
630102200305051637
63010219990427233X
630102200305012507
630102200107058336
630102200207106147
630102200111015101
630102200206094674
63010220010920697X
630102199805197207
630102200412195150
630102200604049510
630102200307227552
630102200212128519
630102200407086507
630102199908302639
630102200412203931
630102200312206457
630102200005234028
630102200606089049
63010220030322790X
630102200702017213
630102200012166326
630102200409129259
630102199808205663
630102200305070360
630102200608104388
630102200407056383
630102200602203350
630102200406166548
630102199805176473
630102200707255464
630102200001130766
630102199905186951
630102200412045232
630102200408225142
630102200312121461
630102200010226321
630102200207311060
630102200609266426
630102200606018996
630102199710192999
630102199906253132
630102200210182183
630102200301252730
630102200105072644
63010219991120268X
630102200412119553
630102199912217779
630102200510127477
630102200108196247
630102200308278423
630102200103305424
630102200509252502
630102200312111845
63010220061024155X
630102199903278801
630102199906114829
630102200506182051
63010219990707315X
630102200601220087
630102200005111693
630102199806012120
630102200602117989
63010220020803689X
630102199808171192
630102200704245885
630102200503273863
630102200501031211
630102199809050296
630102200211156083
630102200702183748
630102200309068620
630102200107178055
630102200610238641
630102200402054346
630102200003029346
630102200104114216
630102200601116087
630102200105075271
630102200308215406
630102199902188476
630102200405038042
630102200101312305
630102200107096797
630102200204161562
630102200201249390
630102200005134481
630102200211308067
630102200010053520
630102199805032023
630102200003158973
630102200306205378
630102200412302964
630102199802279864
630102199807282026
630102200110153393
630102200210011376
630102200311078254
630102200101013778
630102200501180014
630102200412181293
630102200203058248
630102200105030903
630102200208125411
630102199801260344
630102200209259219
630102200304035176
63010220030926201X
630102200406147814
630102200207117057
630102200506112336
630102200212201544
630102200508089037
630102199908257479
630102200005218730
630102200506241859
630102199808067168
630102200412074797
630102200408264117
630102200302015147
630102200612035207
630102199906258806
630102200309268200
630102200002082735
630102200112041918
630102200403190665
630102199801111656
630102200608252313
630102200501057198
630102199712113027
63010220001219276X
63010219971213512X
630102200702120069
630102200610098570
630102200110089467
630102200409277796
630102199803306932
630102199805239294
630102199902030492
63010220011004244X
630102200503099308
630102200210297239
630102200209122036
630102200101191945
630102200607278562
630102200212080420
630102200412210787
630102200202063264
630102200502176164
630102200309279735
630102200302034495
630102200404222227
63010220021109787X
630102200107199008
63010220010718755X
630102200704126069
630102199802185147
630102200201309058
630102200012163424
630102199904022891
630102199712051989
630102200204037553
630102200612028488
630102200405112142
630102200203062490
630102200002111815
630102200001079198
630102200006299800
630102200608102964
630102199906030123
63010220021027482X
630102199910132843
63010219980421604X
630102200408184002
630102199905024282
630102200102218361
630102199907204746
630102200104063092
630102200602172830
63010220070509808X
63010220020103949X
630102199805070783
630102200603278960
630102200002156431
630102200006258160
630102200407048201
630102200311111042
630102200705014683
630102200009277973
630102200009308848
630102199810058682
630102200704234270
630102200504088395
63010219980423992X
630102200610080418
630102200308244485
630102200202229295
630102200103234582
630102200308289288
630102200203276245
630102199802056871
630102200008247473
630102199902016092
630102200611155493
63010220041209339X
630102200306088896
630102200111173273
630102200003305312
630102199907018580
630102200004183599
630102199904157286
630102200210198273
630102200106089595
630102200105015471
630102200405246909
630102200405133664
630102199903186480
630102199903147844
630102200305058126
630102200306126522
630102200006090329
630102200608254925
630102200605237900
630102199808282650
630102200312184753
630102200507017402
630102200704299306
630102200104034726
63010220050406238X
630102200409169592
630102199801033467
630102200308280953
630102200304180250
630102200703114680
630102200109265531
630102200010186446
63010219981015819X
630102200511126476
630102200702086681
630102199911282878
630102200510170694
630102200504223825
630102200305155583
630102200012134519
630102200512193611
630102200512102580
63010220050809205X
630102199802279194
630102200605257071
630102200611136524
630102200606109935
630102199904165729
630102200004275055
630102200401151240
630102199903250964
63010219990207062X
630102200509303824
630102200111235745
630102200103178226
630102199912190780
630102200707069418
630102200102251858
630102200001012145
630102200304076859
630102200304256155
630102200007015101
630102200412160038
630102200611016362
630102200310072010
630102200307162082
630102200204089740
630102200601279396
630102200611122114
630102200703230251
63010219981107959X
630102200303275055
630102200110243487
630102199901157627
630102200611179321
630102200212283658
630102200001040103
630102200505266368
630102200403278069
630102200608156743
630102200311026120
630102200107245705
630102199903110099
630102200608156313
630102200006237992
630102200403266922
630102200404214614
630102200503015899
630102200407124841
63010220050613069X
630102200508257539
630102199907116527
630102200405086896
630102200605123495
630102200205025378
630102200605249653
630102199908132457
630102200308166771
630102200110183496
630102200601123578
630102200511289312
630102200208295939
63010220040410794X
630102200309196403
630102200505262949
630102200701137184
630102200501258045
630102200609238169
630102200301097435
630102199712100664
630102199808023114
630102199905309288
630102200305219532
630102200707317346
630102200709099776
630102200302217742
630102200511105309
630102200606078956
630102200408226954
630102200602258060
630102200206119093
630102200304280075
630102200405038149
630102200309120580
630102200009087619
630102199807025935
630102199810209137
630102200207126885
630102200004190414
630102200204185679
63010220050809280X
630102200203046191
630102200707019947
630102199912107350
630102200001033640
630102200504284011
630102200701207541
630102200501308647
630102200609208787
630102199710133374
630102200009056919
630102200411214196
630102200212013551
630102199806130805
630102199808052652
630102200009174384
630102200006035637
63010219981109962X
630102200606101300
63010220051226175X
630102200001260894
630102200304012433
63010220020526810X
630102200003131332
630102200707261354
630102200509061829
63010220050802572X
630102199905258150
630102200505106719
630102200203303354
630102200306172801
630102200705236403
630102200605076852
630102200003226024
63010220000102228X
630102199912270529
630102200501110577
630102200212126249
630102200209043469
630102200306103005
630102200302098309
630102200309037728
630102200505240504
630102200403093427
630102199907156481
630102200301104797
630102199901051590
63010219990325405X
630102199806151905
630102199901264123
630102200403040464
630102199904136231
630102200605175252
630102200210032409
630102200111222274
630102199809159865
630102200011193437
63010219980831152X
630102200311154333
630102200409116167
630102199904290802
630102200103059032
630102199908118209
630102200005024282
630102199805126142
630102200703089083
630102200404217241
630102199807053362
630102200212316501
630102200705292915
630102199810231289
630102200702018857
630102199812223602
630102199807225590
630102200004139862
630102200307130267
630102200203233157
63010220000107256X
630102200201057890
630102200405105989
630102199911288583
630102200103096255
630102199802243554
630102200611272315
630102199805146223
630102199901212809
630102200608015916
630102200210193675
630102200107267189
630102200107220954
630102200502056488
630102200102211231
630102200208045673
630102199710232655
630102199809270272
630102200709185412
63010220050109516X
630102200410152165
630102199803225614
630102200606163851
630102200404060766
630102200410213802
630102199810138172
630102200306082240
630102200301293014
630102200504032201
630102200604199471
630102200507160049
630102199806072473
630102200004092224
63010220000310967X
63010220061205589X
630102200708285593
630102200106207045
630102200601269024
630102200406145552
630102200406068809
630102200605196424
630102199911094631
630102199710084891
630102199906113340
630102200706269653
63010219981107270X
630102200407140710
630102200110047312
630102200111115081
630102200002041722
630102200206276187
630102200508074273
630102200603316656
630102199712040497
630102199710199082
630102200206251094
630102200103301263
630102200504225361
630102199909047801
630102199711196713
630102200407110837
630102199808176495
630102200002064406
630102199804010594
630102200012203318
630102199912157067
630102200602088073
630102200504204333
630102200309088373
630102200305183373
63010219990214967X
630102200001267156
630102200508101702
630102200211076892
630102200602200766
630102200102265096
630102200501082203
630102200102251129
630102200402081846
630102200004119159
630102200111296433
63010220000909371X
630102200309168939
630102200310286545
630102200011123172
630102199801243018
630102200502265749
630102199903175052
630102200003248434
630102200401211776
630102200308242754
63010220010206047X
630102200602171985
630102199912255361
630102200008184863
63010220000122712X
630102199812297898
630102200105124221
630102200705050860
630102200507301892
630102199809128890
630102200408065863
630102200209299480
630102200107015707
630102200312145156
630102200304229624
630102199712266963
630102200312127564
630102199710048284
630102200005294119
630102199908301409
630102200004213241
630102200110286559
63010220020512822X
630102199907254081
63010220070311877X
630102200402278163
630102200305234177
630102199711207726
630102200708277710
630102200501279487
63010219980725042X
630102199807018313
630102200704034535
630102200312219178
630102200501307943
630102200510184201
630102199805241060
63010219990120397X
630102200303160418
63010220040827186X
630102200012147416
630102200311256129
630102200705089060
630102200103119090
630102199804245350
630102200107153990
630102200707317944
63010219990830137X
630102200403050945
630102199904099362
630102200507194935
630102199805309272
630102200703318042
630102199909035173
630102200306234320
630102200008292768
630102200201118454
630102200211112646
630102200001095665
630102200009017266
630102199809034835
630102200203234352
630102200008209661
630102200109055737
630102200402089901
630102200503221246
630102199801187482
630102200002021393
630102200204223604
630102200605257573
630102200208056145
630102200501253260
630102200207268787
63010220020508663X
630102200507039652
630102199912145584
630102200306218195
630102200308035472
630102199803099638
630102200406079161
630102200209130749
630102199904139424
630102199810192902
630102200003309102
63010220070207498X
630102199807285876
630102200511054951
630102200006118846
630102200604231558
630102200401124752
630102200210071512
630102200502267576
630102199905265123
630102200312146247
630102200409058577
63010220040106936X
630102200310209275
630102200103041836
630102200003282384
630102200403292805
630102200408020737
630102200010021000
630102200312308365
630102200010134419
630102200606203729
630102200212207559
630102200408285436
630102200110060293
630102200406207856
630102200103143664
630102200705107409
630102199904069876
630102200202260532
630102200409271618
630102200004254086
630102200506033216
630102199809100740
630102200204143161
630102199911236126
630102200411119156
630102200312239785
63010220000910065X
630102200208122122
630102200510317836
630102200102185598
630102200208256892
630102200102079410
630102200605092916
630102200205202637
630102200705260112
630102200602060361
630102199802036643
630102200506209007
630102200704013769
630102200603222537
630102200104154314
630102200109010336
630102200601049515
630102200010262891
630102200012206420
630102200707018207
630102200401276617
63010220050201339X
630102200603249318
63010220050829847X
630102200506027510
630102200709042171
630102200109175018
630102200312130245
630102199905171944
630102200509086188
630102200511036980
630102200210184904
63010219990623285X
630102199902167931
630102200607131261
630102200002193929
630102200308048935
630102200609298399
630102200310038496
630102200405235193
630102200006152040
630102200307101669
630102200610203705
630102199911135165
630102200201238536
630102199912182879
63010220000530652X
630102200608161980
630102200211302140
630102199801099837
630102200011165436
630102200206287986
630102199906184472
630102200511142652
630102200601280098
630102200109276038
630102199808068419
630102199811307636
630102200504050469
630102200302262826
630102200103063429
630102200411096935
630102200407159366
630102200009253752
630102200207152397
630102200109214232
630102200704205736
630102199911145865
630102200210122164
630102200310175300
630102200412289990
630102199907068641
630102199803270941
630102200702223500
630102200608111676
630102200309179662
630102200411247449
630102200009111287
630102200109221686
630102200511113675
630102200704219118
630102200503060307
630102200611290062
630102200101220910
630102199907229564
630102199810158747
630102199801134145
630102200705135880
630102199712071381
630102199801049872
630102200107064832
630102200010313249
630102200106060581
630102200607257526
630102200405125883
630102200604109763
630102200507098417
630102200407150935
630102200512048561
630102199902048975
630102199801101175
630102200001030482
630102199801163878
630102200505085188
630102200212209466
630102200703197738
630102200709087169
630102200110264923
630102199901239569
63010220001026757X
630102200509196176
630102200408141854
630102200201108053
630102200601110806
630102200701076334
630102199908309785
630102200207249455
630102199811233796
63010220051123774X
630102199911061813
630102199906026669
630102200012012167
630102200509231760
630102200404163474
630102200304202800
630102199812177028
630102200406290442
630102200408108915
630102200509110416
630102199903113476
630102200106233366
630102200709241883
630102200006259198
630102200208162300
630102200203079903
63010220040713920X
630102200404090877
630102200511090987
630102200704308831
630102200204166275
63010220070824533X
630102200005234335
630102200311204927
630102199711147188
630102200509058304
63010220010612723X
630102200403251616
630102200006093554
630102200002120818
630102200704012731
630102200207276963
630102199901118839
630102199803252639
630102200210103617
630102200009292006
630102200204141916
630102200306243024
630102200608231061
630102200205312588
63010220060223902X
630102200407120058
630102200401206563
630102200109214953
630102200407196634
630102199810227351
630102199711111118
630102200109250719
630102200601053450
630102200109204739
630102200508134248
630102200111205765
630102200507010358
630102199902277380
630102200604226150
630102200505139764
630102200608255055
630102200208318635
630102199810215131
63010220031231866X
630102199801047260
630102199809049527
630102200106013603
630102200312258898
63010220040906028X
630102200303254932
630102200404033880
630102200101141630
630102200504022599
630102200106168015
630102199804235451
630102200303108089
630102199805175147
630102199902173610
630102200510240752
630102200309079311
630102199805303487
630102200612070934
630102200611184294
630102200307162023
630102200705110958
630102200508300090
630102199803031668
630102199809244613
63010220041025505X
630102200703305647
630102200401059970
630102200609189336
630102200202173009
630102200506275549
630102200404174966
630102200501101814
630102199711278313
630102199812286216
630102200209090310
630102200506213890
630102200610180814
630102200402052199
630102199805100989
630102200612085554
630102200603170191
630102200308034891
630102200702092176
630102200408039761
630102200707047286
630102200411219587
630102200310127560
630102200010255704
630102200009087360
63010220020428030X
63010220030415233X
63010220060726075X
630102200303193017
630102199810069680
630102200011242817
630102199809011799
630102200008199328
630102200601257429
630102200407187914
630102200705078636
630102199804153202
630102200002186374
630102199904201224
630102200508058302
630102199710075127
630102200012067926
630102200301106485
63010220010606964X
630102200209228260
630102200512144713
630102200001246945
630102199806181565
630102199909022137
630102200406181393
630102200610109102
630102200706121579
630102200101028689
630102200003310226
630102199803052514
630102199711121535
630102200504124886
630102200408184520
630102200303211385
630102200101102543
630102200604069693
630102200403052844
630102200107018078
630102200701238284
630102199901316990
630102200104275247
630102200309102569
630102200709278766
630102199809288042
630102200212205318
63010220020625587X
630102199810128919
630102200603297942
630102200608073198
630102200210160013
630102200201082455
630102200212259252
630102200112045177
630102199903173049
630102200209115362
630102200502056007
63010220000131993X
630102200110081924
630102200109233265
63010220070821746X
630102200311250464
630102200402068617
630102199805319809
630102199907284926
630102200204011230
630102200208254053
630102200507311329
630102200511163824
630102200406121286
630102200108253280
630102200301140827
630102199910019891
630102200504090196
630102200305143443
630102200006192296
630102200409155879
630102200612027477
630102200403224028
630102199909284831
630102199802128572
630102200401217043
630102200303055650
630102200111113035
630102200609050940
630102200402289532
630102200101209439
630102199908062305
630102200101057543
630102200409309671
630102200510119143
630102199909270421
630102200509107137
630102200303199953
630102200408276070
630102200607255512
630102200610317438
630102200111220869
630102200010102070
630102200101266847
630102200405177130
630102200007225432
630102200706227939
630102199805177804
630102200706195578
630102200304055353
63010220000105314X
630102200412235757
630102200010062072
630102199902210258
630102200303314704
630102200607033485
630102200106135977
630102200204301617
630102200702207455
630102200509236502
630102199812011140
630102199801263596
630102200209031273
630102200101114317
630102200511153271
630102200001311786
630102199807295708
630102200212058880
630102200211010447
630102200604209959
630102200103018804
630102200505151536
630102200106230907
630102200202168189
63010219990803016X
630102199910224086
630102200303318991
630102200008229611
630102200505257453
630102200109193996
630102200004117348
630102200405044979
630102200606177719
630102200610221487
630102200304100820
630102200105243706
630102200103173716
630102199905046289
630102200703095301
630102200110151179
630102199905224540
630102200203046060
630102200602076750
630102200507014172
63010220010228342X
63010220050613202X
630102200612012996
630102200002116915
630102199903065865
630102200201302630
630102199907311701
630102199812068614
630102200608049382
630102199804070853
630102200304190088
630102200502286099
630102199811295647
630102200412311916
63010220041101352X
630102199806269049
630102199808062869
630102200107277715
630102200312190045
630102200607283978
630102200305282347
630102199710070377
630102200405235070
630102200608098619
630102200210153702
630102200209108090
630102200209091495
630102200004035086
630102200708017548
630102200112136626
630102200305140904
630102200601165145
630102200703302411
630102200003014697
630102200511051558
630102200707099668
630102200404184259
630102200006274443
630102200702129653
630102200509302741
630102199712248810
630102199801282930
630102200503115259
630102200402214725
630102200412228055
630102199912046762
630102200002141301
630102200003315385
630102199902040367
630102200006021905
630102200004059985
630102200506021805
630102200008230524
63010220020324100X
63010220021227695X
63010220070605787X
630102200611086918
630102200502156331
630102200112023242
630102200002208940
630102200402092449
63010220060628387X
630102199901309539
630102200607066156
630102199911228708
630102200609285395
630102199809104944
630102200003236185
630102200405249309
63010220030824985X
630102200008244467
630102200307042769
630102200304233391
630102200301096993
13812345678
13987654321
13711223344
13655667788
